"C","CTY","Val"
"cbeef","CHP",0.991120464035372
"cbeef","PAN",0.159147922167638
"cpork","CHP",0.991120464035372
"cpork","PAN",0.159147922167638
"clamb","CHP",0.991120464035372
"clamb","PAN",0.159147922167638
"cmilk","AFG",-3.06895180991686E-8
"cmilk","ARM",2.90724746775984E-7
"cmilk","BEN",-0.0203638269708936
"cmilk","BFA",-0.0203638269708936
"cmilk","BLR",-0.0526769699539244
"cmilk","BTN",-3.06895180991686E-8
"cmilk","CAN",0.000364551062338699
"cmilk","CHP",-5.99744909883219E-5
"cmilk","CIV",-0.0203638269708936
"cmilk","COL",2.09796138805291E-5
"cmilk","CRB",0.00381141175136635
"cmilk","CUB",0.00381141175136635
"cmilk","DOM",0.00381141175136635
"cmilk","FJI",-0.0131347518177703
"cmilk","GHA",-0.0203638269708936
"cmilk","GIN",-0.0203638269708936
"cmilk","GMB",-0.0203638269708936
"cmilk","GNB",-0.0203638269708936
"cmilk","GRL",7.6913545406353E-5
"cmilk","HTI",0.00381141175136635
"cmilk","HUN",3.39655285321287E-8
"cmilk","IRN",9.12124314708749E-5
"cmilk","IRQ",1.2744551765976E-9
"cmilk","ISR",1.2744551765976E-9
"cmilk","ITP",4.85518052425519E-8
"cmilk","JAM",0.00381141175136635
"cmilk","JOR",1.2744551765976E-9
"cmilk","JPN",-4.98603707708217E-7
"cmilk","KGZ",-0.00961966814476115
"cmilk","LAO",0.0074812607297636
"cmilk","LBN",1.2744551765976E-9
"cmilk","LBR",-0.0203638269708936
"cmilk","LSO",-0.0260331676826607
"cmilk","MDA",-0.0014721733691059
"cmilk","MRT",-0.0203638269708936
"cmilk","NAM",-0.0260331676826607
"cmilk","NER",-0.0203638269708936
"cmilk","NGA",-0.0203641321505193
"cmilk","NIC",0.00705920571740482
"cmilk","NOR",-1.53645635875294E-7
"cmilk","NPL",-3.06895180991686E-8
"cmilk","NZL",-0.0100851338274216
"cmilk","OPO",-0.0131347518177703
"cmilk","PAK",-0.000216174589333758
"cmilk","PHL",-0.00873045259481516
"cmilk","PNG",-0.0131347518177703
"cmilk","PSE",1.2744551765976E-9
"cmilk","RAP",1.2744551765976E-9
"cmilk","RUS",-0.058190377984674
"cmilk","SAU",1.2744551765976E-9
"cmilk","SLB",-0.0131347518177703
"cmilk","SLE",-0.0203638269708936
"cmilk","SVN",4.10888851988372E-8
"cmilk","SWZ",-0.0260331676826607
"cmilk","SYR",1.2744551765976E-9
"cmilk","TGO",-0.0203638269708936
"cmilk","TJK",-0.00364544661077947
"cmilk","TKM",-0.00364544661077947
"cmilk","UKR",-0.00147217493388875
"cmilk","USA",-0.000193803399907235
"cmilk","UZB",-0.00364544661077947
"cmilk","VUT",-0.0131347518177703
"cmilk","YEM",1.2744551765976E-9
"cmilk","ZAF",-0.0263699928216325
"cbarl","AUT",0.00520935780024358
"cbarl","BLT",0.014584929116341
"cbarl","BLX",0.00213874577161104
"cbarl","CYP",0.0200075656495207
"cbarl","CZE",0.00514552827519239
"cbarl","DEU",0.00221045464021993
"cbarl","DNK",0.00668849315234798
"cbarl","FNP",0.00780242939929777
"cbarl","FRP",0.00120665409409162
"cbarl","GRC",0.00357817032125496
"cbarl","HUN",0.00433856922732145
"cbarl","IRL",0.000152915776259657
"cbarl","ITP",0.00383849703243218
"cbarl","NLD",0.00648218659007659
"cbarl","POL",0.000911836622783973
"cbarl","PRT",0.000224170495523676
"cbarl","SPP",0.000662268662533028
"cbarl","SVK",0.00171288672358917
"cbarl","SVN",0.00472174856624297
"cbarl","SWE",0.00932861861172716
"cbarl","UKP",0.00209942087318646
"cmaiz","AUT",0.00520935780024358
"cmaiz","BLT",0.014584929116341
"cmaiz","BLX",0.00213874577161104
"cmaiz","CYP",0.0200075656495207
"cmaiz","CZE",0.00514552827519239
"cmaiz","DEU",0.00221045464021993
"cmaiz","DNK",0.00668849315234798
"cmaiz","FNP",0.00780242939929777
"cmaiz","FRP",0.00120665409409162
"cmaiz","GRC",0.00357817032125496
"cmaiz","HUN",0.00433856922732145
"cmaiz","IRL",0.000152915776259657
"cmaiz","ITP",0.00383849703243218
"cmaiz","NLD",0.00648218659007659
"cmaiz","POL",0.000911836622783973
"cmaiz","PRT",0.000224170495523676
"cmaiz","SPP",0.000662268662533028
"cmaiz","SVK",0.00171288672358917
"cmaiz","SVN",0.00472174856624297
"cmaiz","SWE",0.00932861861172716
"cmaiz","UKP",0.00209942087318646
"cmill","AUT",0.00520935780024358
"cmill","BLT",0.014584929116341
"cmill","BLX",0.00213874577161104
"cmill","CYP",0.0200075656495207
"cmill","CZE",0.00514552827519239
"cmill","DEU",0.00221045464021993
"cmill","DNK",0.00668849315234798
"cmill","FNP",0.00780242939929777
"cmill","FRP",0.00120665409409162
"cmill","GRC",0.00357817032125496
"cmill","HUN",0.00433856922732145
"cmill","IRL",0.000152915776259657
"cmill","ITP",0.00383849703243218
"cmill","NLD",0.00648218659007659
"cmill","POL",0.000911836622783973
"cmill","PRT",0.000224170495523676
"cmill","SPP",0.000662268662533028
"cmill","SVK",0.00171288672358917
"cmill","SVN",0.00472174856624297
"cmill","SWE",0.00932861861172716
"cmill","UKP",0.00209942087318646
"csorg","AUT",0.00520935780024358
"csorg","BLT",0.014584929116341
"csorg","BLX",0.00213874577161104
"csorg","CYP",0.0200075656495207
"csorg","CZE",0.00514552827519239
"csorg","DEU",0.00221045464021993
"csorg","DNK",0.00668849315234798
"csorg","FNP",0.00780242939929777
"csorg","FRP",0.00120665409409162
"csorg","GRC",0.00357817032125496
"csorg","HUN",0.00433856922732145
"csorg","IRL",0.000152915776259657
"csorg","ITP",0.00383849703243218
"csorg","NLD",0.00648218659007659
"csorg","POL",0.000911836622783973
"csorg","PRT",0.000224170495523676
"csorg","SPP",0.000662268662533028
"csorg","SVK",0.00171288672358917
"csorg","SVN",0.00472174856624297
"csorg","SWE",0.00932861861172716
"csorg","UKP",0.00209942087318646
"cocer","AUT",0.00520935780024358
"cocer","BLT",0.014584929116341
"cocer","BLX",0.00213874577161104
"cocer","CYP",0.0200075656495207
"cocer","CZE",0.00514552827519239
"cocer","DEU",0.00221045464021993
"cocer","DNK",0.00668849315234798
"cocer","FNP",0.00780242939929777
"cocer","FRP",0.00120665409409162
"cocer","GRC",0.00357817032125496
"cocer","HUN",0.00433856922732145
"cocer","IRL",0.000152915776259657
"cocer","ITP",0.00383849703243218
"cocer","NLD",0.00648218659007659
"cocer","POL",0.000911836622783973
"cocer","PRT",0.000224170495523676
"cocer","SPP",0.000662268662533028
"cocer","SVK",0.00171288672358917
"cocer","SVN",0.00472174856624297
"cocer","SWE",0.00932861861172716
"cocer","UKP",0.00209942087318646
"ccass","AUT",0.000226517583564392
"ccass","BLT",0.000223300981924998
"ccass","BLX",8.71674190569227E-5
"ccass","CHP",2.36670761653342
"ccass","CYP",0.000207899185409423
"ccass","CZE",8.99052404322923E-5
"ccass","DEU",0.000106640998033503
"ccass","DNK",0.000441760069734837
"ccass","FNP",0.000162568830244987
"ccass","FRP",0.00018308323006578
"ccass","GRC",0.000292252427169282
"ccass","HUN",0.000114384890625891
"ccass","IRL",2.02904057888008E-5
"ccass","IRQ",0.000361481228100131
"ccass","ISR",0.000361481228100131
"ccass","ITP",0.000193740620867537
"ccass","JOR",0.000361481228100131
"ccass","LBN",0.000361481228100131
"ccass","MOR",5.96046450370669E-6
"ccass","NLD",0.000196408433897301
"ccass","PAN",0.000633954994756655
"ccass","POL",0.000382651773020827
"ccass","PRT",0.000146615780208298
"ccass","PSE",0.000361481228100131
"ccass","RAP",0.000361481228100131
"ccass","SAU",0.000361481228100131
"ccass","SPP",8.86309135517268E-5
"ccass","SVK",0.000175694687233198
"ccass","SVN",0.000473828808942335
"ccass","SWE",0.000259866172460008
"ccass","SYR",0.000361481228100131
"ccass","TUN",0.0389480589173917
"ccass","UKP",0.000272524562773166
"ccass","YEM",0.000361481228100131
"cpota","AUT",0.000226517583564392
"cpota","BLT",0.000223300981924998
"cpota","BLX",8.71674190569227E-5
"cpota","CHP",2.36670761653342
"cpota","CYP",0.000207899185409423
"cpota","CZE",8.99052404322923E-5
"cpota","DEU",0.000106640998033503
"cpota","DNK",0.000441760069734837
"cpota","FNP",0.000162568830244987
"cpota","FRP",0.00018308323006578
"cpota","GRC",0.000292252427169282
"cpota","HUN",0.000114384890625891
"cpota","IRL",2.02904057888008E-5
"cpota","IRQ",0.000361481228100131
"cpota","ISR",0.000361481228100131
"cpota","ITP",0.000193740620867537
"cpota","JOR",0.000361481228100131
"cpota","LBN",0.000361481228100131
"cpota","MOR",5.96046450370669E-6
"cpota","NLD",0.000196408433897301
"cpota","PAN",0.000633954994756655
"cpota","POL",0.000382651773020827
"cpota","PRT",0.000146615780208298
"cpota","PSE",0.000361481228100131
"cpota","RAP",0.000361481228100131
"cpota","SAU",0.000361481228100131
"cpota","SPP",8.86309135517268E-5
"cpota","SVK",0.000175694687233198
"cpota","SVN",0.000473828808942335
"cpota","SWE",0.000259866172460008
"cpota","SYR",0.000361481228100131
"cpota","TUN",0.0389480589173917
"cpota","UKP",0.000272524562773166
"cpota","YEM",0.000361481228100131
"cswpt","AUT",0.000226517583564392
"cswpt","BLT",0.000223300981924998
"cswpt","BLX",8.71674190569227E-5
"cswpt","CHP",2.36670761653342
"cswpt","CYP",0.000207899185409423
"cswpt","CZE",8.99052404322923E-5
"cswpt","DEU",0.000106640998033503
"cswpt","DNK",0.000441760069734837
"cswpt","FNP",0.000162568830244987
"cswpt","FRP",0.00018308323006578
"cswpt","GRC",0.000292252427169282
"cswpt","HUN",0.000114384890625891
"cswpt","IRL",2.02904057888008E-5
"cswpt","IRQ",0.000361481228100131
"cswpt","ISR",0.000361481228100131
"cswpt","ITP",0.000193740620867537
"cswpt","JOR",0.000361481228100131
"cswpt","LBN",0.000361481228100131
"cswpt","MOR",5.96046450370669E-6
"cswpt","NLD",0.000196408433897301
"cswpt","PAN",0.000633954994756655
"cswpt","POL",0.000382651773020827
"cswpt","PRT",0.000146615780208298
"cswpt","PSE",0.000361481228100131
"cswpt","RAP",0.000361481228100131
"cswpt","SAU",0.000361481228100131
"cswpt","SPP",8.86309135517268E-5
"cswpt","SVK",0.000175694687233198
"cswpt","SVN",0.000473828808942335
"cswpt","SWE",0.000259866172460008
"cswpt","SYR",0.000361481228100131
"cswpt","TUN",0.0389480589173917
"cswpt","UKP",0.000272524562773166
"cswpt","YEM",0.000361481228100131
"cyams","AUT",0.000226517583564392
"cyams","BLT",0.000223300981924998
"cyams","BLX",8.71674190569227E-5
"cyams","CHP",2.36670761653342
"cyams","CYP",0.000207899185409423
"cyams","CZE",8.99052404322923E-5
"cyams","DEU",0.000106640998033503
"cyams","DNK",0.000441760069734837
"cyams","FNP",0.000162568830244987
"cyams","FRP",0.00018308323006578
"cyams","GRC",0.000292252427169282
"cyams","HUN",0.000114384890625891
"cyams","IRL",2.02904057888008E-5
"cyams","IRQ",0.000361481228100131
"cyams","ISR",0.000361481228100131
"cyams","ITP",0.000193740620867537
"cyams","JOR",0.000361481228100131
"cyams","LBN",0.000361481228100131
"cyams","MOR",5.96046450370669E-6
"cyams","NLD",0.000196408433897301
"cyams","PAN",0.000633954994756655
"cyams","POL",0.000382651773020827
"cyams","PRT",0.000146615780208298
"cyams","PSE",0.000361481228100131
"cyams","RAP",0.000361481228100131
"cyams","SAU",0.000361481228100131
"cyams","SPP",8.86309135517268E-5
"cyams","SVK",0.000175694687233198
"cyams","SVN",0.000473828808942335
"cyams","SWE",0.000259866172460008
"cyams","SYR",0.000361481228100131
"cyams","TUN",0.0389480589173917
"cyams","UKP",0.000272524562773166
"cyams","YEM",0.000361481228100131
"corat","AUT",0.000226517583564392
"corat","BLT",0.000223300981924998
"corat","BLX",8.71674190569227E-5
"corat","CHP",2.36670761653342
"corat","CYP",0.000207899185409423
"corat","CZE",8.99052404322923E-5
"corat","DEU",0.000106640998033503
"corat","DNK",0.000441760069734837
"corat","FNP",0.000162568830244987
"corat","FRP",0.00018308323006578
"corat","GRC",0.000292252427169282
"corat","HUN",0.000114384890625891
"corat","IRL",2.02904057888008E-5
"corat","IRQ",0.000361481228100131
"corat","ISR",0.000361481228100131
"corat","ITP",0.000193740620867537
"corat","JOR",0.000361481228100131
"corat","LBN",0.000361481228100131
"corat","MOR",5.96046450370669E-6
"corat","NLD",0.000196408433897301
"corat","PAN",0.000633954994756655
"corat","POL",0.000382651773020827
"corat","PRT",0.000146615780208298
"corat","PSE",0.000361481228100131
"corat","RAP",0.000361481228100131
"corat","SAU",0.000361481228100131
"corat","SPP",8.86309135517268E-5
"corat","SVK",0.000175694687233198
"corat","SVN",0.000473828808942335
"corat","SWE",0.000259866172460008
"corat","SYR",0.000361481228100131
"corat","TUN",0.0389480589173917
"corat","UKP",0.000272524562773166
"corat","YEM",0.000361481228100131
"cbean","AUT",0.000226517583564392
"cbean","BLT",0.000223300981924998
"cbean","BLX",8.71674190569227E-5
"cbean","CHP",2.36670761653342
"cbean","CYP",0.000207899185409423
"cbean","CZE",8.99052404322923E-5
"cbean","DEU",0.000106640998033503
"cbean","DNK",0.000441760069734837
"cbean","FNP",0.000162568830244987
"cbean","FRP",0.00018308323006578
"cbean","GRC",0.000292252427169282
"cbean","HUN",0.000114384890625891
"cbean","IRL",2.02904057888008E-5
"cbean","IRQ",0.000361481228100131
"cbean","ISR",0.000361481228100131
"cbean","ITP",0.000193740620867537
"cbean","JOR",0.000361481228100131
"cbean","LBN",0.000361481228100131
"cbean","MOR",5.96046450370669E-6
"cbean","NLD",0.000196408433897301
"cbean","PAN",0.000633954994756655
"cbean","POL",0.000382651773020827
"cbean","PRT",0.000146615780208298
"cbean","PSE",0.000361481228100131
"cbean","RAP",0.000361481228100131
"cbean","SAU",0.000361481228100131
"cbean","SPP",8.86309135517268E-5
"cbean","SVK",0.000175694687233198
"cbean","SVN",0.000473828808942335
"cbean","SWE",0.000259866172460008
"cbean","SYR",0.000361481228100131
"cbean","TUN",0.0389480589173917
"cbean","UKP",0.000272524562773166
"cbean","YEM",0.000361481228100131
"cchkp","AUT",0.000226517583564392
"cchkp","BLT",0.000223300981924998
"cchkp","BLX",8.71674190569227E-5
"cchkp","CHP",2.36670761653342
"cchkp","CYP",0.000207899185409423
"cchkp","CZE",8.99052404322923E-5
"cchkp","DEU",0.000106640998033503
"cchkp","DNK",0.000441760069734837
"cchkp","FNP",0.000162568830244987
"cchkp","FRP",0.00018308323006578
"cchkp","GRC",0.000292252427169282
"cchkp","HUN",0.000114384890625891
"cchkp","IRL",2.02904057888008E-5
"cchkp","IRQ",0.000361481228100131
"cchkp","ISR",0.000361481228100131
"cchkp","ITP",0.000193740620867537
"cchkp","JOR",0.000361481228100131
"cchkp","LBN",0.000361481228100131
"cchkp","MOR",5.96046450370669E-6
"cchkp","NLD",0.000196408433897301
"cchkp","PAN",0.000633954994756655
"cchkp","POL",0.000382651773020827
"cchkp","PRT",0.000146615780208298
"cchkp","PSE",0.000361481228100131
"cchkp","RAP",0.000361481228100131
"cchkp","SAU",0.000361481228100131
"cchkp","SPP",8.86309135517268E-5
"cchkp","SVK",0.000175694687233198
"cchkp","SVN",0.000473828808942335
"cchkp","SWE",0.000259866172460008
"cchkp","SYR",0.000361481228100131
"cchkp","TUN",0.0389480589173917
"cchkp","UKP",0.000272524562773166
"cchkp","YEM",0.000361481228100131
"ccowp","AUT",0.000226517583564392
"ccowp","BLT",0.000223300981924998
"ccowp","BLX",8.71674190569227E-5
"ccowp","CHP",2.36670761653342
"ccowp","CYP",0.000207899185409423
"ccowp","CZE",8.99052404322923E-5
"ccowp","DEU",0.000106640998033503
"ccowp","DNK",0.000441760069734837
"ccowp","FNP",0.000162568830244987
"ccowp","FRP",0.00018308323006578
"ccowp","GRC",0.000292252427169282
"ccowp","HUN",0.000114384890625891
"ccowp","IRL",2.02904057888008E-5
"ccowp","IRQ",0.000361481228100131
"ccowp","ISR",0.000361481228100131
"ccowp","ITP",0.000193740620867537
"ccowp","JOR",0.000361481228100131
"ccowp","LBN",0.000361481228100131
"ccowp","MOR",5.96046450370669E-6
"ccowp","NLD",0.000196408433897301
"ccowp","PAN",0.000633954994756655
"ccowp","POL",0.000382651773020827
"ccowp","PRT",0.000146615780208298
"ccowp","PSE",0.000361481228100131
"ccowp","RAP",0.000361481228100131
"ccowp","SAU",0.000361481228100131
"ccowp","SPP",8.86309135517268E-5
"ccowp","SVK",0.000175694687233198
"ccowp","SVN",0.000473828808942335
"ccowp","SWE",0.000259866172460008
"ccowp","SYR",0.000361481228100131
"ccowp","TUN",0.0389480589173917
"ccowp","UKP",0.000272524562773166
"ccowp","YEM",0.000361481228100131
"clent","AUT",0.000226517583564392
"clent","BLT",0.000223300981924998
"clent","BLX",8.71674190569227E-5
"clent","CHP",2.36670761653342
"clent","CYP",0.000207899185409423
"clent","CZE",8.99052404322923E-5
"clent","DEU",0.000106640998033503
"clent","DNK",0.000441760069734837
"clent","FNP",0.000162568830244987
"clent","FRP",0.00018308323006578
"clent","GRC",0.000292252427169282
"clent","HUN",0.000114384890625891
"clent","IRL",2.02904057888008E-5
"clent","IRQ",0.000361481228100131
"clent","ISR",0.000361481228100131
"clent","ITP",0.000193740620867537
"clent","JOR",0.000361481228100131
"clent","LBN",0.000361481228100131
"clent","MOR",5.96046450370669E-6
"clent","NLD",0.000196408433897301
"clent","PAN",0.000633954994756655
"clent","POL",0.000382651773020827
"clent","PRT",0.000146615780208298
"clent","PSE",0.000361481228100131
"clent","RAP",0.000361481228100131
"clent","SAU",0.000361481228100131
"clent","SPP",8.86309135517268E-5
"clent","SVK",0.000175694687233198
"clent","SVN",0.000473828808942335
"clent","SWE",0.000259866172460008
"clent","SYR",0.000361481228100131
"clent","TUN",0.0389480589173917
"clent","UKP",0.000272524562773166
"clent","YEM",0.000361481228100131
"cpigp","AUT",0.000226517583564392
"cpigp","BLT",0.000223300981924998
"cpigp","BLX",8.71674190569227E-5
"cpigp","CHP",2.36670761653342
"cpigp","CYP",0.000207899185409423
"cpigp","CZE",8.99052404322923E-5
"cpigp","DEU",0.000106640998033503
"cpigp","DNK",0.000441760069734837
"cpigp","FNP",0.000162568830244987
"cpigp","FRP",0.00018308323006578
"cpigp","GRC",0.000292252427169282
"cpigp","HUN",0.000114384890625891
"cpigp","IRL",2.02904057888008E-5
"cpigp","IRQ",0.000361481228100131
"cpigp","ISR",0.000361481228100131
"cpigp","ITP",0.000193740620867537
"cpigp","JOR",0.000361481228100131
"cpigp","LBN",0.000361481228100131
"cpigp","MOR",5.96046450370669E-6
"cpigp","NLD",0.000196408433897301
"cpigp","PAN",0.000633954994756655
"cpigp","POL",0.000382651773020827
"cpigp","PRT",0.000146615780208298
"cpigp","PSE",0.000361481228100131
"cpigp","RAP",0.000361481228100131
"cpigp","SAU",0.000361481228100131
"cpigp","SPP",8.86309135517268E-5
"cpigp","SVK",0.000175694687233198
"cpigp","SVN",0.000473828808942335
"cpigp","SWE",0.000259866172460008
"cpigp","SYR",0.000361481228100131
"cpigp","TUN",0.0389480589173917
"cpigp","UKP",0.000272524562773166
"cpigp","YEM",0.000361481228100131
"copul","AUT",0.000226517583564392
"copul","BLT",0.000223300981924998
"copul","BLX",8.71674190569227E-5
"copul","CHP",2.36670761653342
"copul","CYP",0.000207899185409423
"copul","CZE",8.99052404322923E-5
"copul","DEU",0.000106640998033503
"copul","DNK",0.000441760069734837
"copul","FNP",0.000162568830244987
"copul","FRP",0.00018308323006578
"copul","GRC",0.000292252427169282
"copul","HUN",0.000114384890625891
"copul","IRL",2.02904057888008E-5
"copul","IRQ",0.000361481228100131
"copul","ISR",0.000361481228100131
"copul","ITP",0.000193740620867537
"copul","JOR",0.000361481228100131
"copul","LBN",0.000361481228100131
"copul","MOR",5.96046450370669E-6
"copul","NLD",0.000196408433897301
"copul","PAN",0.000633954994756655
"copul","POL",0.000382651773020827
"copul","PRT",0.000146615780208298
"copul","PSE",0.000361481228100131
"copul","RAP",0.000361481228100131
"copul","SAU",0.000361481228100131
"copul","SPP",8.86309135517268E-5
"copul","SVK",0.000175694687233198
"copul","SVN",0.000473828808942335
"copul","SWE",0.000259866172460008
"copul","SYR",0.000361481228100131
"copul","TUN",0.0389480589173917
"copul","UKP",0.000272524562773166
"copul","YEM",0.000361481228100131
"cbana","AUT",0.000226517583564392
"cbana","BLT",0.000223300981924998
"cbana","BLX",8.71674190569227E-5
"cbana","CHP",2.36670761653342
"cbana","CYP",0.000207899185409423
"cbana","CZE",8.99052404322923E-5
"cbana","DEU",0.000106640998033503
"cbana","DNK",0.000441760069734837
"cbana","FNP",0.000162568830244987
"cbana","FRP",0.00018308323006578
"cbana","GRC",0.000292252427169282
"cbana","HUN",0.000114384890625891
"cbana","IRL",2.02904057888008E-5
"cbana","IRQ",0.000361481228100131
"cbana","ISR",0.000361481228100131
"cbana","ITP",0.000193740620867537
"cbana","JOR",0.000361481228100131
"cbana","LBN",0.000361481228100131
"cbana","MOR",5.96046450370669E-6
"cbana","NLD",0.000196408433897301
"cbana","PAN",0.000633954994756655
"cbana","POL",0.000382651773020827
"cbana","PRT",0.000146615780208298
"cbana","PSE",0.000361481228100131
"cbana","RAP",0.000361481228100131
"cbana","SAU",0.000361481228100131
"cbana","SPP",8.86309135517268E-5
"cbana","SVK",0.000175694687233198
"cbana","SVN",0.000473828808942335
"cbana","SWE",0.000259866172460008
"cbana","SYR",0.000361481228100131
"cbana","TUN",0.0389480589173917
"cbana","UKP",0.000272524562773166
"cbana","YEM",0.000361481228100131
"cplnt","AUT",0.000226517583564392
"cplnt","BLT",0.000223300981924998
"cplnt","BLX",8.71674190569227E-5
"cplnt","CHP",2.36670761653342
"cplnt","CYP",0.000207899185409423
"cplnt","CZE",8.99052404322923E-5
"cplnt","DEU",0.000106640998033503
"cplnt","DNK",0.000441760069734837
"cplnt","FNP",0.000162568830244987
"cplnt","FRP",0.00018308323006578
"cplnt","GRC",0.000292252427169282
"cplnt","HUN",0.000114384890625891
"cplnt","IRL",2.02904057888008E-5
"cplnt","IRQ",0.000361481228100131
"cplnt","ISR",0.000361481228100131
"cplnt","ITP",0.000193740620867537
"cplnt","JOR",0.000361481228100131
"cplnt","LBN",0.000361481228100131
"cplnt","MOR",5.96046450370669E-6
"cplnt","NLD",0.000196408433897301
"cplnt","PAN",0.000633954994756655
"cplnt","POL",0.000382651773020827
"cplnt","PRT",0.000146615780208298
"cplnt","PSE",0.000361481228100131
"cplnt","RAP",0.000361481228100131
"cplnt","SAU",0.000361481228100131
"cplnt","SPP",8.86309135517268E-5
"cplnt","SVK",0.000175694687233198
"cplnt","SVN",0.000473828808942335
"cplnt","SWE",0.000259866172460008
"cplnt","SYR",0.000361481228100131
"cplnt","TUN",0.0389480589173917
"cplnt","UKP",0.000272524562773166
"cplnt","YEM",0.000361481228100131
"csubf","AUT",0.000226517583564392
"csubf","BLT",0.000223300981924998
"csubf","BLX",8.71674190569227E-5
"csubf","CHP",2.36670761653342
"csubf","CYP",0.000207899185409423
"csubf","CZE",8.99052404322923E-5
"csubf","DEU",0.000106640998033503
"csubf","DNK",0.000441760069734837
"csubf","FNP",0.000162568830244987
"csubf","FRP",0.00018308323006578
"csubf","GRC",0.000292252427169282
"csubf","HUN",0.000114384890625891
"csubf","IRL",2.02904057888008E-5
"csubf","IRQ",0.000361481228100131
"csubf","ISR",0.000361481228100131
"csubf","ITP",0.000193740620867537
"csubf","JOR",0.000361481228100131
"csubf","LBN",0.000361481228100131
"csubf","MOR",5.96046450370669E-6
"csubf","NLD",0.000196408433897301
"csubf","PAN",0.000633954994756655
"csubf","POL",0.000382651773020827
"csubf","PRT",0.000146615780208298
"csubf","PSE",0.000361481228100131
"csubf","RAP",0.000361481228100131
"csubf","SAU",0.000361481228100131
"csubf","SPP",8.86309135517268E-5
"csubf","SVK",0.000175694687233198
"csubf","SVN",0.000473828808942335
"csubf","SWE",0.000259866172460008
"csubf","SYR",0.000361481228100131
"csubf","TUN",0.0389480589173917
"csubf","UKP",0.000272524562773166
"csubf","YEM",0.000361481228100131
"ctemf","AUT",0.000226517583564392
"ctemf","BLT",0.000223300981924998
"ctemf","BLX",8.71674190569227E-5
"ctemf","CHP",2.36670761653342
"ctemf","CYP",0.000207899185409423
"ctemf","CZE",8.99052404322923E-5
"ctemf","DEU",0.000106640998033503
"ctemf","DNK",0.000441760069734837
"ctemf","FNP",0.000162568830244987
"ctemf","FRP",0.00018308323006578
"ctemf","GRC",0.000292252427169282
"ctemf","HUN",0.000114384890625891
"ctemf","IRL",2.02904057888008E-5
"ctemf","IRQ",0.000361481228100131
"ctemf","ISR",0.000361481228100131
"ctemf","ITP",0.000193740620867537
"ctemf","JOR",0.000361481228100131
"ctemf","LBN",0.000361481228100131
"ctemf","MOR",5.96046450370669E-6
"ctemf","NLD",0.000196408433897301
"ctemf","PAN",0.000633954994756655
"ctemf","POL",0.000382651773020827
"ctemf","PRT",0.000146615780208298
"ctemf","PSE",0.000361481228100131
"ctemf","RAP",0.000361481228100131
"ctemf","SAU",0.000361481228100131
"ctemf","SPP",8.86309135517268E-5
"ctemf","SVK",0.000175694687233198
"ctemf","SVN",0.000473828808942335
"ctemf","SWE",0.000259866172460008
"ctemf","SYR",0.000361481228100131
"ctemf","TUN",0.0389480589173917
"ctemf","UKP",0.000272524562773166
"ctemf","YEM",0.000361481228100131
"cvege","AUT",0.000226517583564392
"cvege","BLT",0.000223300981924998
"cvege","BLX",8.71674190569227E-5
"cvege","CHP",2.36670761653342
"cvege","CYP",0.000207899185409423
"cvege","CZE",8.99052404322923E-5
"cvege","DEU",0.000106640998033503
"cvege","DNK",0.000441760069734837
"cvege","FNP",0.000162568830244987
"cvege","FRP",0.00018308323006578
"cvege","GRC",0.000292252427169282
"cvege","HUN",0.000114384890625891
"cvege","IRL",2.02904057888008E-5
"cvege","IRQ",0.000361481228100131
"cvege","ISR",0.000361481228100131
"cvege","ITP",0.000193740620867537
"cvege","JOR",0.000361481228100131
"cvege","LBN",0.000361481228100131
"cvege","MOR",5.96046450370669E-6
"cvege","NLD",0.000196408433897301
"cvege","PAN",0.000633954994756655
"cvege","POL",0.000382651773020827
"cvege","PRT",0.000146615780208298
"cvege","PSE",0.000361481228100131
"cvege","RAP",0.000361481228100131
"cvege","SAU",0.000361481228100131
"cvege","SPP",8.86309135517268E-5
"cvege","SVK",0.000175694687233198
"cvege","SVN",0.000473828808942335
"cvege","SWE",0.000259866172460008
"cvege","SYR",0.000361481228100131
"cvege","TUN",0.0389480589173917
"cvege","UKP",0.000272524562773166
"cvege","YEM",0.000361481228100131
"csugr","AUT",0.127784684700457
"csugr","BLT",0.155199835644116
"csugr","BLX",0.173467739873083
"csugr","CYP",0.00065568513957697
"csugr","CZE",0.0194670356254894
"csugr","DEU",0.0982286493405452
"csugr","DNK",0.200687961272421
"csugr","FNP",0.14427075801967
"csugr","FRP",0.0793271484835774
"csugr","GRC",0.231786948380723
"csugr","HUN",0.152802063373918
"csugr","IRL",0.129635856573261
"csugr","ITP",0.0622721682707949
"csugr","NLD",0.0650161071627903
"csugr","PAN",0.0255980467979312
"csugr","POL",0.102014122954162
"csugr","PRT",0.0397376550522213
"csugr","SPP",0.188188054997176
"csugr","SVK",0.0160849638018934
"csugr","SVN",0.0864795463265829
"csugr","SWE",0.0796455994723291
"csugr","UKP",0.174008160236018
