"J","JJ","CTY","Val"
"jbeef","jbeef","AFG",0.352
"jbeef","jbeef","AGO",0.33
"jbeef","jbeef","ALB",0.33
"jbeef","jbeef","ARG",0.55
"jbeef","jbeef","ARM",0.275
"jbeef","jbeef","AUS",0.495
"jbeef","jbeef","AUT",0.385
"jbeef","jbeef","AZE",0.275
"jbeef","jbeef","BDI",0.385
"jbeef","jbeef","BEN",0.275
"jbeef","jbeef","BFA",0.33
"jbeef","jbeef","BGD",0.374
"jbeef","jbeef","BGR",0.33
"jbeef","jbeef","BLR",0.275
"jbeef","jbeef","BLT",0.275
"jbeef","jbeef","BLX",0.385
"jbeef","jbeef","BLZ",0.484
"jbeef","jbeef","BOL",0.484
"jbeef","jbeef","BRA",0.55
"jbeef","jbeef","BTN",0.352
"jbeef","jbeef","BWA",0.33
"jbeef","jbeef","CAF",0.275
"jbeef","jbeef","CAN",0.418
"jbeef","jbeef","CHL",0.484
"jbeef","jbeef","CHM",0.33
"jbeef","jbeef","CHP",0.385
"jbeef","jbeef","CIV",0.275
"jbeef","jbeef","CMR",0.275
"jbeef","jbeef","COD",0.275
"jbeef","jbeef","COG",0.275
"jbeef","jbeef","COL",0.231
"jbeef","jbeef","CRB",0.275
"jbeef","jbeef","CRI",0.484
"jbeef","jbeef","CUB",0.484
"jbeef","jbeef","CYP",0.231
"jbeef","jbeef","CZE",0.33
"jbeef","jbeef","DEU",0.385
"jbeef","jbeef","DJI",0.33
"jbeef","jbeef","DNK",0.385
"jbeef","jbeef","DOM",0.484
"jbeef","jbeef","DZA",0.231
"jbeef","jbeef","ECU",0.484
"jbeef","jbeef","EGY",0.352
"jbeef","jbeef","ERI",0.33
"jbeef","jbeef","ETH",0.33
"jbeef","jbeef","FJI",0.275
"jbeef","jbeef","FNP",0.385
"jbeef","jbeef","FRP",0.385
"jbeef","jbeef","GAB",0.275
"jbeef","jbeef","GEO",0.275
"jbeef","jbeef","GHA",0.275
"jbeef","jbeef","GIN",0.275
"jbeef","jbeef","GMB",0.275
"jbeef","jbeef","GNB",0.275
"jbeef","jbeef","GNQ",0.275
"jbeef","jbeef","GRC",0.33
"jbeef","jbeef","GSA",0.484
"jbeef","jbeef","GTM",0.484
"jbeef","jbeef","HND",0.484
"jbeef","jbeef","HRV",0.33
"jbeef","jbeef","HTI",0.484
"jbeef","jbeef","HUN",0.33
"jbeef","jbeef","IDN",0.275
"jbeef","jbeef","IND",0.22
"jbeef","jbeef","IRL",0.385
"jbeef","jbeef","IRN",0.231
"jbeef","jbeef","IRQ",0.231
"jbeef","jbeef","ISL",0.385
"jbeef","jbeef","ISR",0.418
"jbeef","jbeef","ITP",0.385
"jbeef","jbeef","JAM",0.275
"jbeef","jbeef","JOR",0.231
"jbeef","jbeef","JPN",0.33
"jbeef","jbeef","KAZ",0.275
"jbeef","jbeef","KEN",0.385
"jbeef","jbeef","KGZ",0.275
"jbeef","jbeef","KHM",0.165
"jbeef","jbeef","KOR",0.385
"jbeef","jbeef","LAO",0.165
"jbeef","jbeef","LBN",0.231
"jbeef","jbeef","LBR",0.275
"jbeef","jbeef","LBY",0.231
"jbeef","jbeef","LKA",0.352
"jbeef","jbeef","LSO",0.33
"jbeef","jbeef","MDA",0.33
"jbeef","jbeef","MDG",0.33
"jbeef","jbeef","MEX",0.33
"jbeef","jbeef","MLI",0.33
"jbeef","jbeef","MMR",0.176
"jbeef","jbeef","MNG",0.44
"jbeef","jbeef","MOR",0.231
"jbeef","jbeef","MOZ",0.33
"jbeef","jbeef","MRT",0.33
"jbeef","jbeef","MWI",0.33
"jbeef","jbeef","MYS",0.44
"jbeef","jbeef","NAM",0.33
"jbeef","jbeef","NER",0.33
"jbeef","jbeef","NGA",0.275
"jbeef","jbeef","NIC",0.484
"jbeef","jbeef","NLD",0.385
"jbeef","jbeef","NOR",0.385
"jbeef","jbeef","NPL",0.352
"jbeef","jbeef","NZL",0.418
"jbeef","jbeef","OAO",0.275
"jbeef","jbeef","OBN",0.33
"jbeef","jbeef","OIO",0.275
"jbeef","jbeef","OPO",0.275
"jbeef","jbeef","OSA",0.165
"jbeef","jbeef","PAK",0.231
"jbeef","jbeef","PAN",0.484
"jbeef","jbeef","PER",0.484
"jbeef","jbeef","PHL",0.308
"jbeef","jbeef","PNG",0.275
"jbeef","jbeef","POL",0.33
"jbeef","jbeef","PRK",0.44
"jbeef","jbeef","PRT",0.385
"jbeef","jbeef","PRY",0.484
"jbeef","jbeef","PSE",0.275
"jbeef","jbeef","RAP",0.231
"jbeef","jbeef","ROU",0.33
"jbeef","jbeef","RUS",0.275
"jbeef","jbeef","RWA",0.385
"jbeef","jbeef","SAU",0.231
"jbeef","jbeef","SDN",0.33
"jbeef","jbeef","SEN",0.275
"jbeef","jbeef","SLB",0.275
"jbeef","jbeef","SLE",0.275
"jbeef","jbeef","SLV",0.484
"jbeef","jbeef","SOM",0.33
"jbeef","jbeef","SPP",0.385
"jbeef","jbeef","SVK",0.33
"jbeef","jbeef","SVN",0.33
"jbeef","jbeef","SWE",0.385
"jbeef","jbeef","SWZ",0.33
"jbeef","jbeef","SYR",0.231
"jbeef","jbeef","TCD",0.33
"jbeef","jbeef","TGO",0.275
"jbeef","jbeef","THA",0.33
"jbeef","jbeef","TJK",0.275
"jbeef","jbeef","TKM",0.275
"jbeef","jbeef","TLS",0.275
"jbeef","jbeef","TUN",0.231
"jbeef","jbeef","TUR",0.275
"jbeef","jbeef","TZA",0.385
"jbeef","jbeef","UGA",0.385
"jbeef","jbeef","UKP",0.385
"jbeef","jbeef","UKR",0.275
"jbeef","jbeef","URY",0.484
"jbeef","jbeef","USA",0.495
"jbeef","jbeef","UZB",0.275
"jbeef","jbeef","VEN",0.484
"jbeef","jbeef","VNM",0.275
"jbeef","jbeef","VUT",0.275
"jbeef","jbeef","YEM",0.231
"jbeef","jbeef","ZAF",0.418
"jbeef","jbeef","ZMB",0.33
"jbeef","jbeef","ZWE",0.33
"jbeef","jpork","AFG",-0.022
"jbeef","jpork","AGO",-0.022
"jbeef","jpork","ALB",-0.055
"jbeef","jpork","ARM",-0.033
"jbeef","jpork","AUS",-0.033
"jbeef","jpork","AUT",-0.077
"jbeef","jpork","AZE",-0.033
"jbeef","jpork","BDI",-0.022
"jbeef","jpork","BEN",-0.022
"jbeef","jpork","BFA",-0.022
"jbeef","jpork","BGD",-0.022
"jbeef","jpork","BGR",-0.055
"jbeef","jpork","BLR",-0.033
"jbeef","jpork","BLT",-0.033
"jbeef","jpork","BLX",-0.077
"jbeef","jpork","BLZ",-0.011
"jbeef","jpork","BOL",-0.011
"jbeef","jpork","BRA",-0.022
"jbeef","jpork","BTN",-0.022
"jbeef","jpork","BWA",-0.022
"jbeef","jpork","CAF",-0.022
"jbeef","jpork","CAN",-0.033
"jbeef","jpork","CHL",-0.011
"jbeef","jpork","CHM",-0.044
"jbeef","jpork","CHP",-0.077
"jbeef","jpork","CIV",-0.022
"jbeef","jpork","CMR",-0.022
"jbeef","jpork","COD",-0.022
"jbeef","jpork","COG",-0.022
"jbeef","jpork","CRB",-0.022
"jbeef","jpork","CRI",-0.011
"jbeef","jpork","CUB",-0.011
"jbeef","jpork","CZE",-0.055
"jbeef","jpork","DEU",-0.077
"jbeef","jpork","DJI",-0.022
"jbeef","jpork","DNK",-0.077
"jbeef","jpork","DOM",-0.011
"jbeef","jpork","ECU",-0.011
"jbeef","jpork","ERI",-0.022
"jbeef","jpork","ETH",-0.022
"jbeef","jpork","FJI",-0.022
"jbeef","jpork","FNP",-0.077
"jbeef","jpork","FRP",-0.077
"jbeef","jpork","GAB",-0.022
"jbeef","jpork","GEO",-0.033
"jbeef","jpork","GHA",-0.022
"jbeef","jpork","GIN",-0.022
"jbeef","jpork","GMB",-0.022
"jbeef","jpork","GNB",-0.022
"jbeef","jpork","GNQ",-0.022
"jbeef","jpork","GRC",-0.055
"jbeef","jpork","GSA",-0.011
"jbeef","jpork","GTM",-0.011
"jbeef","jpork","HND",-0.011
"jbeef","jpork","HRV",-0.055
"jbeef","jpork","HTI",-0.011
"jbeef","jpork","HUN",-0.055
"jbeef","jpork","IDN",-0.022
"jbeef","jpork","IRL",-0.077
"jbeef","jpork","ISL",-0.077
"jbeef","jpork","ISR",-0.033
"jbeef","jpork","ITP",-0.077
"jbeef","jpork","JAM",-0.022
"jbeef","jpork","JPN",-0.11
"jbeef","jpork","KAZ",-0.033
"jbeef","jpork","KEN",-0.022
"jbeef","jpork","KGZ",-0.033
"jbeef","jpork","KHM",-0.022
"jbeef","jpork","KOR",-0.11
"jbeef","jpork","LAO",-0.022
"jbeef","jpork","LBR",-0.022
"jbeef","jpork","LKA",-0.022
"jbeef","jpork","LSO",-0.022
"jbeef","jpork","MDA",-0.055
"jbeef","jpork","MDG",-0.022
"jbeef","jpork","MEX",-0.055
"jbeef","jpork","MLI",-0.022
"jbeef","jpork","MMR",-0.022
"jbeef","jpork","MNG",-0.11
"jbeef","jpork","MOZ",-0.022
"jbeef","jpork","MRT",-0.022
"jbeef","jpork","MWI",-0.022
"jbeef","jpork","MYS",-0.022
"jbeef","jpork","NAM",-0.022
"jbeef","jpork","NER",-0.022
"jbeef","jpork","NGA",-0.022
"jbeef","jpork","NIC",-0.011
"jbeef","jpork","NLD",-0.077
"jbeef","jpork","NOR",-0.077
"jbeef","jpork","NPL",-0.022
"jbeef","jpork","NZL",-0.033
"jbeef","jpork","OAO",-0.022
"jbeef","jpork","OBN",-0.055
"jbeef","jpork","OIO",-0.022
"jbeef","jpork","OPO",-0.022
"jbeef","jpork","OSA",-0.022
"jbeef","jpork","PAN",-0.011
"jbeef","jpork","PER",-0.011
"jbeef","jpork","PHL",-0.088
"jbeef","jpork","PNG",-0.022
"jbeef","jpork","POL",-0.055
"jbeef","jpork","PRK",-0.11
"jbeef","jpork","PRT",-0.077
"jbeef","jpork","PRY",-0.011
"jbeef","jpork","PSE",-0.022
"jbeef","jpork","ROU",-0.055
"jbeef","jpork","RUS",-0.033
"jbeef","jpork","RWA",-0.022
"jbeef","jpork","SDN",-0.022
"jbeef","jpork","SEN",-0.022
"jbeef","jpork","SLB",-0.022
"jbeef","jpork","SLE",-0.022
"jbeef","jpork","SLV",-0.011
"jbeef","jpork","SOM",-0.022
"jbeef","jpork","SPP",-0.077
"jbeef","jpork","SVK",-0.055
"jbeef","jpork","SVN",-0.055
"jbeef","jpork","SWE",-0.077
"jbeef","jpork","SWZ",-0.022
"jbeef","jpork","TCD",-0.022
"jbeef","jpork","TGO",-0.022
"jbeef","jpork","THA",-0.022
"jbeef","jpork","TJK",-0.033
"jbeef","jpork","TKM",-0.033
"jbeef","jpork","TLS",-0.022
"jbeef","jpork","TZA",-0.022
"jbeef","jpork","UGA",-0.022
"jbeef","jpork","UKP",-0.077
"jbeef","jpork","UKR",-0.033
"jbeef","jpork","URY",-0.011
"jbeef","jpork","USA",-0.011
"jbeef","jpork","UZB",-0.033
"jbeef","jpork","VEN",-0.011
"jbeef","jpork","VNM",-0.022
"jbeef","jpork","VUT",-0.022
"jbeef","jpork","ZAF",-0.033
"jbeef","jpork","ZMB",-0.022
"jbeef","jpork","ZWE",-0.022
"jbeef","jlamb","AUS",-0.11
"jbeef","jlamb","CAN",-0.022
"jbeef","jlamb","CHM",-0.011
"jbeef","jlamb","ISR",-0.022
"jbeef","jlamb","NZL",-0.022
"jbeef","jlamb","ZAF",-0.022
"jbeef","jpoul","ALB",-0.033
"jbeef","jpoul","ARM",-0.011
"jbeef","jpoul","AUS",-0.011
"jbeef","jpoul","AZE",-0.011
"jbeef","jpoul","BGR",-0.033
"jbeef","jpoul","BLR",-0.011
"jbeef","jpoul","BLT",-0.011
"jbeef","jpoul","CZE",-0.033
"jbeef","jpoul","EGY",-0.022
"jbeef","jpoul","GEO",-0.011
"jbeef","jpoul","GRC",-0.033
"jbeef","jpoul","HRV",-0.033
"jbeef","jpoul","HUN",-0.033
"jbeef","jpoul","JPN",-0.066
"jbeef","jpoul","KAZ",-0.011
"jbeef","jpoul","KGZ",-0.011
"jbeef","jpoul","MDA",-0.033
"jbeef","jpoul","OBN",-0.033
"jbeef","jpoul","POL",-0.033
"jbeef","jpoul","ROU",-0.033
"jbeef","jpoul","RUS",-0.011
"jbeef","jpoul","SVK",-0.033
"jbeef","jpoul","SVN",-0.033
"jbeef","jpoul","TJK",-0.011
"jbeef","jpoul","TKM",-0.011
"jbeef","jpoul","UKR",-0.011
"jbeef","jpoul","UZB",-0.011
"jbeef","jmilk","AFG",0.044
"jbeef","jmilk","AGO",0.044
"jbeef","jmilk","ALB",0.066
"jbeef","jmilk","ARG",0.033
"jbeef","jmilk","ARM",0.055
"jbeef","jmilk","AUS",0.055
"jbeef","jmilk","AUT",0.088
"jbeef","jmilk","AZE",0.055
"jbeef","jmilk","BDI",0.044
"jbeef","jmilk","BEN",0.044
"jbeef","jmilk","BFA",0.044
"jbeef","jmilk","BGD",0.044
"jbeef","jmilk","BGR",0.066
"jbeef","jmilk","BLR",0.055
"jbeef","jmilk","BLT",0.055
"jbeef","jmilk","BLX",0.088
"jbeef","jmilk","BLZ",0.011
"jbeef","jmilk","BOL",0.011
"jbeef","jmilk","BRA",0.033
"jbeef","jmilk","BTN",0.044
"jbeef","jmilk","BWA",0.044
"jbeef","jmilk","CAF",0.044
"jbeef","jmilk","CAN",0.066
"jbeef","jmilk","CHL",0.011
"jbeef","jmilk","CHM",0.055
"jbeef","jmilk","CHP",0.088
"jbeef","jmilk","CIV",0.044
"jbeef","jmilk","CMR",0.044
"jbeef","jmilk","COD",0.044
"jbeef","jmilk","COG",0.044
"jbeef","jmilk","COL",0.011
"jbeef","jmilk","CRB",0.044
"jbeef","jmilk","CRI",0.011
"jbeef","jmilk","CUB",0.011
"jbeef","jmilk","CYP",0.033
"jbeef","jmilk","CZE",0.066
"jbeef","jmilk","DEU",0.088
"jbeef","jmilk","DJI",0.044
"jbeef","jmilk","DNK",0.088
"jbeef","jmilk","DOM",0.011
"jbeef","jmilk","DZA",0.033
"jbeef","jmilk","ECU",0.011
"jbeef","jmilk","EGY",0.033
"jbeef","jmilk","ERI",0.044
"jbeef","jmilk","ETH",0.044
"jbeef","jmilk","FJI",0.044
"jbeef","jmilk","FNP",0.088
"jbeef","jmilk","FRP",0.088
"jbeef","jmilk","GAB",0.044
"jbeef","jmilk","GEO",0.055
"jbeef","jmilk","GHA",0.044
"jbeef","jmilk","GIN",0.044
"jbeef","jmilk","GMB",0.044
"jbeef","jmilk","GNB",0.044
"jbeef","jmilk","GNQ",0.044
"jbeef","jmilk","GRC",0.066
"jbeef","jmilk","GSA",0.011
"jbeef","jmilk","GTM",0.011
"jbeef","jmilk","HND",0.011
"jbeef","jmilk","HRV",0.066
"jbeef","jmilk","HTI",0.011
"jbeef","jmilk","HUN",0.066
"jbeef","jmilk","IDN",0.044
"jbeef","jmilk","IRL",0.088
"jbeef","jmilk","IRN",0.033
"jbeef","jmilk","IRQ",0.033
"jbeef","jmilk","ISL",0.088
"jbeef","jmilk","ISR",0.066
"jbeef","jmilk","ITP",0.088
"jbeef","jmilk","JAM",0.044
"jbeef","jmilk","JOR",0.033
"jbeef","jmilk","JPN",0.055
"jbeef","jmilk","KAZ",0.055
"jbeef","jmilk","KEN",0.044
"jbeef","jmilk","KGZ",0.055
"jbeef","jmilk","LBN",0.033
"jbeef","jmilk","LBR",0.044
"jbeef","jmilk","LBY",0.033
"jbeef","jmilk","LKA",0.044
"jbeef","jmilk","LSO",0.044
"jbeef","jmilk","MDA",0.066
"jbeef","jmilk","MDG",0.044
"jbeef","jmilk","MEX",0.055
"jbeef","jmilk","MLI",0.044
"jbeef","jmilk","MOR",0.033
"jbeef","jmilk","MOZ",0.044
"jbeef","jmilk","MRT",0.044
"jbeef","jmilk","MWI",0.044
"jbeef","jmilk","MYS",0.044
"jbeef","jmilk","NAM",0.044
"jbeef","jmilk","NER",0.044
"jbeef","jmilk","NGA",0.044
"jbeef","jmilk","NIC",0.011
"jbeef","jmilk","NLD",0.088
"jbeef","jmilk","NOR",0.088
"jbeef","jmilk","NPL",0.044
"jbeef","jmilk","NZL",0.066
"jbeef","jmilk","OAO",0.044
"jbeef","jmilk","OBN",0.066
"jbeef","jmilk","OIO",0.044
"jbeef","jmilk","OPO",0.044
"jbeef","jmilk","PAN",0.011
"jbeef","jmilk","PER",0.011
"jbeef","jmilk","PNG",0.044
"jbeef","jmilk","POL",0.066
"jbeef","jmilk","PRT",0.088
"jbeef","jmilk","PRY",0.011
"jbeef","jmilk","PSE",0.044
"jbeef","jmilk","RAP",0.033
"jbeef","jmilk","ROU",0.066
"jbeef","jmilk","RUS",0.055
"jbeef","jmilk","RWA",0.044
"jbeef","jmilk","SAU",0.033
"jbeef","jmilk","SDN",0.044
"jbeef","jmilk","SEN",0.044
"jbeef","jmilk","SLB",0.044
"jbeef","jmilk","SLE",0.044
"jbeef","jmilk","SLV",0.011
"jbeef","jmilk","SOM",0.044
"jbeef","jmilk","SPP",0.088
"jbeef","jmilk","SVK",0.066
"jbeef","jmilk","SVN",0.066
"jbeef","jmilk","SWE",0.088
"jbeef","jmilk","SWZ",0.044
"jbeef","jmilk","SYR",0.033
"jbeef","jmilk","TCD",0.044
"jbeef","jmilk","TGO",0.044
"jbeef","jmilk","THA",0.044
"jbeef","jmilk","TJK",0.055
"jbeef","jmilk","TKM",0.055
"jbeef","jmilk","TLS",0.044
"jbeef","jmilk","TUN",0.033
"jbeef","jmilk","TUR",0.033
"jbeef","jmilk","TZA",0.044
"jbeef","jmilk","UGA",0.044
"jbeef","jmilk","UKP",0.088
"jbeef","jmilk","UKR",0.055
"jbeef","jmilk","URY",0.011
"jbeef","jmilk","USA",0.044
"jbeef","jmilk","UZB",0.055
"jbeef","jmilk","VEN",0.011
"jbeef","jmilk","VUT",0.044
"jbeef","jmilk","YEM",0.033
"jbeef","jmilk","ZAF",0.066
"jbeef","jmilk","ZMB",0.044
"jbeef","jmilk","ZWE",0.044
"jpork","jbeef","AFG",-0.022
"jpork","jbeef","AGO",-0.022
"jpork","jbeef","ALB",-0.022
"jpork","jbeef","ARG",-0.066
"jpork","jbeef","ARM",-0.011
"jpork","jbeef","AUS",-0.088
"jpork","jbeef","AUT",-0.055
"jpork","jbeef","AZE",-0.011
"jpork","jbeef","BDI",-0.022
"jpork","jbeef","BEN",-0.022
"jpork","jbeef","BFA",-0.022
"jpork","jbeef","BGD",-0.022
"jpork","jbeef","BGR",-0.022
"jpork","jbeef","BLR",-0.011
"jpork","jbeef","BLT",-0.011
"jpork","jbeef","BLX",-0.055
"jpork","jbeef","BLZ",-0.055
"jpork","jbeef","BOL",-0.055
"jpork","jbeef","BRA",-0.044
"jpork","jbeef","BTN",-0.022
"jpork","jbeef","BWA",-0.022
"jpork","jbeef","CAF",-0.022
"jpork","jbeef","CAN",-0.077
"jpork","jbeef","CHL",-0.055
"jpork","jbeef","CHM",-0.066
"jpork","jbeef","CHP",-0.055
"jpork","jbeef","CIV",-0.022
"jpork","jbeef","CMR",-0.022
"jpork","jbeef","COD",-0.022
"jpork","jbeef","COG",-0.022
"jpork","jbeef","COL",-0.044
"jpork","jbeef","CRB",-0.022
"jpork","jbeef","CRI",-0.055
"jpork","jbeef","CUB",-0.055
"jpork","jbeef","CZE",-0.022
"jpork","jbeef","DEU",-0.055
"jpork","jbeef","DJI",-0.022
"jpork","jbeef","DNK",-0.055
"jpork","jbeef","DOM",-0.055
"jpork","jbeef","ECU",-0.055
"jpork","jbeef","EGY",-0.022
"jpork","jbeef","ERI",-0.022
"jpork","jbeef","ETH",-0.022
"jpork","jbeef","FJI",-0.022
"jpork","jbeef","FNP",-0.055
"jpork","jbeef","FRP",-0.055
"jpork","jbeef","GAB",-0.022
"jpork","jbeef","GEO",-0.011
"jpork","jbeef","GHA",-0.022
"jpork","jbeef","GIN",-0.022
"jpork","jbeef","GMB",-0.022
"jpork","jbeef","GNB",-0.022
"jpork","jbeef","GNQ",-0.022
"jpork","jbeef","GRC",-0.022
"jpork","jbeef","GSA",-0.055
"jpork","jbeef","GTM",-0.055
"jpork","jbeef","HND",-0.055
"jpork","jbeef","HRV",-0.022
"jpork","jbeef","HTI",-0.055
"jpork","jbeef","HUN",-0.022
"jpork","jbeef","IDN",-0.022
"jpork","jbeef","IRL",-0.055
"jpork","jbeef","ISL",-0.055
"jpork","jbeef","ISR",-0.077
"jpork","jbeef","ITP",-0.055
"jpork","jbeef","JAM",-0.022
"jpork","jbeef","JPN",-0.033
"jpork","jbeef","KAZ",-0.011
"jpork","jbeef","KEN",-0.022
"jpork","jbeef","KGZ",-0.011
"jpork","jbeef","KHM",-0.022
"jpork","jbeef","KOR",-0.066
"jpork","jbeef","LAO",-0.022
"jpork","jbeef","LBR",-0.022
"jpork","jbeef","LKA",-0.022
"jpork","jbeef","LSO",-0.022
"jpork","jbeef","MDA",-0.022
"jpork","jbeef","MDG",-0.022
"jpork","jbeef","MEX",-0.066
"jpork","jbeef","MLI",-0.022
"jpork","jbeef","MMR",-0.022
"jpork","jbeef","MOZ",-0.022
"jpork","jbeef","MRT",-0.022
"jpork","jbeef","MWI",-0.022
"jpork","jbeef","MYS",-0.022
"jpork","jbeef","NAM",-0.022
"jpork","jbeef","NER",-0.022
"jpork","jbeef","NGA",-0.022
"jpork","jbeef","NIC",-0.055
"jpork","jbeef","NLD",-0.055
"jpork","jbeef","NOR",-0.055
"jpork","jbeef","NPL",-0.022
"jpork","jbeef","NZL",-0.077
"jpork","jbeef","OAO",-0.022
"jpork","jbeef","OBN",-0.022
"jpork","jbeef","OIO",-0.022
"jpork","jbeef","OPO",-0.022
"jpork","jbeef","OSA",-0.022
"jpork","jbeef","PAN",-0.055
"jpork","jbeef","PER",-0.055
"jpork","jbeef","PHL",-0.033
"jpork","jbeef","PNG",-0.022
"jpork","jbeef","POL",-0.022
"jpork","jbeef","PRT",-0.055
"jpork","jbeef","PRY",-0.055
"jpork","jbeef","PSE",-0.022
"jpork","jbeef","ROU",-0.022
"jpork","jbeef","RUS",-0.011
"jpork","jbeef","RWA",-0.022
"jpork","jbeef","SDN",-0.022
"jpork","jbeef","SEN",-0.022
"jpork","jbeef","SLB",-0.022
"jpork","jbeef","SLE",-0.022
"jpork","jbeef","SLV",-0.055
"jpork","jbeef","SOM",-0.022
"jpork","jbeef","SPP",-0.055
"jpork","jbeef","SVK",-0.022
"jpork","jbeef","SVN",-0.022
"jpork","jbeef","SWE",-0.055
"jpork","jbeef","SWZ",-0.022
"jpork","jbeef","TCD",-0.022
"jpork","jbeef","TGO",-0.022
"jpork","jbeef","THA",-0.066
"jpork","jbeef","TJK",-0.011
"jpork","jbeef","TKM",-0.011
"jpork","jbeef","TLS",-0.022
"jpork","jbeef","TZA",-0.022
"jpork","jbeef","UGA",-0.022
"jpork","jbeef","UKP",-0.055
"jpork","jbeef","UKR",-0.011
"jpork","jbeef","URY",-0.055
"jpork","jbeef","USA",-0.022
"jpork","jbeef","UZB",-0.011
"jpork","jbeef","VEN",-0.055
"jpork","jbeef","VNM",-0.022
"jpork","jbeef","VUT",-0.022
"jpork","jbeef","ZAF",-0.077
"jpork","jbeef","ZMB",-0.022
"jpork","jbeef","ZWE",-0.022
"jpork","jpork","AFG",0.22
"jpork","jpork","AGO",0.385
"jpork","jpork","ALB",0.495
"jpork","jpork","ARG",0.495
"jpork","jpork","ARM",0.33
"jpork","jpork","AUS",0.44
"jpork","jpork","AUT",0.495
"jpork","jpork","AZE",0.33
"jpork","jpork","BDI",0.22
"jpork","jpork","BEN",0.242
"jpork","jpork","BFA",0.33
"jpork","jpork","BGD",0.22
"jpork","jpork","BGR",0.495
"jpork","jpork","BLR",0.33
"jpork","jpork","BLT",0.33
"jpork","jpork","BLX",0.495
"jpork","jpork","BLZ",0.418
"jpork","jpork","BOL",0.418
"jpork","jpork","BRA",0.55
"jpork","jpork","BTN",0.22
"jpork","jpork","BWA",0.385
"jpork","jpork","CAF",0.242
"jpork","jpork","CAN",0.385
"jpork","jpork","CHL",0.418
"jpork","jpork","CHM",0.462
"jpork","jpork","CHP",0.495
"jpork","jpork","CIV",0.242
"jpork","jpork","CMR",0.242
"jpork","jpork","COD",0.242
"jpork","jpork","COG",0.242
"jpork","jpork","COL",0.363
"jpork","jpork","CRB",0.22
"jpork","jpork","CRI",0.418
"jpork","jpork","CUB",0.418
"jpork","jpork","CYP",0.11
"jpork","jpork","CZE",0.495
"jpork","jpork","DEU",0.495
"jpork","jpork","DJI",0.33
"jpork","jpork","DNK",0.495
"jpork","jpork","DOM",0.418
"jpork","jpork","DZA",0.11
"jpork","jpork","ECU",0.418
"jpork","jpork","EGY",0.22
"jpork","jpork","ERI",0.33
"jpork","jpork","ETH",0.33
"jpork","jpork","FJI",0.22
"jpork","jpork","FNP",0.495
"jpork","jpork","FRP",0.495
"jpork","jpork","GAB",0.242
"jpork","jpork","GEO",0.33
"jpork","jpork","GHA",0.242
"jpork","jpork","GIN",0.242
"jpork","jpork","GMB",0.242
"jpork","jpork","GNB",0.242
"jpork","jpork","GNQ",0.242
"jpork","jpork","GRC",0.495
"jpork","jpork","GSA",0.418
"jpork","jpork","GTM",0.418
"jpork","jpork","HND",0.418
"jpork","jpork","HRV",0.495
"jpork","jpork","HTI",0.418
"jpork","jpork","HUN",0.495
"jpork","jpork","IDN",0.55
"jpork","jpork","IND",0.33
"jpork","jpork","IRL",0.495
"jpork","jpork","IRN",0.11
"jpork","jpork","IRQ",0.11
"jpork","jpork","ISL",0.495
"jpork","jpork","ISR",0.385
"jpork","jpork","ITP",0.495
"jpork","jpork","JAM",0.22
"jpork","jpork","JOR",0.11
"jpork","jpork","JPN",0.363
"jpork","jpork","KAZ",0.22
"jpork","jpork","KEN",0.22
"jpork","jpork","KGZ",0.22
"jpork","jpork","KHM",0.352
"jpork","jpork","KOR",0.33
"jpork","jpork","LAO",0.352
"jpork","jpork","LBN",0.11
"jpork","jpork","LBR",0.242
"jpork","jpork","LBY",0.11
"jpork","jpork","LKA",0.22
"jpork","jpork","LSO",0.385
"jpork","jpork","MDA",0.495
"jpork","jpork","MDG",0.385
"jpork","jpork","MEX",0.495
"jpork","jpork","MLI",0.33
"jpork","jpork","MMR",0.33
"jpork","jpork","MNG",0.385
"jpork","jpork","MOR",0.11
"jpork","jpork","MOZ",0.385
"jpork","jpork","MRT",0.33
"jpork","jpork","MWI",0.385
"jpork","jpork","MYS",0.55
"jpork","jpork","NAM",0.385
"jpork","jpork","NER",0.33
"jpork","jpork","NGA",0.22
"jpork","jpork","NIC",0.418
"jpork","jpork","NLD",0.495
"jpork","jpork","NOR",0.495
"jpork","jpork","NPL",0.22
"jpork","jpork","NZL",0.385
"jpork","jpork","OAO",0.22
"jpork","jpork","OBN",0.495
"jpork","jpork","OIO",0.22
"jpork","jpork","OPO",0.22
"jpork","jpork","OSA",0.352
"jpork","jpork","PAK",0.22
"jpork","jpork","PAN",0.418
"jpork","jpork","PER",0.418
"jpork","jpork","PHL",0.495
"jpork","jpork","PNG",0.22
"jpork","jpork","POL",0.495
"jpork","jpork","PRK",0.385
"jpork","jpork","PRT",0.495
"jpork","jpork","PRY",0.418
"jpork","jpork","PSE",0.242
"jpork","jpork","RAP",0.11
"jpork","jpork","ROU",0.495
"jpork","jpork","RUS",0.33
"jpork","jpork","RWA",0.22
"jpork","jpork","SAU",0.11
"jpork","jpork","SDN",0.33
"jpork","jpork","SEN",0.242
"jpork","jpork","SLB",0.22
"jpork","jpork","SLE",0.242
"jpork","jpork","SLV",0.418
"jpork","jpork","SOM",0.33
"jpork","jpork","SPP",0.495
"jpork","jpork","SVK",0.495
"jpork","jpork","SVN",0.495
"jpork","jpork","SWE",0.495
"jpork","jpork","SWZ",0.385
"jpork","jpork","SYR",0.11
"jpork","jpork","TCD",0.33
"jpork","jpork","TGO",0.242
"jpork","jpork","THA",0.605
"jpork","jpork","TJK",0.22
"jpork","jpork","TKM",0.22
"jpork","jpork","TLS",0.22
"jpork","jpork","TUN",0.11
"jpork","jpork","TUR",0.11
"jpork","jpork","TZA",0.22
"jpork","jpork","UGA",0.22
"jpork","jpork","UKP",0.495
"jpork","jpork","UKR",0.33
"jpork","jpork","URY",0.418
"jpork","jpork","USA",0.385
"jpork","jpork","UZB",0.22
"jpork","jpork","VEN",0.418
"jpork","jpork","VNM",0.55
"jpork","jpork","VUT",0.22
"jpork","jpork","YEM",0.11
"jpork","jpork","ZAF",0.385
"jpork","jpork","ZMB",0.385
"jpork","jpork","ZWE",0.385
"jpork","jlamb","CAN",-0.022
"jpork","jlamb","ISR",-0.022
"jpork","jlamb","NZL",-0.022
"jpork","jlamb","ZAF",-0.022
"jpork","jpoul","AUT",-0.011
"jpork","jpoul","BLX",-0.011
"jpork","jpoul","CAN",-0.044
"jpork","jpoul","CHP",-0.011
"jpork","jpoul","DEU",-0.011
"jpork","jpoul","DNK",-0.011
"jpork","jpoul","FNP",-0.011
"jpork","jpoul","FRP",-0.011
"jpork","jpoul","IRL",-0.011
"jpork","jpoul","ISL",-0.011
"jpork","jpoul","ISR",-0.044
"jpork","jpoul","ITP",-0.011
"jpork","jpoul","JPN",-0.066
"jpork","jpoul","NLD",-0.011
"jpork","jpoul","NOR",-0.011
"jpork","jpoul","NZL",-0.044
"jpork","jpoul","PRT",-0.011
"jpork","jpoul","SPP",-0.011
"jpork","jpoul","SWE",-0.011
"jpork","jpoul","UKP",-0.011
"jpork","jpoul","USA",-0.011
"jpork","jpoul","ZAF",-0.044
"jlamb","jbeef","AUS",-0.11
"jlamb","jbeef","CAN",-0.022
"jlamb","jbeef","ISR",-0.022
"jlamb","jbeef","NZL",-0.022
"jlamb","jbeef","ZAF",-0.022
"jlamb","jpork","CHM",-0.033
"jlamb","jlamb","AFG",0.264
"jlamb","jlamb","AGO",0.22
"jlamb","jlamb","ALB",0.198
"jlamb","jlamb","ARG",0.231
"jlamb","jlamb","ARM",0.22
"jlamb","jlamb","AUS",0.385
"jlamb","jlamb","AUT",0.385
"jlamb","jlamb","AZE",0.22
"jlamb","jlamb","BDI",0.275
"jlamb","jlamb","BEN",0.275
"jlamb","jlamb","BFA",0.242
"jlamb","jlamb","BGD",0.22
"jlamb","jlamb","BGR",0.198
"jlamb","jlamb","BLR",0.22
"jlamb","jlamb","BLT",0.22
"jlamb","jlamb","BLX",0.385
"jlamb","jlamb","BLZ",0.275
"jlamb","jlamb","BOL",0.275
"jlamb","jlamb","BRA",0.198
"jlamb","jlamb","BTN",0.264
"jlamb","jlamb","BWA",0.22
"jlamb","jlamb","CAF",0.275
"jlamb","jlamb","CAN",0.352
"jlamb","jlamb","CHL",0.275
"jlamb","jlamb","CHM",0.275
"jlamb","jlamb","CHP",0.385
"jlamb","jlamb","CIV",0.275
"jlamb","jlamb","CMR",0.275
"jlamb","jlamb","COD",0.275
"jlamb","jlamb","COG",0.275
"jlamb","jlamb","COL",0.165
"jlamb","jlamb","CRB",0.22
"jlamb","jlamb","CRI",0.275
"jlamb","jlamb","CUB",0.275
"jlamb","jlamb","CYP",0.275
"jlamb","jlamb","CZE",0.198
"jlamb","jlamb","DEU",0.385
"jlamb","jlamb","DJI",0.242
"jlamb","jlamb","DNK",0.385
"jlamb","jlamb","DOM",0.275
"jlamb","jlamb","DZA",0.275
"jlamb","jlamb","ECU",0.275
"jlamb","jlamb","EGY",0.385
"jlamb","jlamb","ERI",0.242
"jlamb","jlamb","ETH",0.242
"jlamb","jlamb","FJI",0.22
"jlamb","jlamb","FNP",0.385
"jlamb","jlamb","FRP",0.385
"jlamb","jlamb","GAB",0.275
"jlamb","jlamb","GEO",0.22
"jlamb","jlamb","GHA",0.275
"jlamb","jlamb","GIN",0.275
"jlamb","jlamb","GMB",0.275
"jlamb","jlamb","GNB",0.275
"jlamb","jlamb","GNQ",0.275
"jlamb","jlamb","GRC",0.198
"jlamb","jlamb","GSA",0.275
"jlamb","jlamb","GTM",0.275
"jlamb","jlamb","HND",0.275
"jlamb","jlamb","HRV",0.198
"jlamb","jlamb","HTI",0.275
"jlamb","jlamb","HUN",0.198
"jlamb","jlamb","IDN",0.33
"jlamb","jlamb","IND",0.385
"jlamb","jlamb","IRL",0.385
"jlamb","jlamb","IRN",0.275
"jlamb","jlamb","IRQ",0.275
"jlamb","jlamb","ISL",0.385
"jlamb","jlamb","ISR",0.352
"jlamb","jlamb","ITP",0.385
"jlamb","jlamb","JAM",0.22
"jlamb","jlamb","JOR",0.275
"jlamb","jlamb","JPN",0.308
"jlamb","jlamb","KAZ",0.22
"jlamb","jlamb","KEN",0.275
"jlamb","jlamb","KGZ",0.22
"jlamb","jlamb","KHM",0.286
"jlamb","jlamb","KOR",0.22
"jlamb","jlamb","LAO",0.286
"jlamb","jlamb","LBN",0.275
"jlamb","jlamb","LBR",0.275
"jlamb","jlamb","LBY",0.275
"jlamb","jlamb","LKA",0.264
"jlamb","jlamb","LSO",0.22
"jlamb","jlamb","MDA",0.198
"jlamb","jlamb","MDG",0.22
"jlamb","jlamb","MEX",0.242
"jlamb","jlamb","MLI",0.242
"jlamb","jlamb","MMR",0.242
"jlamb","jlamb","MNG",0.22
"jlamb","jlamb","MOR",0.275
"jlamb","jlamb","MOZ",0.22
"jlamb","jlamb","MRT",0.242
"jlamb","jlamb","MWI",0.22
"jlamb","jlamb","MYS",0.275
"jlamb","jlamb","NAM",0.22
"jlamb","jlamb","NER",0.242
"jlamb","jlamb","NGA",0.22
"jlamb","jlamb","NIC",0.275
"jlamb","jlamb","NLD",0.385
"jlamb","jlamb","NOR",0.385
"jlamb","jlamb","NPL",0.264
"jlamb","jlamb","NZL",0.352
"jlamb","jlamb","OAO",0.22
"jlamb","jlamb","OBN",0.198
"jlamb","jlamb","OIO",0.22
"jlamb","jlamb","OPO",0.22
"jlamb","jlamb","OSA",0.286
"jlamb","jlamb","PAK",0.275
"jlamb","jlamb","PAN",0.275
"jlamb","jlamb","PER",0.275
"jlamb","jlamb","PHL",0.22
"jlamb","jlamb","PNG",0.22
"jlamb","jlamb","POL",0.198
"jlamb","jlamb","PRK",0.22
"jlamb","jlamb","PRT",0.385
"jlamb","jlamb","PRY",0.275
"jlamb","jlamb","PSE",0.275
"jlamb","jlamb","RAP",0.275
"jlamb","jlamb","ROU",0.198
"jlamb","jlamb","RUS",0.22
"jlamb","jlamb","RWA",0.275
"jlamb","jlamb","SAU",0.275
"jlamb","jlamb","SDN",0.242
"jlamb","jlamb","SEN",0.275
"jlamb","jlamb","SLB",0.22
"jlamb","jlamb","SLE",0.275
"jlamb","jlamb","SLV",0.275
"jlamb","jlamb","SOM",0.242
"jlamb","jlamb","SPP",0.385
"jlamb","jlamb","SVK",0.198
"jlamb","jlamb","SVN",0.198
"jlamb","jlamb","SWE",0.385
"jlamb","jlamb","SWZ",0.22
"jlamb","jlamb","SYR",0.275
"jlamb","jlamb","TCD",0.242
"jlamb","jlamb","TGO",0.275
"jlamb","jlamb","THA",0.22
"jlamb","jlamb","TJK",0.22
"jlamb","jlamb","TKM",0.22
"jlamb","jlamb","TLS",0.22
"jlamb","jlamb","TUN",0.275
"jlamb","jlamb","TUR",0.198
"jlamb","jlamb","TZA",0.275
"jlamb","jlamb","UGA",0.275
"jlamb","jlamb","UKP",0.385
"jlamb","jlamb","UKR",0.22
"jlamb","jlamb","URY",0.275
"jlamb","jlamb","USA",0.44
"jlamb","jlamb","UZB",0.22
"jlamb","jlamb","VEN",0.275
"jlamb","jlamb","VNM",0.264
"jlamb","jlamb","VUT",0.22
"jlamb","jlamb","YEM",0.275
"jlamb","jlamb","ZAF",0.352
"jlamb","jlamb","ZMB",0.22
"jlamb","jlamb","ZWE",0.22
"jlamb","jpoul","CAN",-0.022
"jlamb","jpoul","ISR",-0.022
"jlamb","jpoul","NZL",-0.022
"jlamb","jpoul","ZAF",-0.022
"jlamb","jmilk","AUS",-0.055
"jlamb","jmilk","CAN",-0.033
"jlamb","jmilk","ISR",-0.033
"jlamb","jmilk","NZL",-0.033
"jlamb","jmilk","ZAF",-0.033
"jpoul","jbeef","ALB",-0.066
"jpoul","jbeef","ARM",-0.077
"jpoul","jbeef","AUS",-0.088
"jpoul","jbeef","AZE",-0.077
"jpoul","jbeef","BGR",-0.066
"jpoul","jbeef","BLR",-0.077
"jpoul","jbeef","BLT",-0.077
"jpoul","jbeef","BLZ",-0.011
"jpoul","jbeef","BOL",-0.011
"jpoul","jbeef","CHL",-0.011
"jpoul","jbeef","CHM",-0.022
"jpoul","jbeef","CRI",-0.011
"jpoul","jbeef","CUB",-0.011
"jpoul","jbeef","CZE",-0.066
"jpoul","jbeef","DOM",-0.011
"jpoul","jbeef","ECU",-0.011
"jpoul","jbeef","EGY",-0.11
"jpoul","jbeef","GEO",-0.077
"jpoul","jbeef","GRC",-0.066
"jpoul","jbeef","GSA",-0.011
"jpoul","jbeef","GTM",-0.011
"jpoul","jbeef","HND",-0.011
"jpoul","jbeef","HRV",-0.066
"jpoul","jbeef","HTI",-0.011
"jpoul","jbeef","HUN",-0.066
"jpoul","jbeef","JPN",-0.055
"jpoul","jbeef","KAZ",-0.077
"jpoul","jbeef","KGZ",-0.077
"jpoul","jbeef","MDA",-0.066
"jpoul","jbeef","NIC",-0.011
"jpoul","jbeef","OBN",-0.066
"jpoul","jbeef","PAN",-0.011
"jpoul","jbeef","PER",-0.011
"jpoul","jbeef","POL",-0.066
"jpoul","jbeef","PRY",-0.011
"jpoul","jbeef","ROU",-0.066
"jpoul","jbeef","RUS",-0.077
"jpoul","jbeef","SLV",-0.011
"jpoul","jbeef","SVK",-0.066
"jpoul","jbeef","SVN",-0.066
"jpoul","jbeef","TJK",-0.077
"jpoul","jbeef","TKM",-0.077
"jpoul","jbeef","UKR",-0.077
"jpoul","jbeef","URY",-0.011
"jpoul","jbeef","UZB",-0.077
"jpoul","jbeef","VEN",-0.011
"jpoul","jpork","AUS",-0.055
"jpoul","jpork","AUT",-0.055
"jpoul","jpork","BLX",-0.055
"jpoul","jpork","CAN",-0.11
"jpoul","jpork","CHM",-0.066
"jpoul","jpork","CHP",-0.055
"jpoul","jpork","DEU",-0.055
"jpoul","jpork","DNK",-0.055
"jpoul","jpork","FNP",-0.055
"jpoul","jpork","FRP",-0.055
"jpoul","jpork","IDN",-0.077
"jpoul","jpork","IRL",-0.055
"jpoul","jpork","ISL",-0.055
"jpoul","jpork","ISR",-0.11
"jpoul","jpork","ITP",-0.055
"jpoul","jpork","JPN",-0.66
"jpoul","jpork","KHM",-0.077
"jpoul","jpork","KOR",-0.055
"jpoul","jpork","LAO",-0.077
"jpoul","jpork","MMR",-0.055
"jpoul","jpork","MYS",-0.066
"jpoul","jpork","NLD",-0.055
"jpoul","jpork","NOR",-0.055
"jpoul","jpork","NZL",-0.11
"jpoul","jpork","OSA",-0.077
"jpoul","jpork","PHL",-0.077
"jpoul","jpork","PRT",-0.055
"jpoul","jpork","SPP",-0.055
"jpoul","jpork","SWE",-0.055
"jpoul","jpork","THA",-0.088
"jpoul","jpork","UKP",-0.055
"jpoul","jpork","USA",-0.055
"jpoul","jpork","VNM",-0.055
"jpoul","jpork","ZAF",-0.11
"jpoul","jlamb","AUS",-0.055
"jpoul","jpoul","AFG",0.33
"jpoul","jpoul","AGO",0.33
"jpoul","jpoul","ALB",0.385
"jpoul","jpoul","ARG",0.495
"jpoul","jpoul","ARM",0.275
"jpoul","jpoul","AUS",0.44
"jpoul","jpoul","AUT",0.385
"jpoul","jpoul","AZE",0.275
"jpoul","jpoul","BDI",0.33
"jpoul","jpoul","BEN",0.33
"jpoul","jpoul","BFA",0.33
"jpoul","jpoul","BGD",0.33
"jpoul","jpoul","BGR",0.385
"jpoul","jpoul","BLR",0.275
"jpoul","jpoul","BLT",0.275
"jpoul","jpoul","BLX",0.385
"jpoul","jpoul","BLZ",0.308
"jpoul","jpoul","BOL",0.308
"jpoul","jpoul","BRA",0.385
"jpoul","jpoul","BTN",0.33
"jpoul","jpoul","BWA",0.33
"jpoul","jpoul","CAF",0.33
"jpoul","jpoul","CAN",0.418
"jpoul","jpoul","CHL",0.308
"jpoul","jpoul","CHM",0.33
"jpoul","jpoul","CHP",0.385
"jpoul","jpoul","CIV",0.33
"jpoul","jpoul","CMR",0.33
"jpoul","jpoul","COD",0.33
"jpoul","jpoul","COG",0.33
"jpoul","jpoul","COL",0.308
"jpoul","jpoul","CRB",0.33
"jpoul","jpoul","CRI",0.308
"jpoul","jpoul","CUB",0.308
"jpoul","jpoul","CYP",0.385
"jpoul","jpoul","CZE",0.385
"jpoul","jpoul","DEU",0.385
"jpoul","jpoul","DJI",0.33
"jpoul","jpoul","DNK",0.385
"jpoul","jpoul","DOM",0.308
"jpoul","jpoul","DZA",0.385
"jpoul","jpoul","ECU",0.308
"jpoul","jpoul","EGY",0.495
"jpoul","jpoul","ERI",0.33
"jpoul","jpoul","ETH",0.33
"jpoul","jpoul","FJI",0.33
"jpoul","jpoul","FNP",0.385
"jpoul","jpoul","FRP",0.385
"jpoul","jpoul","GAB",0.33
"jpoul","jpoul","GEO",0.275
"jpoul","jpoul","GHA",0.33
"jpoul","jpoul","GIN",0.33
"jpoul","jpoul","GMB",0.33
"jpoul","jpoul","GNB",0.33
"jpoul","jpoul","GNQ",0.33
"jpoul","jpoul","GRC",0.385
"jpoul","jpoul","GSA",0.308
"jpoul","jpoul","GTM",0.308
"jpoul","jpoul","HND",0.308
"jpoul","jpoul","HRV",0.385
"jpoul","jpoul","HTI",0.308
"jpoul","jpoul","HUN",0.385
"jpoul","jpoul","IDN",0.495
"jpoul","jpoul","IND",0.44
"jpoul","jpoul","IRL",0.385
"jpoul","jpoul","IRN",0.385
"jpoul","jpoul","IRQ",0.385
"jpoul","jpoul","ISL",0.385
"jpoul","jpoul","ISR",0.418
"jpoul","jpoul","ITP",0.385
"jpoul","jpoul","JAM",0.33
"jpoul","jpoul","JOR",0.385
"jpoul","jpoul","JPN",0.484
"jpoul","jpoul","KAZ",0.275
"jpoul","jpoul","KEN",0.33
"jpoul","jpoul","KGZ",0.275
"jpoul","jpoul","KHM",0.385
"jpoul","jpoul","KOR",0.44
"jpoul","jpoul","LAO",0.385
"jpoul","jpoul","LBN",0.385
"jpoul","jpoul","LBR",0.33
"jpoul","jpoul","LBY",0.385
"jpoul","jpoul","LKA",0.33
"jpoul","jpoul","LSO",0.33
"jpoul","jpoul","MDA",0.385
"jpoul","jpoul","MDG",0.33
"jpoul","jpoul","MEX",0.44
"jpoul","jpoul","MLI",0.33
"jpoul","jpoul","MMR",0.275
"jpoul","jpoul","MNG",0.44
"jpoul","jpoul","MOR",0.385
"jpoul","jpoul","MOZ",0.33
"jpoul","jpoul","MRT",0.33
"jpoul","jpoul","MWI",0.33
"jpoul","jpoul","MYS",0.44
"jpoul","jpoul","NAM",0.33
"jpoul","jpoul","NER",0.33
"jpoul","jpoul","NGA",0.33
"jpoul","jpoul","NIC",0.308
"jpoul","jpoul","NLD",0.385
"jpoul","jpoul","NOR",0.385
"jpoul","jpoul","NPL",0.33
"jpoul","jpoul","NZL",0.418
"jpoul","jpoul","OAO",0.33
"jpoul","jpoul","OBN",0.385
"jpoul","jpoul","OIO",0.33
"jpoul","jpoul","OPO",0.33
"jpoul","jpoul","OSA",0.385
"jpoul","jpoul","PAK",0.55
"jpoul","jpoul","PAN",0.308
"jpoul","jpoul","PER",0.308
"jpoul","jpoul","PHL",0.385
"jpoul","jpoul","PNG",0.33
"jpoul","jpoul","POL",0.385
"jpoul","jpoul","PRK",0.44
"jpoul","jpoul","PRT",0.385
"jpoul","jpoul","PRY",0.308
"jpoul","jpoul","PSE",0.33
"jpoul","jpoul","RAP",0.385
"jpoul","jpoul","ROU",0.385
"jpoul","jpoul","RUS",0.275
"jpoul","jpoul","RWA",0.33
"jpoul","jpoul","SAU",0.385
"jpoul","jpoul","SDN",0.33
"jpoul","jpoul","SEN",0.33
"jpoul","jpoul","SLB",0.33
"jpoul","jpoul","SLE",0.33
"jpoul","jpoul","SLV",0.308
"jpoul","jpoul","SOM",0.33
"jpoul","jpoul","SPP",0.385
"jpoul","jpoul","SVK",0.385
"jpoul","jpoul","SVN",0.385
"jpoul","jpoul","SWE",0.385
"jpoul","jpoul","SWZ",0.33
"jpoul","jpoul","SYR",0.385
"jpoul","jpoul","TCD",0.33
"jpoul","jpoul","TGO",0.33
"jpoul","jpoul","THA",0.44
"jpoul","jpoul","TJK",0.275
"jpoul","jpoul","TKM",0.275
"jpoul","jpoul","TLS",0.33
"jpoul","jpoul","TUN",0.385
"jpoul","jpoul","TUR",0.385
"jpoul","jpoul","TZA",0.33
"jpoul","jpoul","UGA",0.33
"jpoul","jpoul","UKP",0.385
"jpoul","jpoul","UKR",0.275
"jpoul","jpoul","URY",0.308
"jpoul","jpoul","USA",0.44
"jpoul","jpoul","UZB",0.275
"jpoul","jpoul","VEN",0.308
"jpoul","jpoul","VNM",0.385
"jpoul","jpoul","VUT",0.33
"jpoul","jpoul","YEM",0.385
"jpoul","jpoul","ZAF",0.418
"jpoul","jpoul","ZMB",0.33
"jpoul","jpoul","ZWE",0.33
"jpoul","jeggs","ALB",-0.033
"jpoul","jeggs","ARM",-0.033
"jpoul","jeggs","AUS",-0.022
"jpoul","jeggs","AUT",-0.044
"jpoul","jeggs","AZE",-0.033
"jpoul","jeggs","BGR",-0.033
"jpoul","jeggs","BLR",-0.033
"jpoul","jeggs","BLT",-0.033
"jpoul","jeggs","BLX",-0.044
"jpoul","jeggs","CAN",-0.011
"jpoul","jeggs","CHP",-0.044
"jpoul","jeggs","CZE",-0.033
"jpoul","jeggs","DEU",-0.044
"jpoul","jeggs","DNK",-0.044
"jpoul","jeggs","EGY",-0.022
"jpoul","jeggs","FNP",-0.044
"jpoul","jeggs","FRP",-0.044
"jpoul","jeggs","GEO",-0.033
"jpoul","jeggs","GRC",-0.033
"jpoul","jeggs","HRV",-0.033
"jpoul","jeggs","HUN",-0.033
"jpoul","jeggs","IRL",-0.044
"jpoul","jeggs","ISL",-0.044
"jpoul","jeggs","ISR",-0.011
"jpoul","jeggs","ITP",-0.044
"jpoul","jeggs","JPN",-0.033
"jpoul","jeggs","KAZ",-0.033
"jpoul","jeggs","KGZ",-0.033
"jpoul","jeggs","MDA",-0.033
"jpoul","jeggs","NLD",-0.044
"jpoul","jeggs","NOR",-0.044
"jpoul","jeggs","NZL",-0.011
"jpoul","jeggs","OBN",-0.033
"jpoul","jeggs","POL",-0.033
"jpoul","jeggs","PRT",-0.044
"jpoul","jeggs","ROU",-0.033
"jpoul","jeggs","RUS",-0.033
"jpoul","jeggs","SPP",-0.044
"jpoul","jeggs","SVK",-0.033
"jpoul","jeggs","SVN",-0.033
"jpoul","jeggs","SWE",-0.044
"jpoul","jeggs","TJK",-0.033
"jpoul","jeggs","TKM",-0.033
"jpoul","jeggs","UKP",-0.044
"jpoul","jeggs","UKR",-0.033
"jpoul","jeggs","USA",-0.022
"jpoul","jeggs","UZB",-0.033
"jpoul","jeggs","ZAF",-0.011
"jeggs","jpoul","ARM",-0.022
"jeggs","jpoul","AUS",-0.022
"jeggs","jpoul","AUT",-0.022
"jeggs","jpoul","AZE",-0.022
"jeggs","jpoul","BFA",-0.011
"jeggs","jpoul","BLR",-0.022
"jeggs","jpoul","BLT",-0.022
"jeggs","jpoul","BLX",-0.022
"jeggs","jpoul","BLZ",-0.011
"jeggs","jpoul","BOL",-0.011
"jeggs","jpoul","CAN",-0.011
"jeggs","jpoul","CHL",-0.011
"jeggs","jpoul","CHP",-0.022
"jeggs","jpoul","COL",-0.011
"jeggs","jpoul","CRI",-0.011
"jeggs","jpoul","CUB",-0.011
"jeggs","jpoul","CYP",-0.022
"jeggs","jpoul","DEU",-0.022
"jeggs","jpoul","DJI",-0.011
"jeggs","jpoul","DNK",-0.022
"jeggs","jpoul","DOM",-0.011
"jeggs","jpoul","DZA",-0.022
"jeggs","jpoul","ECU",-0.011
"jeggs","jpoul","EGY",-0.011
"jeggs","jpoul","ERI",-0.011
"jeggs","jpoul","ETH",-0.011
"jeggs","jpoul","FNP",-0.022
"jeggs","jpoul","FRP",-0.022
"jeggs","jpoul","GEO",-0.022
"jeggs","jpoul","GSA",-0.011
"jeggs","jpoul","GTM",-0.011
"jeggs","jpoul","HND",-0.011
"jeggs","jpoul","HTI",-0.011
"jeggs","jpoul","IDN",-0.011
"jeggs","jpoul","IRL",-0.022
"jeggs","jpoul","IRN",-0.022
"jeggs","jpoul","IRQ",-0.022
"jeggs","jpoul","ISL",-0.022
"jeggs","jpoul","ISR",-0.011
"jeggs","jpoul","ITP",-0.022
"jeggs","jpoul","JOR",-0.022
"jeggs","jpoul","KAZ",-0.022
"jeggs","jpoul","KGZ",-0.022
"jeggs","jpoul","KOR",-0.022
"jeggs","jpoul","LBN",-0.022
"jeggs","jpoul","LBY",-0.022
"jeggs","jpoul","MLI",-0.011
"jeggs","jpoul","MNG",-0.022
"jeggs","jpoul","MOR",-0.022
"jeggs","jpoul","MRT",-0.011
"jeggs","jpoul","NER",-0.011
"jeggs","jpoul","NIC",-0.011
"jeggs","jpoul","NLD",-0.022
"jeggs","jpoul","NOR",-0.022
"jeggs","jpoul","NZL",-0.011
"jeggs","jpoul","PAN",-0.011
"jeggs","jpoul","PER",-0.011
"jeggs","jpoul","PRK",-0.022
"jeggs","jpoul","PRT",-0.022
"jeggs","jpoul","PRY",-0.011
"jeggs","jpoul","RAP",-0.022
"jeggs","jpoul","RUS",-0.022
"jeggs","jpoul","SAU",-0.022
"jeggs","jpoul","SDN",-0.011
"jeggs","jpoul","SLV",-0.011
"jeggs","jpoul","SOM",-0.011
"jeggs","jpoul","SPP",-0.022
"jeggs","jpoul","SWE",-0.022
"jeggs","jpoul","SYR",-0.022
"jeggs","jpoul","TCD",-0.011
"jeggs","jpoul","TJK",-0.022
"jeggs","jpoul","TKM",-0.022
"jeggs","jpoul","TUN",-0.022
"jeggs","jpoul","TUR",-0.011
"jeggs","jpoul","UKP",-0.022
"jeggs","jpoul","UKR",-0.022
"jeggs","jpoul","URY",-0.011
"jeggs","jpoul","USA",-0.022
"jeggs","jpoul","UZB",-0.022
"jeggs","jpoul","VEN",-0.011
"jeggs","jpoul","YEM",-0.022
"jeggs","jpoul","ZAF",-0.011
"jeggs","jeggs","AFG",0.275
"jeggs","jeggs","AGO",0.33
"jeggs","jeggs","ALB",0.198
"jeggs","jeggs","ARG",0.33
"jeggs","jeggs","ARM",0.198
"jeggs","jeggs","AUS",0.33
"jeggs","jeggs","AUT",0.308
"jeggs","jeggs","AZE",0.198
"jeggs","jeggs","BDI",0.352
"jeggs","jeggs","BEN",0.275
"jeggs","jeggs","BFA",0.275
"jeggs","jeggs","BGD",0.275
"jeggs","jeggs","BGR",0.198
"jeggs","jeggs","BLR",0.198
"jeggs","jeggs","BLT",0.198
"jeggs","jeggs","BLX",0.308
"jeggs","jeggs","BLZ",0.275
"jeggs","jeggs","BOL",0.275
"jeggs","jeggs","BRA",0.275
"jeggs","jeggs","BTN",0.275
"jeggs","jeggs","BWA",0.33
"jeggs","jeggs","CAF",0.275
"jeggs","jeggs","CAN",0.154
"jeggs","jeggs","CHL",0.275
"jeggs","jeggs","CHM",0.44
"jeggs","jeggs","CHP",0.308
"jeggs","jeggs","CIV",0.275
"jeggs","jeggs","CMR",0.275
"jeggs","jeggs","COD",0.275
"jeggs","jeggs","COG",0.275
"jeggs","jeggs","COL",0.275
"jeggs","jeggs","CRB",0.44
"jeggs","jeggs","CRI",0.275
"jeggs","jeggs","CUB",0.275
"jeggs","jeggs","CYP",0.44
"jeggs","jeggs","CZE",0.198
"jeggs","jeggs","DEU",0.308
"jeggs","jeggs","DJI",0.275
"jeggs","jeggs","DNK",0.308
"jeggs","jeggs","DOM",0.275
"jeggs","jeggs","DZA",0.44
"jeggs","jeggs","ECU",0.275
"jeggs","jeggs","EGY",0.385
"jeggs","jeggs","ERI",0.275
"jeggs","jeggs","ETH",0.275
"jeggs","jeggs","FJI",0.44
"jeggs","jeggs","FNP",0.308
"jeggs","jeggs","FRP",0.308
"jeggs","jeggs","GAB",0.275
"jeggs","jeggs","GEO",0.198
"jeggs","jeggs","GHA",0.275
"jeggs","jeggs","GIN",0.275
"jeggs","jeggs","GMB",0.275
"jeggs","jeggs","GNB",0.275
"jeggs","jeggs","GNQ",0.275
"jeggs","jeggs","GRC",0.198
"jeggs","jeggs","GSA",0.275
"jeggs","jeggs","GTM",0.275
"jeggs","jeggs","HND",0.275
"jeggs","jeggs","HRV",0.198
"jeggs","jeggs","HTI",0.275
"jeggs","jeggs","HUN",0.198
"jeggs","jeggs","IDN",0.385
"jeggs","jeggs","IND",0.352
"jeggs","jeggs","IRL",0.308
"jeggs","jeggs","IRN",0.44
"jeggs","jeggs","IRQ",0.44
"jeggs","jeggs","ISL",0.308
"jeggs","jeggs","ISR",0.154
"jeggs","jeggs","ITP",0.308
"jeggs","jeggs","JAM",0.44
"jeggs","jeggs","JOR",0.44
"jeggs","jeggs","JPN",0.352
"jeggs","jeggs","KAZ",0.154
"jeggs","jeggs","KEN",0.352
"jeggs","jeggs","KGZ",0.154
"jeggs","jeggs","KHM",0.44
"jeggs","jeggs","KOR",0.385
"jeggs","jeggs","LAO",0.44
"jeggs","jeggs","LBN",0.44
"jeggs","jeggs","LBR",0.275
"jeggs","jeggs","LBY",0.44
"jeggs","jeggs","LKA",0.275
"jeggs","jeggs","LSO",0.33
"jeggs","jeggs","MDA",0.198
"jeggs","jeggs","MDG",0.33
"jeggs","jeggs","MEX",0.385
"jeggs","jeggs","MLI",0.275
"jeggs","jeggs","MMR",0.385
"jeggs","jeggs","MNG",0.44
"jeggs","jeggs","MOR",0.44
"jeggs","jeggs","MOZ",0.33
"jeggs","jeggs","MRT",0.275
"jeggs","jeggs","MWI",0.33
"jeggs","jeggs","MYS",0.418
"jeggs","jeggs","NAM",0.33
"jeggs","jeggs","NER",0.275
"jeggs","jeggs","NGA",0.308
"jeggs","jeggs","NIC",0.275
"jeggs","jeggs","NLD",0.308
"jeggs","jeggs","NOR",0.308
"jeggs","jeggs","NPL",0.275
"jeggs","jeggs","NZL",0.154
"jeggs","jeggs","OAO",0.44
"jeggs","jeggs","OBN",0.198
"jeggs","jeggs","OIO",0.44
"jeggs","jeggs","OPO",0.44
"jeggs","jeggs","OSA",0.44
"jeggs","jeggs","PAK",0.33
"jeggs","jeggs","PAN",0.275
"jeggs","jeggs","PER",0.275
"jeggs","jeggs","PHL",0.44
"jeggs","jeggs","PNG",0.44
"jeggs","jeggs","POL",0.198
"jeggs","jeggs","PRK",0.44
"jeggs","jeggs","PRT",0.308
"jeggs","jeggs","PRY",0.275
"jeggs","jeggs","PSE",0.275
"jeggs","jeggs","RAP",0.44
"jeggs","jeggs","ROU",0.198
"jeggs","jeggs","RUS",0.198
"jeggs","jeggs","RWA",0.352
"jeggs","jeggs","SAU",0.44
"jeggs","jeggs","SDN",0.275
"jeggs","jeggs","SEN",0.275
"jeggs","jeggs","SLB",0.44
"jeggs","jeggs","SLE",0.275
"jeggs","jeggs","SLV",0.275
"jeggs","jeggs","SOM",0.275
"jeggs","jeggs","SPP",0.308
"jeggs","jeggs","SVK",0.198
"jeggs","jeggs","SVN",0.198
"jeggs","jeggs","SWE",0.308
"jeggs","jeggs","SWZ",0.33
"jeggs","jeggs","SYR",0.44
"jeggs","jeggs","TCD",0.275
"jeggs","jeggs","TGO",0.275
"jeggs","jeggs","THA",0.22
"jeggs","jeggs","TJK",0.154
"jeggs","jeggs","TKM",0.154
"jeggs","jeggs","TLS",0.44
"jeggs","jeggs","TUN",0.44
"jeggs","jeggs","TUR",0.385
"jeggs","jeggs","TZA",0.352
"jeggs","jeggs","UGA",0.352
"jeggs","jeggs","UKP",0.308
"jeggs","jeggs","UKR",0.198
"jeggs","jeggs","URY",0.275
"jeggs","jeggs","USA",0.308
"jeggs","jeggs","UZB",0.154
"jeggs","jeggs","VEN",0.275
"jeggs","jeggs","VNM",0.385
"jeggs","jeggs","VUT",0.44
"jeggs","jeggs","YEM",0.44
"jeggs","jeggs","ZAF",0.154
"jeggs","jeggs","ZMB",0.33
"jeggs","jeggs","ZWE",0.33
"jmilk","jbeef","ALB",0.044
"jmilk","jbeef","ARG",0.099
"jmilk","jbeef","ARM",0.033
"jmilk","jbeef","AUS",0.099
"jmilk","jbeef","AUT",0.088
"jmilk","jbeef","AZE",0.033
"jmilk","jbeef","BGR",0.044
"jmilk","jbeef","BLR",0.033
"jmilk","jbeef","BLT",0.033
"jmilk","jbeef","BLX",0.088
"jmilk","jbeef","BLZ",0.033
"jmilk","jbeef","BOL",0.033
"jmilk","jbeef","BRA",0.044
"jmilk","jbeef","CAN",0.066
"jmilk","jbeef","CHL",0.033
"jmilk","jbeef","CHP",0.088
"jmilk","jbeef","COL",0.033
"jmilk","jbeef","CRI",0.033
"jmilk","jbeef","CUB",0.033
"jmilk","jbeef","CYP",0.033
"jmilk","jbeef","CZE",0.044
"jmilk","jbeef","DEU",0.088
"jmilk","jbeef","DNK",0.088
"jmilk","jbeef","DOM",0.033
"jmilk","jbeef","DZA",0.033
"jmilk","jbeef","ECU",0.033
"jmilk","jbeef","EGY",0.044
"jmilk","jbeef","FNP",0.088
"jmilk","jbeef","FRP",0.088
"jmilk","jbeef","GEO",0.033
"jmilk","jbeef","GRC",0.044
"jmilk","jbeef","GSA",0.033
"jmilk","jbeef","GTM",0.033
"jmilk","jbeef","HND",0.033
"jmilk","jbeef","HRV",0.044
"jmilk","jbeef","HTI",0.033
"jmilk","jbeef","HUN",0.044
"jmilk","jbeef","IRL",0.088
"jmilk","jbeef","IRN",0.033
"jmilk","jbeef","IRQ",0.033
"jmilk","jbeef","ISL",0.088
"jmilk","jbeef","ISR",0.066
"jmilk","jbeef","ITP",0.088
"jmilk","jbeef","JOR",0.033
"jmilk","jbeef","JPN",0.055
"jmilk","jbeef","KAZ",0.044
"jmilk","jbeef","KGZ",0.044
"jmilk","jbeef","LBN",0.033
"jmilk","jbeef","LBY",0.033
"jmilk","jbeef","MDA",0.044
"jmilk","jbeef","MEX",0.055
"jmilk","jbeef","MOR",0.033
"jmilk","jbeef","NIC",0.033
"jmilk","jbeef","NLD",0.088
"jmilk","jbeef","NOR",0.088
"jmilk","jbeef","NZL",0.066
"jmilk","jbeef","OBN",0.044
"jmilk","jbeef","PAN",0.033
"jmilk","jbeef","PER",0.033
"jmilk","jbeef","POL",0.044
"jmilk","jbeef","PRT",0.088
"jmilk","jbeef","PRY",0.033
"jmilk","jbeef","RAP",0.033
"jmilk","jbeef","ROU",0.044
"jmilk","jbeef","RUS",0.033
"jmilk","jbeef","SAU",0.033
"jmilk","jbeef","SLV",0.033
"jmilk","jbeef","SPP",0.088
"jmilk","jbeef","SVK",0.044
"jmilk","jbeef","SVN",0.044
"jmilk","jbeef","SWE",0.088
"jmilk","jbeef","SYR",0.033
"jmilk","jbeef","TJK",0.044
"jmilk","jbeef","TKM",0.044
"jmilk","jbeef","TUN",0.033
"jmilk","jbeef","TUR",0.033
"jmilk","jbeef","UKP",0.088
"jmilk","jbeef","UKR",0.033
"jmilk","jbeef","URY",0.033
"jmilk","jbeef","USA",0.033
"jmilk","jbeef","UZB",0.044
"jmilk","jbeef","VEN",0.033
"jmilk","jbeef","YEM",0.033
"jmilk","jbeef","ZAF",0.066
"jmilk","jlamb","AUS",-0.033
"jmilk","jlamb","CAN",-0.022
"jmilk","jlamb","ISR",-0.022
"jmilk","jlamb","NZL",-0.022
"jmilk","jlamb","ZAF",-0.022
"jmilk","jmilk","AFG",0.396
"jmilk","jmilk","AGO",0.44
"jmilk","jmilk","ALB",0.33
"jmilk","jmilk","ARG",0.418
"jmilk","jmilk","ARM",0.22
"jmilk","jmilk","AUS",0.418
"jmilk","jmilk","AUT",0.462
"jmilk","jmilk","AZE",0.22
"jmilk","jmilk","BDI",0.385
"jmilk","jmilk","BEN",0.385
"jmilk","jmilk","BFA",0.44
"jmilk","jmilk","BGD",0.396
"jmilk","jmilk","BGR",0.33
"jmilk","jmilk","BLR",0.22
"jmilk","jmilk","BLT",0.22
"jmilk","jmilk","BLX",0.462
"jmilk","jmilk","BLZ",0.308
"jmilk","jmilk","BOL",0.308
"jmilk","jmilk","BRA",0.385
"jmilk","jmilk","BTN",0.396
"jmilk","jmilk","BWA",0.44
"jmilk","jmilk","CAF",0.385
"jmilk","jmilk","CAN",0.363
"jmilk","jmilk","CHL",0.308
"jmilk","jmilk","CHM",0.33
"jmilk","jmilk","CHP",0.462
"jmilk","jmilk","CIV",0.385
"jmilk","jmilk","CMR",0.385
"jmilk","jmilk","COD",0.385
"jmilk","jmilk","COG",0.385
"jmilk","jmilk","COL",0.264
"jmilk","jmilk","CRB",0.396
"jmilk","jmilk","CRI",0.308
"jmilk","jmilk","CUB",0.308
"jmilk","jmilk","CYP",0.484
"jmilk","jmilk","CZE",0.33
"jmilk","jmilk","DEU",0.462
"jmilk","jmilk","DJI",0.44
"jmilk","jmilk","DNK",0.462
"jmilk","jmilk","DOM",0.308
"jmilk","jmilk","DZA",0.484
"jmilk","jmilk","ECU",0.308
"jmilk","jmilk","EGY",0.385
"jmilk","jmilk","ERI",0.44
"jmilk","jmilk","ETH",0.44
"jmilk","jmilk","FJI",0.396
"jmilk","jmilk","FNP",0.462
"jmilk","jmilk","FRP",0.462
"jmilk","jmilk","GAB",0.385
"jmilk","jmilk","GEO",0.22
"jmilk","jmilk","GHA",0.385
"jmilk","jmilk","GIN",0.385
"jmilk","jmilk","GMB",0.385
"jmilk","jmilk","GNB",0.385
"jmilk","jmilk","GNQ",0.385
"jmilk","jmilk","GRC",0.33
"jmilk","jmilk","GSA",0.308
"jmilk","jmilk","GTM",0.308
"jmilk","jmilk","HND",0.308
"jmilk","jmilk","HRV",0.33
"jmilk","jmilk","HTI",0.308
"jmilk","jmilk","HUN",0.33
"jmilk","jmilk","IDN",0.44
"jmilk","jmilk","IND",0.363
"jmilk","jmilk","IRL",0.462
"jmilk","jmilk","IRN",0.484
"jmilk","jmilk","IRQ",0.484
"jmilk","jmilk","ISL",0.462
"jmilk","jmilk","ISR",0.363
"jmilk","jmilk","ITP",0.462
"jmilk","jmilk","JAM",0.396
"jmilk","jmilk","JOR",0.484
"jmilk","jmilk","JPN",0.286
"jmilk","jmilk","KAZ",0.22
"jmilk","jmilk","KEN",0.385
"jmilk","jmilk","KGZ",0.22
"jmilk","jmilk","KHM",0.44
"jmilk","jmilk","KOR",0.484
"jmilk","jmilk","LAO",0.44
"jmilk","jmilk","LBN",0.484
"jmilk","jmilk","LBR",0.385
"jmilk","jmilk","LBY",0.484
"jmilk","jmilk","LKA",0.396
"jmilk","jmilk","LSO",0.44
"jmilk","jmilk","MDA",0.33
"jmilk","jmilk","MDG",0.44
"jmilk","jmilk","MEX",0.385
"jmilk","jmilk","MLI",0.44
"jmilk","jmilk","MMR",0.385
"jmilk","jmilk","MNG",0.396
"jmilk","jmilk","MOR",0.484
"jmilk","jmilk","MOZ",0.44
"jmilk","jmilk","MRT",0.44
"jmilk","jmilk","MWI",0.44
"jmilk","jmilk","MYS",0.308
"jmilk","jmilk","NAM",0.44
"jmilk","jmilk","NER",0.44
"jmilk","jmilk","NGA",0.44
"jmilk","jmilk","NIC",0.308
"jmilk","jmilk","NLD",0.462
"jmilk","jmilk","NOR",0.462
"jmilk","jmilk","NPL",0.396
"jmilk","jmilk","NZL",0.363
"jmilk","jmilk","OAO",0.396
"jmilk","jmilk","OBN",0.33
"jmilk","jmilk","OIO",0.396
"jmilk","jmilk","OPO",0.396
"jmilk","jmilk","OSA",0.44
"jmilk","jmilk","PAK",0.33
"jmilk","jmilk","PAN",0.308
"jmilk","jmilk","PER",0.308
"jmilk","jmilk","PHL",0.352
"jmilk","jmilk","PNG",0.396
"jmilk","jmilk","POL",0.33
"jmilk","jmilk","PRK",0.396
"jmilk","jmilk","PRT",0.462
"jmilk","jmilk","PRY",0.308
"jmilk","jmilk","PSE",0.385
"jmilk","jmilk","RAP",0.484
"jmilk","jmilk","ROU",0.33
"jmilk","jmilk","RUS",0.22
"jmilk","jmilk","RWA",0.385
"jmilk","jmilk","SAU",0.484
"jmilk","jmilk","SDN",0.44
"jmilk","jmilk","SEN",0.385
"jmilk","jmilk","SLB",0.396
"jmilk","jmilk","SLE",0.385
"jmilk","jmilk","SLV",0.308
"jmilk","jmilk","SOM",0.44
"jmilk","jmilk","SPP",0.462
"jmilk","jmilk","SVK",0.33
"jmilk","jmilk","SVN",0.33
"jmilk","jmilk","SWE",0.462
"jmilk","jmilk","SWZ",0.44
"jmilk","jmilk","SYR",0.484
"jmilk","jmilk","TCD",0.44
"jmilk","jmilk","TGO",0.385
"jmilk","jmilk","THA",0.33
"jmilk","jmilk","TJK",0.22
"jmilk","jmilk","TKM",0.22
"jmilk","jmilk","TLS",0.396
"jmilk","jmilk","TUN",0.484
"jmilk","jmilk","TUR",0.44
"jmilk","jmilk","TZA",0.385
"jmilk","jmilk","UGA",0.385
"jmilk","jmilk","UKP",0.462
"jmilk","jmilk","UKR",0.22
"jmilk","jmilk","URY",0.308
"jmilk","jmilk","USA",0.407
"jmilk","jmilk","UZB",0.22
"jmilk","jmilk","VEN",0.308
"jmilk","jmilk","VNM",0.33
"jmilk","jmilk","VUT",0.396
"jmilk","jmilk","YEM",0.484
"jmilk","jmilk","ZAF",0.363
"jmilk","jmilk","ZMB",0.44
"jmilk","jmilk","ZWE",0.44
