"C","J","CTY","Val"
"csugc","jsugrc","AFG",-0.5
"csugc","jsugrc","AGO",-0.5
"csugc","jsugrc","ARG",-0.5
"csugc","jsugrc","AUS",-0.5
"csugc","jsugrc","BDI",-0.5
"csugc","jsugrc","BEN",-0.5
"csugc","jsugrc","BFA",-0.5
"csugc","jsugrc","BGD",-0.5
"csugc","jsugrc","BLZ",-0.5
"csugc","jsugrc","BOL",-0.5
"csugc","jsugrc","BRA",-0.5
"csugc","jsugrc","BTN",-0.5
"csugc","jsugrc","CAF",-0.5
"csugc","jsugrc","CHM",-0.5
"csugc","jsugrc","CIV",-0.5
"csugc","jsugrc","CMR",-0.5
"csugc","jsugrc","COD",-0.5
"csugc","jsugrc","COG",-0.5
"csugc","jsugrc","COL",-0.5
"csugc","jsugrc","CRB",-0.5
"csugc","jsugrc","CRI",-0.5
"csugc","jsugrc","CUB",-0.5
"csugc","jsugrc","DJI",-0.5
"csugc","jsugrc","DOM",-0.5
"csugc","jsugrc","ECU",-0.5
"csugc","jsugrc","EGY",-0.5
"csugc","jsugrc","ETH",-0.5
"csugc","jsugrc","FJI",-0.5
"csugc","jsugrc","GAB",-0.5
"csugc","jsugrc","GHA",-0.5
"csugc","jsugrc","GIN",-0.5
"csugc","jsugrc","GNB",-0.5
"csugc","jsugrc","GSA",-0.5
"csugc","jsugrc","GTM",-0.5
"csugc","jsugrc","HND",-0.5
"csugc","jsugrc","HTI",-0.5
"csugc","jsugrc","IDN",-0.5
"csugc","jsugrc","IND",-0.5
"csugc","jsugrc","IRN",-0.5
"csugc","jsugrc","JAM",-0.5
"csugc","jsugrc","JPN",-0.5
"csugc","jsugrc","KEN",-0.5
"csugc","jsugrc","KHM",-0.5
"csugc","jsugrc","LAO",-0.5
"csugc","jsugrc","LBR",-0.5
"csugc","jsugrc","LKA",-0.5
"csugc","jsugrc","MDG",-0.5
"csugc","jsugrc","MEX",-0.5
"csugc","jsugrc","MLI",-0.5
"csugc","jsugrc","MMR",-0.5
"csugc","jsugrc","MOR",-0.5
"csugc","jsugrc","MOZ",-0.5
"csugc","jsugrc","MWI",-0.5
"csugc","jsugrc","MYS",-0.5
"csugc","jsugrc","NER",-0.5
"csugc","jsugrc","NGA",-0.5
"csugc","jsugrc","NIC",-0.5
"csugc","jsugrc","NPL",-0.5
"csugc","jsugrc","OAO",-0.5
"csugc","jsugrc","OIO",-0.5
"csugc","jsugrc","OPO",-0.5
"csugc","jsugrc","OSA",-0.5
"csugc","jsugrc","PAK",-0.5
"csugc","jsugrc","PAN",-0.5
"csugc","jsugrc","PER",-0.5
"csugc","jsugrc","PHL",-0.5
"csugc","jsugrc","PNG",-0.5
"csugc","jsugrc","PRY",-0.5
"csugc","jsugrc","RAP",-0.5
"csugc","jsugrc","RWA",-0.5
"csugc","jsugrc","SDN",-0.5
"csugc","jsugrc","SEN",-0.5
"csugc","jsugrc","SLE",-0.5
"csugc","jsugrc","SLV",-0.5
"csugc","jsugrc","SOM",-0.5
"csugc","jsugrc","SWZ",-0.5
"csugc","jsugrc","TCD",-0.5
"csugc","jsugrc","THA",-0.5
"csugc","jsugrc","TZA",-0.5
"csugc","jsugrc","UGA",-0.5
"csugc","jsugrc","URY",-0.5
"csugc","jsugrc","USA",-0.5
"csugc","jsugrc","VEN",-0.5
"csugc","jsugrc","VNM",-0.5
"csugc","jsugrc","VUT",-0.5
"csugc","jsugrc","ZAF",-0.5
"csugc","jsugrc","ZMB",-0.5
"csugc","jsugrc","ZWE",-0.5
"csugb","jsugrb","AFG",-0.5
"csugb","jsugrb","ALB",-0.5
"csugb","jsugrb","ARM",-0.5
"csugb","jsugrb","AUT",-0.5
"csugb","jsugrb","AZE",-0.5
"csugb","jsugrb","BLR",-0.5
"csugb","jsugrb","BLT",-0.5
"csugb","jsugrb","BLX",-0.5
"csugb","jsugrb","CAN",-0.5
"csugb","jsugrb","CHL",-0.5
"csugb","jsugrb","CHM",-0.5
"csugb","jsugrb","CHP",-0.5
"csugb","jsugrb","CZE",-0.5
"csugb","jsugrb","DEU",-0.5
"csugb","jsugrb","DNK",-0.5
"csugb","jsugrb","EGY",-0.5
"csugb","jsugrb","FNP",-0.5
"csugb","jsugrb","FRP",-0.5
"csugb","jsugrb","GRC",-0.5
"csugb","jsugrb","HRV",-0.5
"csugb","jsugrb","HUN",-0.5
"csugb","jsugrb","IRN",-0.5
"csugb","jsugrb","IRQ",-0.5
"csugb","jsugrb","ITP",-0.5
"csugb","jsugrb","JPN",-0.5
"csugb","jsugrb","KAZ",-0.5
"csugb","jsugrb","KGZ",-0.5
"csugb","jsugrb","LBN",-0.5
"csugb","jsugrb","MDA",-0.5
"csugb","jsugrb","MOR",-0.5
"csugb","jsugrb","NLD",-0.5
"csugb","jsugrb","OBN",-0.5
"csugb","jsugrb","POL",-0.5
"csugb","jsugrb","ROU",-0.5
"csugb","jsugrb","RUS",-0.5
"csugb","jsugrb","SPP",-0.5
"csugb","jsugrb","SVK",-0.5
"csugb","jsugrb","SVN",-0.5
"csugb","jsugrb","SWE",-0.5
"csugb","jsugrb","SYR",-0.5
"csugb","jsugrb","TKM",-0.5
"csugb","jsugrb","TUN",-0.5
"csugb","jsugrb","TUR",-0.5
"csugb","jsugrb","UKP",-0.5
"csugb","jsugrb","UKR",-0.5
"csugb","jsugrb","USA",-0.5
"csugb","jsugrb","UZB",-0.5
"csugb","jsugrb","VEN",-0.5
"cgrnd","jgdolt","CRB",-0.5
"cgrnd","jgdolt","CUB",-0.5
"cgrnd","jgdolt","DZA",-0.5
"cgrnd","jgdolt","IRQ",-0.5
"cgrnd","jgdolt","LBN",-0.5
"cgrnd","jgdolt","MYS",-0.5
"cgrnd","jgdolt","SAU",-0.5
"cgrnd","jgdolt","THA",-0.5
"cgdnt","jgdoln","AGO",-0.5
"cgdnt","jgdoln","ARG",-0.5
"cgdnt","jgdoln","AUS",-0.5
"cgdnt","jgdoln","BDI",-0.5
"cgdnt","jgdoln","BEN",-0.5
"cgdnt","jgdoln","BFA",-0.5
"cgdnt","jgdoln","BGD",-0.5
"cgdnt","jgdoln","BOL",-0.5
"cgdnt","jgdoln","BRA",-0.5
"cgdnt","jgdoln","CAF",-0.5
"cgdnt","jgdoln","CHM",-0.5
"cgdnt","jgdoln","CIV",-0.5
"cgdnt","jgdoln","CMR",-0.5
"cgdnt","jgdoln","COD",-0.5
"cgdnt","jgdoln","COG",-0.5
"cgdnt","jgdoln","CRB",-0.5
"cgdnt","jgdoln","CUB",-0.5
"cgdnt","jgdoln","DOM",-0.5
"cgdnt","jgdoln","DZA",-0.5
"cgdnt","jgdoln","EGY",-0.5
"cgdnt","jgdoln","ETH",-0.5
"cgdnt","jgdoln","GHA",-0.5
"cgdnt","jgdoln","GIN",-0.5
"cgdnt","jgdoln","GMB",-0.5
"cgdnt","jgdoln","GNB",-0.5
"cgdnt","jgdoln","GTM",-0.5
"cgdnt","jgdoln","IDN",-0.5
"cgdnt","jgdoln","IND",-0.5
"cgdnt","jgdoln","IRQ",-0.5
"cgdnt","jgdoln","KHM",-0.5
"cgdnt","jgdoln","KOR",-0.5
"cgdnt","jgdoln","LAO",-0.5
"cgdnt","jgdoln","LBN",-0.5
"cgdnt","jgdoln","LKA",-0.5
"cgdnt","jgdoln","MDG",-0.5
"cgdnt","jgdoln","MEX",-0.5
"cgdnt","jgdoln","MLI",-0.5
"cgdnt","jgdoln","MMR",-0.5
"cgdnt","jgdoln","MOR",-0.5
"cgdnt","jgdoln","MOZ",-0.5
"cgdnt","jgdoln","MWI",-0.5
"cgdnt","jgdoln","MYS",-0.5
"cgdnt","jgdoln","NER",-0.5
"cgdnt","jgdoln","NGA",-0.5
"cgdnt","jgdoln","NIC",-0.5
"cgdnt","jgdoln","PAK",-0.5
"cgdnt","jgdoln","PHL",-0.5
"cgdnt","jgdoln","PRY",-0.5
"cgdnt","jgdoln","RWA",-0.5
"cgdnt","jgdoln","SAU",-0.5
"cgdnt","jgdoln","SDN",-0.5
"cgdnt","jgdoln","SEN",-0.5
"cgdnt","jgdoln","SLE",-0.5
"cgdnt","jgdoln","TCD",-0.5
"cgdnt","jgdoln","TGO",-0.5
"cgdnt","jgdoln","THA",-0.5
"cgdnt","jgdoln","TZA",-0.5
"cgdnt","jgdoln","UGA",-0.5
"cgdnt","jgdoln","USA",-0.5
"cgdnt","jgdoln","VEN",-0.5
"cgdnt","jgdoln","VNM",-0.5
"cgdnt","jgdoln","ZAF",-0.5
"cgdnt","jgdoln","ZMB",-0.5
"cgdnt","jgdoln","ZWE",-0.5
"crpsd","jrpolt","AUT",-0.5
"crpsd","jrpolt","BGD",-0.5
"crpsd","jrpolt","BLR",-0.5
"crpsd","jrpolt","BLX",-0.5
"crpsd","jrpolt","CHL",-0.5
"crpsd","jrpolt","DEU",-0.5
"crpsd","jrpolt","DZA",-0.5
"crpsd","jrpolt","FNP",-0.5
"crpsd","jrpolt","FRP",-0.5
"crpsd","jrpolt","GRC",-0.5
"crpsd","jrpolt","IRN",-0.5
"crpsd","jrpolt","ISR",-0.5
"crpsd","jrpolt","ITP",-0.5
"crpsd","jrpolt","JPN",-0.5
"crpsd","jrpolt","KOR",-0.5
"crpsd","jrpolt","MDA",-0.5
"crpsd","jrpolt","MEX",-0.5
"crpsd","jrpolt","NLD",-0.5
"crpsd","jrpolt","NOR",-0.5
"crpsd","jrpolt","NPL",-0.5
"crpsd","jrpolt","PAK",-0.5
"crpsd","jrpolt","SVN",-0.5
"crpsd","jrpolt","TUR",-0.5
"crpsd","jrpolt","UKP",-0.5
"crpsd","jrpolt","USA",-0.5
"crpnt","jrpoln","ARG",-0.5
"crpnt","jrpoln","AUS",-0.5
"crpnt","jrpoln","AUT",-0.5
"crpnt","jrpoln","BGD",-0.5
"crpnt","jrpoln","BGR",-0.5
"crpnt","jrpoln","BLR",-0.5
"crpnt","jrpoln","BLT",-0.5
"crpnt","jrpoln","BLX",-0.5
"crpnt","jrpoln","BRA",-0.5
"crpnt","jrpoln","CAN",-0.5
"crpnt","jrpoln","CHL",-0.5
"crpnt","jrpoln","CHM",-0.5
"crpnt","jrpoln","CHP",-0.5
"crpnt","jrpoln","CZE",-0.5
"crpnt","jrpoln","DEU",-0.5
"crpnt","jrpoln","DNK",-0.5
"crpnt","jrpoln","DZA",-0.5
"crpnt","jrpoln","ETH",-0.5
"crpnt","jrpoln","FNP",-0.5
"crpnt","jrpoln","FRP",-0.5
"crpnt","jrpoln","GRC",-0.5
"crpnt","jrpoln","HRV",-0.5
"crpnt","jrpoln","HUN",-0.5
"crpnt","jrpoln","IND",-0.5
"crpnt","jrpoln","IRL",-0.5
"crpnt","jrpoln","IRN",-0.5
"crpnt","jrpoln","ISR",-0.5
"crpnt","jrpoln","ITP",-0.5
"crpnt","jrpoln","JPN",-0.5
"crpnt","jrpoln","KAZ",-0.5
"crpnt","jrpoln","KOR",-0.5
"crpnt","jrpoln","MDA",-0.5
"crpnt","jrpoln","MEX",-0.5
"crpnt","jrpoln","MMR",-0.5
"crpnt","jrpoln","MOR",-0.5
"crpnt","jrpoln","MYS",-0.5
"crpnt","jrpoln","NLD",-0.5
"crpnt","jrpoln","NOR",-0.5
"crpnt","jrpoln","NPL",-0.5
"crpnt","jrpoln","OBN",-0.5
"crpnt","jrpoln","PAK",-0.5
"crpnt","jrpoln","POL",-0.5
"crpnt","jrpoln","PRY",-0.5
"crpnt","jrpoln","ROU",-0.5
"crpnt","jrpoln","RUS",-0.5
"crpnt","jrpoln","SPP",-0.5
"crpnt","jrpoln","SVK",-0.5
"crpnt","jrpoln","SVN",-0.5
"crpnt","jrpoln","SWE",-0.5
"crpnt","jrpoln","TUR",-0.5
"crpnt","jrpoln","UKP",-0.5
"crpnt","jrpoln","UKR",-0.5
"crpnt","jrpoln","URY",-0.5
"crpnt","jrpoln","USA",-0.5
"crpnt","jrpoln","UZB",-0.5
"crpnt","jrpoln","ZAF",-0.5
"csoyb","jsbolt","AUS",-0.5
"csoyb","jsbolt","AZE",-0.5
"csoyb","jsbolt","BGD",-0.5
"csoyb","jsbolt","BGR",-0.5
"csoyb","jsbolt","BLT",-0.5
"csoyb","jsbolt","BLX",-0.5
"csoyb","jsbolt","CHP",-0.5
"csoyb","jsbolt","COL",-0.5
"csoyb","jsbolt","CUB",-0.5
"csoyb","jsbolt","DEU",-0.5
"csoyb","jsbolt","ECU",-0.5
"csoyb","jsbolt","EGY",-0.5
"csoyb","jsbolt","FRP",-0.5
"csoyb","jsbolt","GAB",-0.5
"csoyb","jsbolt","GRC",-0.5
"csoyb","jsbolt","HND",-0.5
"csoyb","jsbolt","HRV",-0.5
"csoyb","jsbolt","IRN",-0.5
"csoyb","jsbolt","IRQ",-0.5
"csoyb","jsbolt","ITP",-0.5
"csoyb","jsbolt","JPN",-0.5
"csoyb","jsbolt","KHM",-0.5
"csoyb","jsbolt","KOR",-0.5
"csoyb","jsbolt","LAO",-0.5
"csoyb","jsbolt","LKA",-0.5
"csoyb","jsbolt","MEX",-0.5
"csoyb","jsbolt","MMR",-0.5
"csoyb","jsbolt","MOR",-0.5
"csoyb","jsbolt","NPL",-0.5
"csoyb","jsbolt","PAK",-0.5
"csoyb","jsbolt","PER",-0.5
"csoyb","jsbolt","PHL",-0.5
"csoyb","jsbolt","POL",-0.5
"csoyb","jsbolt","SPP",-0.5
"csoyb","jsbolt","THA",-0.5
"csoyb","jsbolt","TUR",-0.5
"csoyb","jsbolt","VEN",-0.5
"csoyb","jsbolt","VNM",-0.5
"csoyb","jsbolt","ZWE",-0.5
"csbnt","jsboln","ARG",-0.5
"csbnt","jsboln","AUS",-0.5
"csbnt","jsboln","AUT",-0.5
"csbnt","jsboln","AZE",-0.5
"csbnt","jsboln","BEN",-0.5
"csbnt","jsboln","BGD",-0.5
"csbnt","jsboln","BGR",-0.5
"csbnt","jsboln","BLT",-0.5
"csbnt","jsboln","BLX",-0.5
"csbnt","jsboln","BLZ",-0.5
"csbnt","jsboln","BOL",-0.5
"csbnt","jsboln","BRA",-0.5
"csbnt","jsboln","CAN",-0.5
"csbnt","jsboln","CHM",-0.5
"csbnt","jsboln","CHP",-0.5
"csbnt","jsboln","CMR",-0.5
"csbnt","jsboln","COL",-0.5
"csbnt","jsboln","CUB",-0.5
"csbnt","jsboln","CZE",-0.5
"csbnt","jsboln","DEU",-0.5
"csbnt","jsboln","ECU",-0.5
"csbnt","jsboln","EGY",-0.5
"csbnt","jsboln","ETH",-0.5
"csbnt","jsboln","FRP",-0.5
"csbnt","jsboln","GAB",-0.5
"csbnt","jsboln","GEO",-0.5
"csbnt","jsboln","GHA",-0.5
"csbnt","jsboln","GRC",-0.5
"csbnt","jsboln","GTM",-0.5
"csbnt","jsboln","HND",-0.5
"csbnt","jsboln","HRV",-0.5
"csbnt","jsboln","HUN",-0.5
"csbnt","jsboln","IND",-0.5
"csbnt","jsboln","IRN",-0.5
"csbnt","jsboln","IRQ",-0.5
"csbnt","jsboln","ITP",-0.5
"csbnt","jsboln","JPN",-0.5
"csbnt","jsboln","KAZ",-0.5
"csbnt","jsboln","KHM",-0.5
"csbnt","jsboln","KOR",-0.5
"csbnt","jsboln","LAO",-0.5
"csbnt","jsboln","LKA",-0.5
"csbnt","jsboln","MDA",-0.5
"csbnt","jsboln","MEX",-0.5
"csbnt","jsboln","MMR",-0.5
"csbnt","jsboln","MOR",-0.5
"csbnt","jsboln","MOZ",-0.5
"csbnt","jsboln","MWI",-0.5
"csbnt","jsboln","NGA",-0.5
"csbnt","jsboln","NIC",-0.5
"csbnt","jsboln","NPL",-0.5
"csbnt","jsboln","OBN",-0.5
"csbnt","jsboln","PAK",-0.5
"csbnt","jsboln","PER",-0.5
"csbnt","jsboln","PHL",-0.5
"csbnt","jsboln","POL",-0.5
"csbnt","jsboln","PRY",-0.5
"csbnt","jsboln","ROU",-0.5
"csbnt","jsboln","RUS",-0.5
"csbnt","jsboln","SPP",-0.5
"csbnt","jsboln","SVK",-0.5
"csbnt","jsboln","SYR",-0.5
"csbnt","jsboln","TGO",-0.5
"csbnt","jsboln","THA",-0.5
"csbnt","jsboln","TUR",-0.5
"csbnt","jsboln","UGA",-0.5
"csbnt","jsboln","UKR",-0.5
"csbnt","jsboln","URY",-0.5
"csbnt","jsboln","USA",-0.5
"csbnt","jsboln","UZB",-0.5
"csbnt","jsboln","VEN",-0.5
"csbnt","jsboln","VNM",-0.5
"csbnt","jsboln","ZAF",-0.5
"csbnt","jsboln","ZMB",-0.5
"csbnt","jsboln","ZWE",-0.5
"csnfl","jsfolt","AFG",-0.5
"csnfl","jsfolt","ALB",-0.5
"csnfl","jsfolt","AUS",-0.5
"csnfl","jsfolt","AUT",-0.5
"csnfl","jsfolt","AZE",-0.5
"csnfl","jsfolt","BLR",-0.5
"csnfl","jsfolt","BLX",-0.5
"csnfl","jsfolt","BRA",-0.5
"csnfl","jsfolt","CHL",-0.5
"csnfl","jsfolt","CHP",-0.5
"csnfl","jsfolt","CZE",-0.5
"csnfl","jsfolt","DEU",-0.5
"csnfl","jsfolt","DZA",-0.5
"csnfl","jsfolt","EGY",-0.5
"csnfl","jsfolt","GEO",-0.5
"csnfl","jsfolt","IND",-0.5
"csnfl","jsfolt","IRN",-0.5
"csnfl","jsfolt","IRQ",-0.5
"csnfl","jsfolt","ISR",-0.5
"csnfl","jsfolt","ITP",-0.5
"csnfl","jsfolt","KEN",-0.5
"csnfl","jsfolt","MEX",-0.5
"csnfl","jsfolt","MOR",-0.5
"csnfl","jsfolt","MOZ",-0.5
"csnfl","jsfolt","PAK",-0.5
"csnfl","jsfolt","POL",-0.5
"csnfl","jsfolt","PRT",-0.5
"csnfl","jsfolt","PRY",-0.5
"csnfl","jsfolt","SPP",-0.5
"csnfl","jsfolt","TJK",-0.5
"csnfl","jsfolt","TUN",-0.5
"csnfl","jsfolt","URY",-0.5
"csnfl","jsfolt","UZB",-0.5
"csnfl","jsfolt","VEN",-0.5
"csfnt","jsfoln","AFG",-0.5
"csfnt","jsfoln","AGO",-0.5
"csfnt","jsfoln","ALB",-0.5
"csfnt","jsfoln","ARG",-0.5
"csfnt","jsfoln","AUS",-0.5
"csfnt","jsfoln","AUT",-0.5
"csfnt","jsfoln","AZE",-0.5
"csfnt","jsfoln","BGR",-0.5
"csfnt","jsfoln","BLR",-0.5
"csfnt","jsfoln","BLX",-0.5
"csfnt","jsfoln","BOL",-0.5
"csfnt","jsfoln","BRA",-0.5
"csfnt","jsfoln","CAN",-0.5
"csfnt","jsfoln","CHL",-0.5
"csfnt","jsfoln","CHM",-0.5
"csfnt","jsfoln","CHP",-0.5
"csfnt","jsfoln","CZE",-0.5
"csfnt","jsfoln","DEU",-0.5
"csfnt","jsfoln","DZA",-0.5
"csfnt","jsfoln","EGY",-0.5
"csfnt","jsfoln","FRP",-0.5
"csfnt","jsfoln","GEO",-0.5
"csfnt","jsfoln","GRC",-0.5
"csfnt","jsfoln","HRV",-0.5
"csfnt","jsfoln","HUN",-0.5
"csfnt","jsfoln","IND",-0.5
"csfnt","jsfoln","IRN",-0.5
"csfnt","jsfoln","IRQ",-0.5
"csfnt","jsfoln","ISR",-0.5
"csfnt","jsfoln","ITP",-0.5
"csfnt","jsfoln","KAZ",-0.5
"csfnt","jsfoln","KEN",-0.5
"csfnt","jsfoln","MDA",-0.5
"csfnt","jsfoln","MEX",-0.5
"csfnt","jsfoln","MMR",-0.5
"csfnt","jsfoln","MOR",-0.5
"csfnt","jsfoln","MOZ",-0.5
"csfnt","jsfoln","MWI",-0.5
"csfnt","jsfoln","OBN",-0.5
"csfnt","jsfoln","PAK",-0.5
"csfnt","jsfoln","POL",-0.5
"csfnt","jsfoln","PRT",-0.5
"csfnt","jsfoln","PRY",-0.5
"csfnt","jsfoln","ROU",-0.5
"csfnt","jsfoln","RUS",-0.5
"csfnt","jsfoln","SDN",-0.5
"csfnt","jsfoln","SPP",-0.5
"csfnt","jsfoln","SVK",-0.5
"csfnt","jsfoln","SYR",-0.5
"csfnt","jsfoln","THA",-0.5
"csfnt","jsfoln","TJK",-0.5
"csfnt","jsfoln","TUN",-0.5
"csfnt","jsfoln","TUR",-0.5
"csfnt","jsfoln","TZA",-0.5
"csfnt","jsfoln","UGA",-0.5
"csfnt","jsfoln","UKR",-0.5
"csfnt","jsfoln","URY",-0.5
"csfnt","jsfoln","USA",-0.5
"csfnt","jsfoln","UZB",-0.5
"csfnt","jsfoln","VEN",-0.5
"csfnt","jsfoln","ZAF",-0.5
"csfnt","jsfoln","ZMB",-0.5
"csfnt","jsfoln","ZWE",-0.5
"cpalm","jplol","AGO",-0.5
"cpalm","jplol","BDI",-0.5
"cpalm","jplol","BEN",-0.5
"cpalm","jplol","BRA",-0.5
"cpalm","jplol","CHM",-0.5
"cpalm","jplol","CIV",-0.5
"cpalm","jplol","CMR",-0.5
"cpalm","jplol","COD",-0.5
"cpalm","jplol","COG",-0.5
"cpalm","jplol","COL",-0.5
"cpalm","jplol","CRI",-0.5
"cpalm","jplol","DOM",-0.5
"cpalm","jplol","ECU",-0.5
"cpalm","jplol","GHA",-0.5
"cpalm","jplol","GIN",-0.5
"cpalm","jplol","GTM",-0.5
"cpalm","jplol","HND",-0.5
"cpalm","jplol","IDN",-0.5
"cpalm","jplol","KHM",-0.5
"cpalm","jplol","LBR",-0.5
"cpalm","jplol","MEX",-0.5
"cpalm","jplol","MYS",-0.5
"cpalm","jplol","NGA",-0.5
"cpalm","jplol","NIC",-0.5
"cpalm","jplol","PAN",-0.5
"cpalm","jplol","PER",-0.5
"cpalm","jplol","PHL",-0.5
"cpalm","jplol","PNG",-0.5
"cpalm","jplol","SEN",-0.5
"cpalm","jplol","SLB",-0.5
"cpalm","jplol","SLE",-0.5
"cpalm","jplol","TGO",-0.5
"cpalm","jplol","THA",-0.5
"cpalm","jplol","TZA",-0.5
"cpalm","jplol","VEN",-0.5
"ctols","jtoolt","AFG",-0.5
"ctols","jtoolt","ARG",-0.5
"ctols","jtoolt","AUS",-0.5
"ctols","jtoolt","AUT",-0.5
"ctols","jtoolt","AZE",-0.5
"ctols","jtoolt","BEN",-0.5
"ctols","jtoolt","BGR",-0.5
"ctols","jtoolt","BLR",-0.5
"ctols","jtoolt","BLX",-0.5
"ctols","jtoolt","BRA",-0.5
"ctols","jtoolt","CAF",-0.5
"ctols","jtoolt","CAN",-0.5
"ctols","jtoolt","CHL",-0.5
"ctols","jtoolt","CHM",-0.5
"ctols","jtoolt","CHP",-0.5
"ctols","jtoolt","CIV",-0.5
"ctols","jtoolt","CMR",-0.5
"ctols","jtoolt","COL",-0.5
"ctols","jtoolt","CRI",-0.5
"ctols","jtoolt","CZE",-0.5
"ctols","jtoolt","ECU",-0.5
"ctols","jtoolt","FNP",-0.5
"ctols","jtoolt","FRP",-0.5
"ctols","jtoolt","GTM",-0.5
"ctols","jtoolt","HND",-0.5
"ctols","jtoolt","HUN",-0.5
"ctols","jtoolt","IRN",-0.5
"ctols","jtoolt","KEN",-0.5
"ctols","jtoolt","KOR",-0.5
"ctols","jtoolt","MEX",-0.5
"ctols","jtoolt","MYS",-0.5
"ctols","jtoolt","NGA",-0.5
"ctols","jtoolt","NPL",-0.5
"ctols","jtoolt","NZL",-0.5
"ctols","jtoolt","OBN",-0.5
"ctols","jtoolt","PAK",-0.5
"ctols","jtoolt","POL",-0.5
"ctols","jtoolt","ROU",-0.5
"ctols","jtoolt","SDN",-0.5
"ctols","jtoolt","SVK",-0.5
"ctols","jtoolt","SVN",-0.5
"ctols","jtoolt","SWE",-0.5
"ctols","jtoolt","TGO",-0.5
"ctols","jtoolt","TUR",-0.5
"ctols","jtoolt","UGA",-0.5
"ctols","jtoolt","UKP",-0.5
"ctols","jtoolt","UKR",-0.5
"ctols","jtoolt","USA",-0.5
"ctols","jtoolt","UZB",-0.5
"ctols","jtoolt","VEN",-0.5
"ctols","jtoolt","ZAF",-0.5
"ctols","jtoolt","ZWE",-0.5
"ctont","jtooln","AFG",-0.5
"ctont","jtooln","ALB",-0.5
"ctont","jtooln","ARG",-0.5
"ctont","jtooln","AUS",-0.5
"ctont","jtooln","AUT",-0.5
"ctont","jtooln","AZE",-0.5
"ctont","jtooln","BEN",-0.5
"ctont","jtooln","BGD",-0.5
"ctont","jtooln","BGR",-0.5
"ctont","jtooln","BLR",-0.5
"ctont","jtooln","BLX",-0.5
"ctont","jtooln","BRA",-0.5
"ctont","jtooln","CAF",-0.5
"ctont","jtooln","CAN",-0.5
"ctont","jtooln","CHL",-0.5
"ctont","jtooln","CHM",-0.5
"ctont","jtooln","CHP",-0.5
"ctont","jtooln","CIV",-0.5
"ctont","jtooln","CMR",-0.5
"ctont","jtooln","COL",-0.5
"ctont","jtooln","CRB",-0.5
"ctont","jtooln","CRI",-0.5
"ctont","jtooln","CYP",-0.5
"ctont","jtooln","CZE",-0.5
"ctont","jtooln","DOM",-0.5
"ctont","jtooln","DZA",-0.5
"ctont","jtooln","ECU",-0.5
"ctont","jtooln","EGY",-0.5
"ctont","jtooln","ETH",-0.5
"ctont","jtooln","FJI",-0.5
"ctont","jtooln","FNP",-0.5
"ctont","jtooln","FRP",-0.5
"ctont","jtooln","GHA",-0.5
"ctont","jtooln","GIN",-0.5
"ctont","jtooln","GNB",-0.5
"ctont","jtooln","GRC",-0.5
"ctont","jtooln","GSA",-0.5
"ctont","jtooln","GTM",-0.5
"ctont","jtooln","HND",-0.5
"ctont","jtooln","HRV",-0.5
"ctont","jtooln","HTI",-0.5
"ctont","jtooln","HUN",-0.5
"ctont","jtooln","IDN",-0.5
"ctont","jtooln","IND",-0.5
"ctont","jtooln","IRN",-0.5
"ctont","jtooln","IRQ",-0.5
"ctont","jtooln","ISR",-0.5
"ctont","jtooln","ITP",-0.5
"ctont","jtooln","JAM",-0.5
"ctont","jtooln","JOR",-0.5
"ctont","jtooln","KAZ",-0.5
"ctont","jtooln","KEN",-0.5
"ctont","jtooln","KHM",-0.5
"ctont","jtooln","KOR",-0.5
"ctont","jtooln","LBN",-0.5
"ctont","jtooln","LBY",-0.5
"ctont","jtooln","LKA",-0.5
"ctont","jtooln","MDG",-0.5
"ctont","jtooln","MEX",-0.5
"ctont","jtooln","MMR",-0.5
"ctont","jtooln","MOR",-0.5
"ctont","jtooln","MOZ",-0.5
"ctont","jtooln","MYS",-0.5
"ctont","jtooln","NGA",-0.5
"ctont","jtooln","NPL",-0.5
"ctont","jtooln","NZL",-0.5
"ctont","jtooln","OBN",-0.5
"ctont","jtooln","OPO",-0.5
"ctont","jtooln","PAK",-0.5
"ctont","jtooln","PAN",-0.5
"ctont","jtooln","PER",-0.5
"ctont","jtooln","PHL",-0.5
"ctont","jtooln","PNG",-0.5
"ctont","jtooln","POL",-0.5
"ctont","jtooln","PRT",-0.5
"ctont","jtooln","ROU",-0.5
"ctont","jtooln","RUS",-0.5
"ctont","jtooln","SAU",-0.5
"ctont","jtooln","SDN",-0.5
"ctont","jtooln","SLB",-0.5
"ctont","jtooln","SLV",-0.5
"ctont","jtooln","SOM",-0.5
"ctont","jtooln","SPP",-0.5
"ctont","jtooln","SVK",-0.5
"ctont","jtooln","SVN",-0.5
"ctont","jtooln","SWE",-0.5
"ctont","jtooln","SYR",-0.5
"ctont","jtooln","TGO",-0.5
"ctont","jtooln","THA",-0.5
"ctont","jtooln","TLS",-0.5
"ctont","jtooln","TUN",-0.5
"ctont","jtooln","TUR",-0.5
"ctont","jtooln","TZA",-0.5
"ctont","jtooln","UGA",-0.5
"ctont","jtooln","UKP",-0.5
"ctont","jtooln","UKR",-0.5
"ctont","jtooln","URY",-0.5
"ctont","jtooln","USA",-0.5
"ctont","jtooln","UZB",-0.5
"ctont","jtooln","VEN",-0.5
"ctont","jtooln","VNM",-0.5
"ctont","jtooln","VUT",-0.5
"ctont","jtooln","ZAF",-0.5
"ctont","jtooln","ZWE",-0.5
