"J","J_1","CTY","Val"
"jsugrc","jsugrc","AFG",1.25
"jsugrc","jsugrc","AGO",1.25
"jsugrc","jsugrc","ARG",1.25
"jsugrc","jsugrc","AUS",1.25
"jsugrc","jsugrc","BDI",1.25
"jsugrc","jsugrc","BEN",1.25
"jsugrc","jsugrc","BFA",1.25
"jsugrc","jsugrc","BGD",1.25
"jsugrc","jsugrc","BLZ",1.25
"jsugrc","jsugrc","BOL",1.25
"jsugrc","jsugrc","BRA",1.25
"jsugrc","jsugrc","BTN",1.25
"jsugrc","jsugrc","CAF",1.25
"jsugrc","jsugrc","CHM",1.25
"jsugrc","jsugrc","CIV",1.25
"jsugrc","jsugrc","CMR",1.25
"jsugrc","jsugrc","COD",1.25
"jsugrc","jsugrc","COG",1.25
"jsugrc","jsugrc","COL",1.25
"jsugrc","jsugrc","CRB",1.25
"jsugrc","jsugrc","CRI",1.25
"jsugrc","jsugrc","CUB",1.25
"jsugrc","jsugrc","DJI",1.25
"jsugrc","jsugrc","DOM",1.25
"jsugrc","jsugrc","ECU",1.25
"jsugrc","jsugrc","EGY",1.25
"jsugrc","jsugrc","ETH",1.25
"jsugrc","jsugrc","FJI",1.25
"jsugrc","jsugrc","GAB",1.25
"jsugrc","jsugrc","GHA",1.25
"jsugrc","jsugrc","GIN",1.25
"jsugrc","jsugrc","GNB",1.25
"jsugrc","jsugrc","GSA",1.25
"jsugrc","jsugrc","GTM",1.25
"jsugrc","jsugrc","HND",1.25
"jsugrc","jsugrc","HTI",1.25
"jsugrc","jsugrc","IDN",1.25
"jsugrc","jsugrc","IND",1.25
"jsugrc","jsugrc","IRN",1.25
"jsugrc","jsugrc","JAM",1.25
"jsugrc","jsugrc","JPN",1.25
"jsugrc","jsugrc","KEN",1.25
"jsugrc","jsugrc","KHM",1.25
"jsugrc","jsugrc","LAO",1.25
"jsugrc","jsugrc","LBR",1.25
"jsugrc","jsugrc","LKA",1.25
"jsugrc","jsugrc","MDG",1.25
"jsugrc","jsugrc","MEX",1.25
"jsugrc","jsugrc","MLI",1.25
"jsugrc","jsugrc","MMR",1.25
"jsugrc","jsugrc","MOR",1.25
"jsugrc","jsugrc","MOZ",1.25
"jsugrc","jsugrc","MWI",1.25
"jsugrc","jsugrc","MYS",1.25
"jsugrc","jsugrc","NER",1.25
"jsugrc","jsugrc","NGA",1.25
"jsugrc","jsugrc","NIC",1.25
"jsugrc","jsugrc","NPL",1.25
"jsugrc","jsugrc","OAO",1.25
"jsugrc","jsugrc","OIO",1.25
"jsugrc","jsugrc","OPO",1.25
"jsugrc","jsugrc","OSA",1.25
"jsugrc","jsugrc","PAK",1.25
"jsugrc","jsugrc","PAN",1.25
"jsugrc","jsugrc","PER",1.25
"jsugrc","jsugrc","PHL",1.25
"jsugrc","jsugrc","PNG",1.25
"jsugrc","jsugrc","PRY",1.25
"jsugrc","jsugrc","RAP",1.25
"jsugrc","jsugrc","RWA",1.25
"jsugrc","jsugrc","SDN",1.25
"jsugrc","jsugrc","SEN",1.25
"jsugrc","jsugrc","SLE",1.25
"jsugrc","jsugrc","SLV",1.25
"jsugrc","jsugrc","SOM",1.25
"jsugrc","jsugrc","SWZ",1.25
"jsugrc","jsugrc","TCD",1.25
"jsugrc","jsugrc","THA",1.25
"jsugrc","jsugrc","TZA",1.25
"jsugrc","jsugrc","UGA",1.25
"jsugrc","jsugrc","URY",1.25
"jsugrc","jsugrc","USA",1.25
"jsugrc","jsugrc","VEN",1.25
"jsugrc","jsugrc","VNM",1.25
"jsugrc","jsugrc","VUT",1.25
"jsugrc","jsugrc","ZAF",1.25
"jsugrc","jsugrc","ZMB",1.25
"jsugrc","jsugrc","ZWE",1.25
"jsugrb","jsugrb","AFG",1.25
"jsugrb","jsugrb","ALB",1.25
"jsugrb","jsugrb","ARM",1.25
"jsugrb","jsugrb","AUT",1.25
"jsugrb","jsugrb","AZE",1.25
"jsugrb","jsugrb","BLR",1.25
"jsugrb","jsugrb","BLT",1.25
"jsugrb","jsugrb","BLX",1.25
"jsugrb","jsugrb","CAN",1.25
"jsugrb","jsugrb","CHL",1.25
"jsugrb","jsugrb","CHM",1.25
"jsugrb","jsugrb","CHP",1.25
"jsugrb","jsugrb","CZE",1.25
"jsugrb","jsugrb","DEU",1.25
"jsugrb","jsugrb","DNK",1.25
"jsugrb","jsugrb","EGY",1.25
"jsugrb","jsugrb","FNP",1.25
"jsugrb","jsugrb","FRP",1.25
"jsugrb","jsugrb","GRC",1.25
"jsugrb","jsugrb","HRV",1.25
"jsugrb","jsugrb","HUN",1.25
"jsugrb","jsugrb","IRN",1.25
"jsugrb","jsugrb","IRQ",1.25
"jsugrb","jsugrb","ITP",1.25
"jsugrb","jsugrb","JPN",1.25
"jsugrb","jsugrb","KAZ",1.25
"jsugrb","jsugrb","KGZ",1.25
"jsugrb","jsugrb","LBN",1.25
"jsugrb","jsugrb","MDA",1.25
"jsugrb","jsugrb","MOR",1.25
"jsugrb","jsugrb","NLD",1.25
"jsugrb","jsugrb","OBN",1.25
"jsugrb","jsugrb","POL",1.25
"jsugrb","jsugrb","ROU",1.25
"jsugrb","jsugrb","RUS",1.25
"jsugrb","jsugrb","SPP",1.25
"jsugrb","jsugrb","SVK",1.25
"jsugrb","jsugrb","SVN",1.25
"jsugrb","jsugrb","SWE",1.25
"jsugrb","jsugrb","SYR",1.25
"jsugrb","jsugrb","TKM",1.25
"jsugrb","jsugrb","TUN",1.25
"jsugrb","jsugrb","TUR",1.25
"jsugrb","jsugrb","UKP",1.25
"jsugrb","jsugrb","UKR",1.25
"jsugrb","jsugrb","USA",1.25
"jsugrb","jsugrb","UZB",1.25
"jsugrb","jsugrb","VEN",1.25
"jplol","jplol","AGO",1.65
"jplol","jplol","BDI",1.65
"jplol","jplol","BEN",1.65
"jplol","jplol","BRA",1.65
"jplol","jplol","CHM",1.65
"jplol","jplol","CIV",1.65
"jplol","jplol","CMR",1.65
"jplol","jplol","COD",1.65
"jplol","jplol","COG",1.65
"jplol","jplol","COL",1.65
"jplol","jplol","CRI",1.65
"jplol","jplol","DOM",1.65
"jplol","jplol","ECU",1.65
"jplol","jplol","GHA",1.65
"jplol","jplol","GIN",1.65
"jplol","jplol","GTM",1.65
"jplol","jplol","HND",1.65
"jplol","jplol","IDN",1.65
"jplol","jplol","KHM",1.65
"jplol","jplol","LBR",1.65
"jplol","jplol","MEX",1.65
"jplol","jplol","MYS",1.65
"jplol","jplol","NGA",1.65
"jplol","jplol","NIC",1.65
"jplol","jplol","PAN",1.65
"jplol","jplol","PER",1.65
"jplol","jplol","PHL",1.65
"jplol","jplol","PNG",1.65
"jplol","jplol","SEN",1.65
"jplol","jplol","SLB",1.65
"jplol","jplol","SLE",1.65
"jplol","jplol","TGO",1.65
"jplol","jplol","THA",1.65
"jplol","jplol","TZA",1.65
"jplol","jplol","VEN",1.65
"jgdoln","jgdoln","AGO",1.65
"jgdoln","jgdoln","ARG",1.65
"jgdoln","jgdoln","AUS",1.65
"jgdoln","jgdoln","BDI",1.65
"jgdoln","jgdoln","BEN",1.65
"jgdoln","jgdoln","BFA",1.65
"jgdoln","jgdoln","BGD",1.65
"jgdoln","jgdoln","BOL",1.65
"jgdoln","jgdoln","BRA",1.65
"jgdoln","jgdoln","CAF",1.65
"jgdoln","jgdoln","CHM",1.65
"jgdoln","jgdoln","CIV",1.65
"jgdoln","jgdoln","CMR",1.65
"jgdoln","jgdoln","COD",1.65
"jgdoln","jgdoln","COG",1.65
"jgdoln","jgdoln","CRB",1.65
"jgdoln","jgdoln","CUB",1.65
"jgdoln","jgdoln","DOM",1.65
"jgdoln","jgdoln","DZA",1.65
"jgdoln","jgdoln","EGY",1.65
"jgdoln","jgdoln","ETH",1.65
"jgdoln","jgdoln","GHA",1.65
"jgdoln","jgdoln","GIN",1.65
"jgdoln","jgdoln","GMB",1.65
"jgdoln","jgdoln","GNB",1.65
"jgdoln","jgdoln","GTM",1.65
"jgdoln","jgdoln","IDN",1.65
"jgdoln","jgdoln","IND",1.65
"jgdoln","jgdoln","IRQ",1.65
"jgdoln","jgdoln","KHM",1.65
"jgdoln","jgdoln","KOR",1.65
"jgdoln","jgdoln","LAO",1.65
"jgdoln","jgdoln","LBN",1.65
"jgdoln","jgdoln","LKA",1.65
"jgdoln","jgdoln","MDG",1.65
"jgdoln","jgdoln","MEX",1.65
"jgdoln","jgdoln","MLI",1.65
"jgdoln","jgdoln","MMR",1.65
"jgdoln","jgdoln","MOR",1.65
"jgdoln","jgdoln","MOZ",1.65
"jgdoln","jgdoln","MWI",1.65
"jgdoln","jgdoln","MYS",1.65
"jgdoln","jgdoln","NER",1.65
"jgdoln","jgdoln","NGA",1.65
"jgdoln","jgdoln","NIC",1.65
"jgdoln","jgdoln","PAK",1.65
"jgdoln","jgdoln","PHL",1.65
"jgdoln","jgdoln","PRY",1.65
"jgdoln","jgdoln","RWA",1.65
"jgdoln","jgdoln","SAU",1.65
"jgdoln","jgdoln","SDN",1.65
"jgdoln","jgdoln","SEN",1.65
"jgdoln","jgdoln","SLE",1.65
"jgdoln","jgdoln","TCD",1.65
"jgdoln","jgdoln","TGO",1.65
"jgdoln","jgdoln","THA",1.65
"jgdoln","jgdoln","TZA",1.65
"jgdoln","jgdoln","UGA",1.65
"jgdoln","jgdoln","USA",1.65
"jgdoln","jgdoln","VEN",1.65
"jgdoln","jgdoln","VNM",1.65
"jgdoln","jgdoln","ZAF",1.65
"jgdoln","jgdoln","ZMB",1.65
"jgdoln","jgdoln","ZWE",1.65
"jrpoln","jrpoln","ARG",1.65
"jrpoln","jrpoln","AUS",1.65
"jrpoln","jrpoln","AUT",1.65
"jrpoln","jrpoln","BGD",1.65
"jrpoln","jrpoln","BGR",1.65
"jrpoln","jrpoln","BLR",1.65
"jrpoln","jrpoln","BLT",1.65
"jrpoln","jrpoln","BLX",1.65
"jrpoln","jrpoln","BRA",1.65
"jrpoln","jrpoln","CAN",1.65
"jrpoln","jrpoln","CHL",1.65
"jrpoln","jrpoln","CHM",1.65
"jrpoln","jrpoln","CHP",1.65
"jrpoln","jrpoln","CZE",1.65
"jrpoln","jrpoln","DEU",1.65
"jrpoln","jrpoln","DNK",1.65
"jrpoln","jrpoln","DZA",1.65
"jrpoln","jrpoln","ETH",1.65
"jrpoln","jrpoln","FNP",1.65
"jrpoln","jrpoln","FRP",1.65
"jrpoln","jrpoln","GRC",1.65
"jrpoln","jrpoln","HRV",1.65
"jrpoln","jrpoln","HUN",1.65
"jrpoln","jrpoln","IND",1.65
"jrpoln","jrpoln","IRL",1.65
"jrpoln","jrpoln","IRN",1.65
"jrpoln","jrpoln","ISR",1.65
"jrpoln","jrpoln","ITP",1.65
"jrpoln","jrpoln","JPN",1.65
"jrpoln","jrpoln","KAZ",1.65
"jrpoln","jrpoln","KOR",1.65
"jrpoln","jrpoln","MDA",1.65
"jrpoln","jrpoln","MEX",1.65
"jrpoln","jrpoln","MMR",1.65
"jrpoln","jrpoln","MOR",1.65
"jrpoln","jrpoln","MYS",1.65
"jrpoln","jrpoln","NLD",1.65
"jrpoln","jrpoln","NOR",1.65
"jrpoln","jrpoln","NPL",1.65
"jrpoln","jrpoln","OBN",1.65
"jrpoln","jrpoln","PAK",1.65
"jrpoln","jrpoln","POL",1.65
"jrpoln","jrpoln","PRY",1.65
"jrpoln","jrpoln","ROU",1.65
"jrpoln","jrpoln","RUS",1.65
"jrpoln","jrpoln","SPP",1.65
"jrpoln","jrpoln","SVK",1.65
"jrpoln","jrpoln","SVN",1.65
"jrpoln","jrpoln","SWE",1.65
"jrpoln","jrpoln","TUR",1.65
"jrpoln","jrpoln","UKP",1.65
"jrpoln","jrpoln","UKR",1.65
"jrpoln","jrpoln","URY",1.65
"jrpoln","jrpoln","USA",1.65
"jrpoln","jrpoln","UZB",1.65
"jrpoln","jrpoln","ZAF",1.65
"jsboln","jsboln","ARG",1.65
"jsboln","jsboln","AUS",1.65
"jsboln","jsboln","AUT",1.65
"jsboln","jsboln","AZE",1.65
"jsboln","jsboln","BEN",1.65
"jsboln","jsboln","BGD",1.65
"jsboln","jsboln","BGR",1.65
"jsboln","jsboln","BLT",1.65
"jsboln","jsboln","BLX",1.65
"jsboln","jsboln","BLZ",1.65
"jsboln","jsboln","BOL",1.65
"jsboln","jsboln","BRA",1.65
"jsboln","jsboln","CAN",1.65
"jsboln","jsboln","CHM",1.65
"jsboln","jsboln","CHP",1.65
"jsboln","jsboln","CMR",1.65
"jsboln","jsboln","COL",1.65
"jsboln","jsboln","CUB",1.65
"jsboln","jsboln","CZE",1.65
"jsboln","jsboln","DEU",1.65
"jsboln","jsboln","ECU",1.65
"jsboln","jsboln","EGY",1.65
"jsboln","jsboln","ETH",1.65
"jsboln","jsboln","FRP",1.65
"jsboln","jsboln","GAB",1.65
"jsboln","jsboln","GEO",1.65
"jsboln","jsboln","GHA",1.65
"jsboln","jsboln","GRC",1.65
"jsboln","jsboln","GTM",1.65
"jsboln","jsboln","HND",1.65
"jsboln","jsboln","HRV",1.65
"jsboln","jsboln","HUN",1.65
"jsboln","jsboln","IND",1.65
"jsboln","jsboln","IRN",1.65
"jsboln","jsboln","IRQ",1.65
"jsboln","jsboln","ITP",1.65
"jsboln","jsboln","JPN",1.65
"jsboln","jsboln","KAZ",1.65
"jsboln","jsboln","KHM",1.65
"jsboln","jsboln","KOR",1.65
"jsboln","jsboln","LAO",1.65
"jsboln","jsboln","LKA",1.65
"jsboln","jsboln","MDA",1.65
"jsboln","jsboln","MEX",1.65
"jsboln","jsboln","MMR",1.65
"jsboln","jsboln","MOR",1.65
"jsboln","jsboln","MOZ",1.65
"jsboln","jsboln","MWI",1.65
"jsboln","jsboln","NGA",1.65
"jsboln","jsboln","NIC",1.65
"jsboln","jsboln","NPL",1.65
"jsboln","jsboln","OBN",1.65
"jsboln","jsboln","PAK",1.65
"jsboln","jsboln","PER",1.65
"jsboln","jsboln","PHL",1.65
"jsboln","jsboln","POL",1.65
"jsboln","jsboln","PRY",1.65
"jsboln","jsboln","ROU",1.65
"jsboln","jsboln","RUS",1.65
"jsboln","jsboln","SPP",1.65
"jsboln","jsboln","SVK",1.65
"jsboln","jsboln","SYR",1.65
"jsboln","jsboln","TGO",1.65
"jsboln","jsboln","THA",1.65
"jsboln","jsboln","TUR",1.65
"jsboln","jsboln","UGA",1.65
"jsboln","jsboln","UKR",1.65
"jsboln","jsboln","URY",1.65
"jsboln","jsboln","USA",1.65
"jsboln","jsboln","UZB",1.65
"jsboln","jsboln","VEN",1.65
"jsboln","jsboln","VNM",1.65
"jsboln","jsboln","ZAF",1.65
"jsboln","jsboln","ZMB",1.65
"jsboln","jsboln","ZWE",1.65
"jsfoln","jsfoln","AFG",1.65
"jsfoln","jsfoln","AGO",1.65
"jsfoln","jsfoln","ALB",1.65
"jsfoln","jsfoln","ARG",1.65
"jsfoln","jsfoln","AUS",1.65
"jsfoln","jsfoln","AUT",1.65
"jsfoln","jsfoln","AZE",1.65
"jsfoln","jsfoln","BGR",1.65
"jsfoln","jsfoln","BLR",1.65
"jsfoln","jsfoln","BLX",1.65
"jsfoln","jsfoln","BOL",1.65
"jsfoln","jsfoln","BRA",1.65
"jsfoln","jsfoln","CAN",1.65
"jsfoln","jsfoln","CHL",1.65
"jsfoln","jsfoln","CHM",1.65
"jsfoln","jsfoln","CHP",1.65
"jsfoln","jsfoln","CZE",1.65
"jsfoln","jsfoln","DEU",1.65
"jsfoln","jsfoln","DZA",1.65
"jsfoln","jsfoln","EGY",1.65
"jsfoln","jsfoln","FRP",1.65
"jsfoln","jsfoln","GEO",1.65
"jsfoln","jsfoln","GRC",1.65
"jsfoln","jsfoln","HRV",1.65
"jsfoln","jsfoln","HUN",1.65
"jsfoln","jsfoln","IND",1.65
"jsfoln","jsfoln","IRN",1.65
"jsfoln","jsfoln","IRQ",1.65
"jsfoln","jsfoln","ISR",1.65
"jsfoln","jsfoln","ITP",1.65
"jsfoln","jsfoln","KAZ",1.65
"jsfoln","jsfoln","KEN",1.65
"jsfoln","jsfoln","MDA",1.65
"jsfoln","jsfoln","MEX",1.65
"jsfoln","jsfoln","MMR",1.65
"jsfoln","jsfoln","MOR",1.65
"jsfoln","jsfoln","MOZ",1.65
"jsfoln","jsfoln","MWI",1.65
"jsfoln","jsfoln","OBN",1.65
"jsfoln","jsfoln","PAK",1.65
"jsfoln","jsfoln","POL",1.65
"jsfoln","jsfoln","PRT",1.65
"jsfoln","jsfoln","PRY",1.65
"jsfoln","jsfoln","ROU",1.65
"jsfoln","jsfoln","RUS",1.65
"jsfoln","jsfoln","SDN",1.65
"jsfoln","jsfoln","SPP",1.65
"jsfoln","jsfoln","SVK",1.65
"jsfoln","jsfoln","SYR",1.65
"jsfoln","jsfoln","THA",1.65
"jsfoln","jsfoln","TJK",1.65
"jsfoln","jsfoln","TUN",1.65
"jsfoln","jsfoln","TUR",1.65
"jsfoln","jsfoln","TZA",1.65
"jsfoln","jsfoln","UGA",1.65
"jsfoln","jsfoln","UKR",1.65
"jsfoln","jsfoln","URY",1.65
"jsfoln","jsfoln","USA",1.65
"jsfoln","jsfoln","UZB",1.65
"jsfoln","jsfoln","VEN",1.65
"jsfoln","jsfoln","ZAF",1.65
"jsfoln","jsfoln","ZMB",1.65
"jsfoln","jsfoln","ZWE",1.65
"jtooln","jtooln","AFG",1.65
"jtooln","jtooln","ALB",1.65
"jtooln","jtooln","ARG",1.65
"jtooln","jtooln","AUS",1.65
"jtooln","jtooln","AUT",1.65
"jtooln","jtooln","AZE",1.65
"jtooln","jtooln","BEN",1.65
"jtooln","jtooln","BGD",1.65
"jtooln","jtooln","BGR",1.65
"jtooln","jtooln","BLR",1.65
"jtooln","jtooln","BLX",1.65
"jtooln","jtooln","BRA",1.65
"jtooln","jtooln","CAF",1.65
"jtooln","jtooln","CAN",1.65
"jtooln","jtooln","CHL",1.65
"jtooln","jtooln","CHM",1.65
"jtooln","jtooln","CHP",1.65
"jtooln","jtooln","CIV",1.65
"jtooln","jtooln","CMR",1.65
"jtooln","jtooln","COL",1.65
"jtooln","jtooln","CRB",1.65
"jtooln","jtooln","CRI",1.65
"jtooln","jtooln","CYP",1.65
"jtooln","jtooln","CZE",1.65
"jtooln","jtooln","DOM",1.65
"jtooln","jtooln","DZA",1.65
"jtooln","jtooln","ECU",1.65
"jtooln","jtooln","EGY",1.65
"jtooln","jtooln","ETH",1.65
"jtooln","jtooln","FJI",1.65
"jtooln","jtooln","FNP",1.65
"jtooln","jtooln","FRP",1.65
"jtooln","jtooln","GHA",1.65
"jtooln","jtooln","GIN",1.65
"jtooln","jtooln","GNB",1.65
"jtooln","jtooln","GRC",1.65
"jtooln","jtooln","GSA",1.65
"jtooln","jtooln","GTM",1.65
"jtooln","jtooln","HND",1.65
"jtooln","jtooln","HRV",1.65
"jtooln","jtooln","HTI",1.65
"jtooln","jtooln","HUN",1.65
"jtooln","jtooln","IDN",1.65
"jtooln","jtooln","IND",1.65
"jtooln","jtooln","IRN",1.65
"jtooln","jtooln","IRQ",1.65
"jtooln","jtooln","ISR",1.65
"jtooln","jtooln","ITP",1.65
"jtooln","jtooln","JAM",1.65
"jtooln","jtooln","JOR",1.65
"jtooln","jtooln","KAZ",1.65
"jtooln","jtooln","KEN",1.65
"jtooln","jtooln","KHM",1.65
"jtooln","jtooln","KOR",1.65
"jtooln","jtooln","LBN",1.65
"jtooln","jtooln","LBY",1.65
"jtooln","jtooln","LKA",1.65
"jtooln","jtooln","MDG",1.65
"jtooln","jtooln","MEX",1.65
"jtooln","jtooln","MMR",1.65
"jtooln","jtooln","MOR",1.65
"jtooln","jtooln","MOZ",1.65
"jtooln","jtooln","MYS",1.65
"jtooln","jtooln","NGA",1.65
"jtooln","jtooln","NPL",1.65
"jtooln","jtooln","NZL",1.65
"jtooln","jtooln","OBN",1.65
"jtooln","jtooln","OPO",1.65
"jtooln","jtooln","PAK",1.65
"jtooln","jtooln","PAN",1.65
"jtooln","jtooln","PER",1.65
"jtooln","jtooln","PHL",1.65
"jtooln","jtooln","PNG",1.65
"jtooln","jtooln","POL",1.65
"jtooln","jtooln","PRT",1.65
"jtooln","jtooln","ROU",1.65
"jtooln","jtooln","RUS",1.65
"jtooln","jtooln","SAU",1.65
"jtooln","jtooln","SDN",1.65
"jtooln","jtooln","SLB",1.65
"jtooln","jtooln","SLV",1.65
"jtooln","jtooln","SOM",1.65
"jtooln","jtooln","SPP",1.65
"jtooln","jtooln","SVK",1.65
"jtooln","jtooln","SVN",1.65
"jtooln","jtooln","SWE",1.65
"jtooln","jtooln","SYR",1.65
"jtooln","jtooln","TGO",1.65
"jtooln","jtooln","THA",1.65
"jtooln","jtooln","TLS",1.65
"jtooln","jtooln","TUN",1.65
"jtooln","jtooln","TUR",1.65
"jtooln","jtooln","TZA",1.65
"jtooln","jtooln","UGA",1.65
"jtooln","jtooln","UKP",1.65
"jtooln","jtooln","UKR",1.65
"jtooln","jtooln","URY",1.65
"jtooln","jtooln","USA",1.65
"jtooln","jtooln","UZB",1.65
"jtooln","jtooln","VEN",1.65
"jtooln","jtooln","VNM",1.65
"jtooln","jtooln","VUT",1.65
"jtooln","jtooln","ZAF",1.65
"jtooln","jtooln","ZWE",1.65
"jgdolt","jgdolt","CRB",0.75
"jgdolt","jgdolt","CUB",0.75
"jgdolt","jgdolt","DZA",0.75
"jgdolt","jgdolt","IRQ",0.75
"jgdolt","jgdolt","LBN",0.75
"jgdolt","jgdolt","MYS",0.75
"jgdolt","jgdolt","SAU",0.75
"jgdolt","jgdolt","THA",0.75
"jrpolt","jrpolt","AUT",0.75
"jrpolt","jrpolt","BGD",0.75
"jrpolt","jrpolt","BLR",0.75
"jrpolt","jrpolt","BLX",0.75
"jrpolt","jrpolt","CHL",0.75
"jrpolt","jrpolt","DEU",0.75
"jrpolt","jrpolt","DZA",0.75
"jrpolt","jrpolt","FNP",0.75
"jrpolt","jrpolt","FRP",0.75
"jrpolt","jrpolt","GRC",0.75
"jrpolt","jrpolt","IRN",0.75
"jrpolt","jrpolt","ISR",0.75
"jrpolt","jrpolt","ITP",0.75
"jrpolt","jrpolt","JPN",0.75
"jrpolt","jrpolt","KOR",0.75
"jrpolt","jrpolt","MDA",0.75
"jrpolt","jrpolt","MEX",0.75
"jrpolt","jrpolt","NLD",0.75
"jrpolt","jrpolt","NOR",0.75
"jrpolt","jrpolt","NPL",0.75
"jrpolt","jrpolt","PAK",0.75
"jrpolt","jrpolt","SVN",0.75
"jrpolt","jrpolt","TUR",0.75
"jrpolt","jrpolt","UKP",0.75
"jrpolt","jrpolt","USA",0.75
"jsbolt","jsbolt","AUS",0.75
"jsbolt","jsbolt","AZE",0.75
"jsbolt","jsbolt","BGD",0.75
"jsbolt","jsbolt","BGR",0.75
"jsbolt","jsbolt","BLT",0.75
"jsbolt","jsbolt","BLX",0.75
"jsbolt","jsbolt","CHP",0.75
"jsbolt","jsbolt","COL",0.75
"jsbolt","jsbolt","CUB",0.75
"jsbolt","jsbolt","DEU",0.75
"jsbolt","jsbolt","ECU",0.75
"jsbolt","jsbolt","EGY",0.75
"jsbolt","jsbolt","FRP",0.75
"jsbolt","jsbolt","GAB",0.75
"jsbolt","jsbolt","GRC",0.75
"jsbolt","jsbolt","HND",0.75
"jsbolt","jsbolt","HRV",0.75
"jsbolt","jsbolt","IRN",0.75
"jsbolt","jsbolt","IRQ",0.75
"jsbolt","jsbolt","ITP",0.75
"jsbolt","jsbolt","JPN",0.75
"jsbolt","jsbolt","KHM",0.75
"jsbolt","jsbolt","KOR",0.75
"jsbolt","jsbolt","LAO",0.75
"jsbolt","jsbolt","LKA",0.75
"jsbolt","jsbolt","MEX",0.75
"jsbolt","jsbolt","MMR",0.75
"jsbolt","jsbolt","MOR",0.75
"jsbolt","jsbolt","NPL",0.75
"jsbolt","jsbolt","PAK",0.75
"jsbolt","jsbolt","PER",0.75
"jsbolt","jsbolt","PHL",0.75
"jsbolt","jsbolt","POL",0.75
"jsbolt","jsbolt","SPP",0.75
"jsbolt","jsbolt","THA",0.75
"jsbolt","jsbolt","TUR",0.75
"jsbolt","jsbolt","VEN",0.75
"jsbolt","jsbolt","VNM",0.75
"jsbolt","jsbolt","ZWE",0.75
"jsfolt","jsfolt","AFG",0.75
"jsfolt","jsfolt","ALB",0.75
"jsfolt","jsfolt","AUS",0.75
"jsfolt","jsfolt","AUT",0.75
"jsfolt","jsfolt","AZE",0.75
"jsfolt","jsfolt","BLR",0.75
"jsfolt","jsfolt","BLX",0.75
"jsfolt","jsfolt","BRA",0.75
"jsfolt","jsfolt","CHL",0.75
"jsfolt","jsfolt","CHP",0.75
"jsfolt","jsfolt","CZE",0.75
"jsfolt","jsfolt","DEU",0.75
"jsfolt","jsfolt","DZA",0.75
"jsfolt","jsfolt","EGY",0.75
"jsfolt","jsfolt","GEO",0.75
"jsfolt","jsfolt","IND",0.75
"jsfolt","jsfolt","IRN",0.75
"jsfolt","jsfolt","IRQ",0.75
"jsfolt","jsfolt","ISR",0.75
"jsfolt","jsfolt","ITP",0.75
"jsfolt","jsfolt","KEN",0.75
"jsfolt","jsfolt","MEX",0.75
"jsfolt","jsfolt","MOR",0.75
"jsfolt","jsfolt","MOZ",0.75
"jsfolt","jsfolt","PAK",0.75
"jsfolt","jsfolt","POL",0.75
"jsfolt","jsfolt","PRT",0.75
"jsfolt","jsfolt","PRY",0.75
"jsfolt","jsfolt","SPP",0.75
"jsfolt","jsfolt","TJK",0.75
"jsfolt","jsfolt","TUN",0.75
"jsfolt","jsfolt","URY",0.75
"jsfolt","jsfolt","UZB",0.75
"jsfolt","jsfolt","VEN",0.75
"jtoolt","jtoolt","AFG",0.75
"jtoolt","jtoolt","ARG",0.75
"jtoolt","jtoolt","AUS",0.75
"jtoolt","jtoolt","AUT",0.75
"jtoolt","jtoolt","AZE",0.75
"jtoolt","jtoolt","BEN",0.75
"jtoolt","jtoolt","BGR",0.75
"jtoolt","jtoolt","BLR",0.75
"jtoolt","jtoolt","BLX",0.75
"jtoolt","jtoolt","BRA",0.75
"jtoolt","jtoolt","CAF",0.75
"jtoolt","jtoolt","CAN",0.75
"jtoolt","jtoolt","CHL",0.75
"jtoolt","jtoolt","CHM",0.75
"jtoolt","jtoolt","CHP",0.75
"jtoolt","jtoolt","CIV",0.75
"jtoolt","jtoolt","CMR",0.75
"jtoolt","jtoolt","COL",0.75
"jtoolt","jtoolt","CRI",0.75
"jtoolt","jtoolt","CZE",0.75
"jtoolt","jtoolt","ECU",0.75
"jtoolt","jtoolt","FNP",0.75
"jtoolt","jtoolt","FRP",0.75
"jtoolt","jtoolt","GTM",0.75
"jtoolt","jtoolt","HND",0.75
"jtoolt","jtoolt","HUN",0.75
"jtoolt","jtoolt","IRN",0.75
"jtoolt","jtoolt","KEN",0.75
"jtoolt","jtoolt","KOR",0.75
"jtoolt","jtoolt","MEX",0.75
"jtoolt","jtoolt","MYS",0.75
"jtoolt","jtoolt","NGA",0.75
"jtoolt","jtoolt","NPL",0.75
"jtoolt","jtoolt","NZL",0.75
"jtoolt","jtoolt","OBN",0.75
"jtoolt","jtoolt","PAK",0.75
"jtoolt","jtoolt","POL",0.75
"jtoolt","jtoolt","ROU",0.75
"jtoolt","jtoolt","SDN",0.75
"jtoolt","jtoolt","SVK",0.75
"jtoolt","jtoolt","SVN",0.75
"jtoolt","jtoolt","SWE",0.75
"jtoolt","jtoolt","TGO",0.75
"jtoolt","jtoolt","TUR",0.75
"jtoolt","jtoolt","UGA",0.75
"jtoolt","jtoolt","UKP",0.75
"jtoolt","jtoolt","UKR",0.75
"jtoolt","jtoolt","USA",0.75
"jtoolt","jtoolt","UZB",0.75
"jtoolt","jtoolt","VEN",0.75
"jtoolt","jtoolt","ZAF",0.75
"jtoolt","jtoolt","ZWE",0.75
"Shrimp","Shrimp","AGO",2.8
"Shrimp","Shrimp","ALB",2.8
"Shrimp","Shrimp","ARG",2.8
"Shrimp","Shrimp","AUS",2.8
"Shrimp","Shrimp","AUT",2.8
"Shrimp","Shrimp","BEN",2.8
"Shrimp","Shrimp","BFA",2.8
"Shrimp","Shrimp","BGD",2.8
"Shrimp","Shrimp","BGR",2.8
"Shrimp","Shrimp","BLT",2.8
"Shrimp","Shrimp","BLX",2.8
"Shrimp","Shrimp","BLZ",2.8
"Shrimp","Shrimp","BRA",2.8
"Shrimp","Shrimp","CAN",2.8
"Shrimp","Shrimp","CHL",2.8
"Shrimp","Shrimp","CHM",2.8
"Shrimp","Shrimp","CHP",2.8
"Shrimp","Shrimp","CIV",2.8
"Shrimp","Shrimp","CMR",2.8
"Shrimp","Shrimp","COG",2.8
"Shrimp","Shrimp","COL",2.8
"Shrimp","Shrimp","CRB",2.8
"Shrimp","Shrimp","CRI",2.8
"Shrimp","Shrimp","CUB",2.8
"Shrimp","Shrimp","CYP",2.8
"Shrimp","Shrimp","DEU",2.8
"Shrimp","Shrimp","DNK",2.8
"Shrimp","Shrimp","DOM",2.8
"Shrimp","Shrimp","DZA",2.8
"Shrimp","Shrimp","ECU",2.8
"Shrimp","Shrimp","EGY",2.8
"Shrimp","Shrimp","ERI",2.8
"Shrimp","Shrimp","FJI",2.8
"Shrimp","Shrimp","FRP",2.8
"Shrimp","Shrimp","GAB",2.8
"Shrimp","Shrimp","GHA",2.8
"Shrimp","Shrimp","GIN",2.8
"Shrimp","Shrimp","GMB",2.8
"Shrimp","Shrimp","GNB",2.8
"Shrimp","Shrimp","GRC",2.8
"Shrimp","Shrimp","GRL",2.8
"Shrimp","Shrimp","GSA",2.8
"Shrimp","Shrimp","GTM",2.8
"Shrimp","Shrimp","HND",2.8
"Shrimp","Shrimp","HRV",2.8
"Shrimp","Shrimp","HTI",2.8
"Shrimp","Shrimp","IDN",2.8
"Shrimp","Shrimp","IND",2.8
"Shrimp","Shrimp","IRL",2.8
"Shrimp","Shrimp","IRN",2.8
"Shrimp","Shrimp","IRQ",2.8
"Shrimp","Shrimp","ISL",2.8
"Shrimp","Shrimp","ISR",2.8
"Shrimp","Shrimp","ITP",2.8
"Shrimp","Shrimp","JAM",2.8
"Shrimp","Shrimp","JPN",2.8
"Shrimp","Shrimp","KEN",2.8
"Shrimp","Shrimp","KHM",2.8
"Shrimp","Shrimp","KOR",2.8
"Shrimp","Shrimp","LBN",2.8
"Shrimp","Shrimp","LBR",2.8
"Shrimp","Shrimp","LBY",2.8
"Shrimp","Shrimp","LKA",2.8
"Shrimp","Shrimp","MDG",2.8
"Shrimp","Shrimp","MEX",2.8
"Shrimp","Shrimp","MMR",2.8
"Shrimp","Shrimp","MOR",2.8
"Shrimp","Shrimp","MOZ",2.8
"Shrimp","Shrimp","MRT",2.8
"Shrimp","Shrimp","MYS",2.8
"Shrimp","Shrimp","NGA",2.8
"Shrimp","Shrimp","NIC",2.8
"Shrimp","Shrimp","NLD",2.8
"Shrimp","Shrimp","NOR",2.8
"Shrimp","Shrimp","OAO",2.8
"Shrimp","Shrimp","OBN",2.8
"Shrimp","Shrimp","OIO",2.8
"Shrimp","Shrimp","OPO",2.8
"Shrimp","Shrimp","OSA",2.8
"Shrimp","Shrimp","PAK",2.8
"Shrimp","Shrimp","PAN",2.8
"Shrimp","Shrimp","PER",2.8
"Shrimp","Shrimp","PHL",2.8
"Shrimp","Shrimp","PNG",2.8
"Shrimp","Shrimp","POL",2.8
"Shrimp","Shrimp","PRT",2.8
"Shrimp","Shrimp","PSE",2.8
"Shrimp","Shrimp","RAP",2.8
"Shrimp","Shrimp","RUS",2.8
"Shrimp","Shrimp","SAU",2.8
"Shrimp","Shrimp","SEN",2.8
"Shrimp","Shrimp","SLB",2.8
"Shrimp","Shrimp","SLE",2.8
"Shrimp","Shrimp","SLV",2.8
"Shrimp","Shrimp","SPP",2.8
"Shrimp","Shrimp","SVN",2.8
"Shrimp","Shrimp","SWE",2.8
"Shrimp","Shrimp","TGO",2.8
"Shrimp","Shrimp","THA",2.8
"Shrimp","Shrimp","TLS",2.8
"Shrimp","Shrimp","TUN",2.8
"Shrimp","Shrimp","TUR",2.8
"Shrimp","Shrimp","TZA",2.8
"Shrimp","Shrimp","UKP",2.8
"Shrimp","Shrimp","UKR",2.8
"Shrimp","Shrimp","URY",2.8
"Shrimp","Shrimp","USA",2.8
"Shrimp","Shrimp","VEN",2.8
"Shrimp","Shrimp","VNM",2.8
"Shrimp","Shrimp","VUT",2.8
"Shrimp","Shrimp","YEM",2.8
"Shrimp","Shrimp","ZAF",2.8
"Crust","Shrimp","ARG",0.448
"Crust","Shrimp","AUS",0.64
"Crust","Shrimp","AUT",0.64
"Crust","Shrimp","BLZ",0.448
"Crust","Shrimp","CHM",0.448
"Crust","Shrimp","CHP",0.64
"Crust","Shrimp","CRB",0.448
"Crust","Shrimp","CRI",0.448
"Crust","Shrimp","CUB",0.448
"Crust","Shrimp","DNK",0.64
"Crust","Shrimp","DOM",0.448
"Crust","Shrimp","ECU",0.448
"Crust","Shrimp","FJI",0.448
"Crust","Shrimp","GTM",0.448
"Crust","Shrimp","HND",0.448
"Crust","Shrimp","HTI",0.448
"Crust","Shrimp","IDN",0.448
"Crust","Shrimp","ISL",0.64
"Crust","Shrimp","JAM",0.448
"Crust","Shrimp","KOR",0.448
"Crust","Shrimp","MEX",0.448
"Crust","Shrimp","MYS",0.448
"Crust","Shrimp","NIC",0.448
"Crust","Shrimp","NOR",0.64
"Crust","Shrimp","OAO",0.448
"Crust","Shrimp","OIO",0.448
"Crust","Shrimp","OPO",0.448
"Crust","Shrimp","PAK",0.448
"Crust","Shrimp","PAN",0.448
"Crust","Shrimp","PER",0.448
"Crust","Shrimp","PHL",0.448
"Crust","Shrimp","PRT",0.64
"Crust","Shrimp","RUS",0.448
"Crust","Shrimp","SLB",0.448
"Crust","Shrimp","SLV",0.448
"Crust","Shrimp","SPP",0.64
"Crust","Shrimp","SWE",0.64
"Crust","Shrimp","THA",0.448
"Crust","Shrimp","USA",0.64
"Crust","Shrimp","VUT",0.448
"Crust","Shrimp","ZAF",0.64
"Crust","Crust","AGO",2.8
"Crust","Crust","ALB",2.8
"Crust","Crust","ARG",2.24
"Crust","Crust","ARM",2.8
"Crust","Crust","AUS",2.8
"Crust","Crust","AUT",2.8
"Crust","Crust","AZE",2.8
"Crust","Crust","BEN",2.8
"Crust","Crust","BGD",2.8
"Crust","Crust","BGR",2.8
"Crust","Crust","BLR",2.8
"Crust","Crust","BLT",2.8
"Crust","Crust","BLX",2.8
"Crust","Crust","BLZ",2.24
"Crust","Crust","BRA",2.8
"Crust","Crust","CAN",2.8
"Crust","Crust","CHL",2.8
"Crust","Crust","CHM",2.8
"Crust","Crust","CHP",2.8
"Crust","Crust","CIV",2.8
"Crust","Crust","CMR",2.8
"Crust","Crust","COG",2.8
"Crust","Crust","COL",2.8
"Crust","Crust","CRB",2.24
"Crust","Crust","CRI",2.24
"Crust","Crust","CUB",2.24
"Crust","Crust","CYP",2.8
"Crust","Crust","DEU",2.8
"Crust","Crust","DJI",2.8
"Crust","Crust","DNK",2.8
"Crust","Crust","DOM",2.24
"Crust","Crust","DZA",2.8
"Crust","Crust","ECU",2.24
"Crust","Crust","EGY",2.8
"Crust","Crust","ERI",2.8
"Crust","Crust","FJI",2.24
"Crust","Crust","FNP",2.8
"Crust","Crust","FRP",2.8
"Crust","Crust","GAB",2.8
"Crust","Crust","GHA",2.8
"Crust","Crust","GMB",2.8
"Crust","Crust","GNB",2.8
"Crust","Crust","GNQ",2.8
"Crust","Crust","GRC",2.8
"Crust","Crust","GRL",2.8
"Crust","Crust","GTM",2.24
"Crust","Crust","HND",2.24
"Crust","Crust","HRV",2.8
"Crust","Crust","HTI",2.24
"Crust","Crust","IDN",2.24
"Crust","Crust","IND",2.8
"Crust","Crust","IRL",2.8
"Crust","Crust","IRN",2.8
"Crust","Crust","ISL",2.8
"Crust","Crust","ITP",2.8
"Crust","Crust","JAM",2.24
"Crust","Crust","JPN",2.8
"Crust","Crust","KEN",2.8
"Crust","Crust","KHM",2.8
"Crust","Crust","KOR",2.24
"Crust","Crust","LBN",2.8
"Crust","Crust","LBR",2.8
"Crust","Crust","LKA",2.8
"Crust","Crust","MDA",2.8
"Crust","Crust","MDG",2.8
"Crust","Crust","MEX",2.24
"Crust","Crust","MMR",2.8
"Crust","Crust","MOR",2.8
"Crust","Crust","MOZ",2.8
"Crust","Crust","MRT",2.8
"Crust","Crust","MYS",2.24
"Crust","Crust","NAM",2.8
"Crust","Crust","NGA",2.8
"Crust","Crust","NIC",2.24
"Crust","Crust","NLD",2.8
"Crust","Crust","NOR",2.8
"Crust","Crust","NZL",2.8
"Crust","Crust","OAO",2.24
"Crust","Crust","OBN",2.8
"Crust","Crust","OIO",2.24
"Crust","Crust","OPO",2.24
"Crust","Crust","OSA",2.8
"Crust","Crust","PAK",2.24
"Crust","Crust","PAN",2.24
"Crust","Crust","PER",2.24
"Crust","Crust","PHL",2.24
"Crust","Crust","PNG",2.8
"Crust","Crust","POL",2.8
"Crust","Crust","PRK",2.8
"Crust","Crust","PRT",2.8
"Crust","Crust","PSE",2.8
"Crust","Crust","RAP",2.8
"Crust","Crust","ROU",2.8
"Crust","Crust","RUS",2.24
"Crust","Crust","SAU",2.8
"Crust","Crust","SEN",2.8
"Crust","Crust","SLE",2.8
"Crust","Crust","SLV",2.24
"Crust","Crust","SOM",2.8
"Crust","Crust","SPP",2.8
"Crust","Crust","SVN",2.8
"Crust","Crust","SWE",2.8
"Crust","Crust","SYR",2.8
"Crust","Crust","TGO",2.8
"Crust","Crust","THA",2.24
"Crust","Crust","TLS",2.8
"Crust","Crust","TUN",2.8
"Crust","Crust","TUR",2.8
"Crust","Crust","TZA",2.8
"Crust","Crust","UKP",2.8
"Crust","Crust","UKR",2.8
"Crust","Crust","URY",2.8
"Crust","Crust","USA",2.8
"Crust","Crust","VEN",2.8
"Crust","Crust","VNM",2.8
"Crust","Crust","VUT",2.24
"Crust","Crust","YEM",2.8
"Crust","Crust","ZAF",2.8
"Mllscs","Mllscs","AGO",2.8
"Mllscs","Mllscs","ALB",0.8
"Mllscs","Mllscs","ARG",0.8
"Mllscs","Mllscs","AUS",1.6
"Mllscs","Mllscs","BGR",0.8
"Mllscs","Mllscs","BLT",2.8
"Mllscs","Mllscs","BLX",2.8
"Mllscs","Mllscs","BLZ",0.8
"Mllscs","Mllscs","BRA",0.8
"Mllscs","Mllscs","CAN",1.6
"Mllscs","Mllscs","CHL",0.8
"Mllscs","Mllscs","CHM",0.56
"Mllscs","Mllscs","CIV",2.8
"Mllscs","Mllscs","CMR",2.8
"Mllscs","Mllscs","COG",2.8
"Mllscs","Mllscs","COL",2.8
"Mllscs","Mllscs","CRB",0.8
"Mllscs","Mllscs","CRI",0.8
"Mllscs","Mllscs","CUB",0.8
"Mllscs","Mllscs","CYP",2.8
"Mllscs","Mllscs","DEU",1.6
"Mllscs","Mllscs","DNK",1.6
"Mllscs","Mllscs","DOM",0.8
"Mllscs","Mllscs","DZA",0.8
"Mllscs","Mllscs","ECU",2.8
"Mllscs","Mllscs","EGY",2.8
"Mllscs","Mllscs","ERI",2.8
"Mllscs","Mllscs","FJI",0.8
"Mllscs","Mllscs","FRP",2.8
"Mllscs","Mllscs","GAB",2.8
"Mllscs","Mllscs","GEO",2.8
"Mllscs","Mllscs","GHA",2.8
"Mllscs","Mllscs","GIN",2.8
"Mllscs","Mllscs","GMB",2.8
"Mllscs","Mllscs","GNB",2.8
"Mllscs","Mllscs","GNQ",2.8
"Mllscs","Mllscs","GRC",0.8
"Mllscs","Mllscs","GRL",2.8
"Mllscs","Mllscs","GTM",0.8
"Mllscs","Mllscs","HND",0.8
"Mllscs","Mllscs","HRV",0.8
"Mllscs","Mllscs","HTI",0.8
"Mllscs","Mllscs","IDN",2.8
"Mllscs","Mllscs","IND",0.8
"Mllscs","Mllscs","IRL",1.6
"Mllscs","Mllscs","IRN",2.8
"Mllscs","Mllscs","ISL",1.6
"Mllscs","Mllscs","ISR",2.8
"Mllscs","Mllscs","ITP",1.6
"Mllscs","Mllscs","JAM",0.8
"Mllscs","Mllscs","JPN",1.6
"Mllscs","Mllscs","KEN",2.8
"Mllscs","Mllscs","KHM",0.8
"Mllscs","Mllscs","KOR",0.8
"Mllscs","Mllscs","LAO",0.8
"Mllscs","Mllscs","LBN",2.8
"Mllscs","Mllscs","LBR",2.8
"Mllscs","Mllscs","LBY",2.8
"Mllscs","Mllscs","LKA",2.8
"Mllscs","Mllscs","MDG",2.8
"Mllscs","Mllscs","MEX",0.8
"Mllscs","Mllscs","MMR",2.8
"Mllscs","Mllscs","MOR",0.8
"Mllscs","Mllscs","MOZ",2.8
"Mllscs","Mllscs","MRT",2.8
"Mllscs","Mllscs","MYS",0.8
"Mllscs","Mllscs","NAM",0.8
"Mllscs","Mllscs","NGA",2.8
"Mllscs","Mllscs","NIC",0.8
"Mllscs","Mllscs","NLD",1.6
"Mllscs","Mllscs","NOR",1.6
"Mllscs","Mllscs","NZL",1.6
"Mllscs","Mllscs","OAO",0.8
"Mllscs","Mllscs","OBN",0.8
"Mllscs","Mllscs","OIO",0.8
"Mllscs","Mllscs","OPO",0.8
"Mllscs","Mllscs","OSA",2.8
"Mllscs","Mllscs","PAK",2.8
"Mllscs","Mllscs","PAN",0.8
"Mllscs","Mllscs","PER",0.8
"Mllscs","Mllscs","PHL",0.8
"Mllscs","Mllscs","PNG",2.8
"Mllscs","Mllscs","POL",2.8
"Mllscs","Mllscs","PRK",0.8
"Mllscs","Mllscs","PRT",1.6
"Mllscs","Mllscs","PSE",2.8
"Mllscs","Mllscs","RAP",2.8
"Mllscs","Mllscs","ROU",0.8
"Mllscs","Mllscs","RUS",0.8
"Mllscs","Mllscs","SAU",2.8
"Mllscs","Mllscs","SEN",0.8
"Mllscs","Mllscs","SLB",0.8
"Mllscs","Mllscs","SLE",2.8
"Mllscs","Mllscs","SLV",0.8
"Mllscs","Mllscs","SOM",2.8
"Mllscs","Mllscs","SPP",1.6
"Mllscs","Mllscs","SVN",0.8
"Mllscs","Mllscs","SWE",1.6
"Mllscs","Mllscs","SYR",2.8
"Mllscs","Mllscs","TGO",2.8
"Mllscs","Mllscs","THA",0.8
"Mllscs","Mllscs","TUN",0.8
"Mllscs","Mllscs","TUR",0.8
"Mllscs","Mllscs","TZA",2.8
"Mllscs","Mllscs","UKP",1.6
"Mllscs","Mllscs","UKR",0.8
"Mllscs","Mllscs","URY",0.8
"Mllscs","Mllscs","USA",1.6
"Mllscs","Mllscs","VEN",0.8
"Mllscs","Mllscs","VNM",0.8
"Mllscs","Mllscs","VUT",0.8
"Mllscs","Mllscs","YEM",2.8
"Mllscs","Mllscs","ZAF",1.6
"Salmon","Salmon","AFG",2.8
"Salmon","Salmon","ALB",0.7
"Salmon","Salmon","ARG",0.75
"Salmon","Salmon","ARM",0.6
"Salmon","Salmon","AUS",1.25
"Salmon","Salmon","AUT",2.5
"Salmon","Salmon","AZE",0.6
"Salmon","Salmon","BGR",0.7
"Salmon","Salmon","BLR",0.6
"Salmon","Salmon","BLT",0.6
"Salmon","Salmon","BLX",2.8
"Salmon","Salmon","BOL",0.75
"Salmon","Salmon","BRA",0.75
"Salmon","Salmon","BTN",2.8
"Salmon","Salmon","CAN",1
"Salmon","Salmon","CHL",2.8
"Salmon","Salmon","CHM",1.125
"Salmon","Salmon","CHP",2.5
"Salmon","Salmon","COL",0.75
"Salmon","Salmon","CRI",0.75
"Salmon","Salmon","CYP",0.75
"Salmon","Salmon","CZE",0.7
"Salmon","Salmon","DEU",2.5
"Salmon","Salmon","DNK",2
"Salmon","Salmon","DZA",2.8
"Salmon","Salmon","ECU",0.75
"Salmon","Salmon","ETH",2.8
"Salmon","Salmon","FNP",2
"Salmon","Salmon","FRP",2.8
"Salmon","Salmon","GEO",0.6
"Salmon","Salmon","GRC",0.7
"Salmon","Salmon","GRL",2.8
"Salmon","Salmon","GTM",0.75
"Salmon","Salmon","HRV",0.7
"Salmon","Salmon","HUN",0.7
"Salmon","Salmon","IND",2.8
"Salmon","Salmon","IRL",2.5
"Salmon","Salmon","IRN",0.75
"Salmon","Salmon","ISL",2
"Salmon","Salmon","ISR",1
"Salmon","Salmon","ITP",1
"Salmon","Salmon","JPN",1.25
"Salmon","Salmon","KAZ",2.8
"Salmon","Salmon","KEN",0.7
"Salmon","Salmon","KGZ",2.8
"Salmon","Salmon","KOR",1
"Salmon","Salmon","LBN",0.75
"Salmon","Salmon","LSO",2.8
"Salmon","Salmon","MEX",0.75
"Salmon","Salmon","MOR",0.75
"Salmon","Salmon","MWI",0.7
"Salmon","Salmon","NLD",2.5
"Salmon","Salmon","NOR",2
"Salmon","Salmon","NPL",2.8
"Salmon","Salmon","NZL",1
"Salmon","Salmon","OAO",0.75
"Salmon","Salmon","OBN",0.7
"Salmon","Salmon","OIO",0.75
"Salmon","Salmon","PAN",0.75
"Salmon","Salmon","PER",0.75
"Salmon","Salmon","PNG",0.75
"Salmon","Salmon","POL",0.7
"Salmon","Salmon","PRK",2.8
"Salmon","Salmon","PRT",1
"Salmon","Salmon","RAP",2.8
"Salmon","Salmon","ROU",0.7
"Salmon","Salmon","RUS",0.6
"Salmon","Salmon","SPP",1
"Salmon","Salmon","SVK",0.7
"Salmon","Salmon","SVN",0.7
"Salmon","Salmon","SWE",2
"Salmon","Salmon","TJK",2.8
"Salmon","Salmon","TUR",0.75
"Salmon","Salmon","UKP",2.5
"Salmon","Salmon","UKR",0.6
"Salmon","Salmon","USA",1.25
"Salmon","Salmon","UZB",2.8
"Salmon","Salmon","VEN",0.75
"Salmon","Salmon","ZAF",1
"Salmon","Salmon","ZWE",0.7
"Salmon","Tuna","ALB",0.28
"Salmon","Tuna","AUS",0.5
"Salmon","Tuna","BLT",0.24
"Salmon","Tuna","BLZ",0.3
"Salmon","Tuna","BRA",0.3
"Salmon","Tuna","CAN",0.4
"Salmon","Tuna","CHL",0.3
"Salmon","Tuna","CHM",0.45
"Salmon","Tuna","COL",0.3
"Salmon","Tuna","CRB",0.3
"Salmon","Tuna","CUB",0.3
"Salmon","Tuna","CYP",0.3
"Salmon","Tuna","DNK",0.4
"Salmon","Tuna","DOM",0.3
"Salmon","Tuna","ECU",0.3
"Salmon","Tuna","FJI",0.3
"Salmon","Tuna","GRC",0.28
"Salmon","Tuna","GSA",0.3
"Salmon","Tuna","GTM",0.3
"Salmon","Tuna","HRV",0.28
"Salmon","Tuna","IRL",0.4
"Salmon","Tuna","IRN",0.3
"Salmon","Tuna","ISL",0.4
"Salmon","Tuna","ISR",0.4
"Salmon","Tuna","ITP",0.4
"Salmon","Tuna","JPN",0.5
"Salmon","Tuna","KEN",0.28
"Salmon","Tuna","KOR",0.4
"Salmon","Tuna","MEX",0.3
"Salmon","Tuna","MOR",0.3
"Salmon","Tuna","NIC",0.3
"Salmon","Tuna","NOR",0.4
"Salmon","Tuna","NZL",0.4
"Salmon","Tuna","OAO",0.3
"Salmon","Tuna","OBN",0.28
"Salmon","Tuna","OIO",0.3
"Salmon","Tuna","OPO",0.3
"Salmon","Tuna","PAN",0.3
"Salmon","Tuna","PER",0.3
"Salmon","Tuna","PNG",0.3
"Salmon","Tuna","POL",0.28
"Salmon","Tuna","PRT",0.4
"Salmon","Tuna","RUS",0.24
"Salmon","Tuna","SLB",0.3
"Salmon","Tuna","SLV",0.3
"Salmon","Tuna","SPP",0.4
"Salmon","Tuna","SWE",0.4
"Salmon","Tuna","TUR",0.3
"Salmon","Tuna","UKP",0.4
"Salmon","Tuna","USA",0.5
"Salmon","Tuna","VEN",0.3
"Salmon","Tuna","VUT",0.3
"Salmon","Tuna","ZAF",0.4
"Salmon","Eelstg","ALB",0.28
"Salmon","Eelstg","ARM",0.24
"Salmon","Eelstg","AUT",0.4
"Salmon","Eelstg","BGR",0.28
"Salmon","Eelstg","BLR",0.24
"Salmon","Eelstg","BLT",0.24
"Salmon","Eelstg","CAN",0.4
"Salmon","Eelstg","CHL",0.3
"Salmon","Eelstg","CHM",0.45
"Salmon","Eelstg","CHP",0.4
"Salmon","Eelstg","CYP",0.3
"Salmon","Eelstg","CZE",0.28
"Salmon","Eelstg","DEU",0.4
"Salmon","Eelstg","DNK",0.4
"Salmon","Eelstg","DOM",0.3
"Salmon","Eelstg","FNP",0.4
"Salmon","Eelstg","GEO",0.24
"Salmon","Eelstg","GRC",0.28
"Salmon","Eelstg","HRV",0.28
"Salmon","Eelstg","HUN",0.28
"Salmon","Eelstg","IRN",0.3
"Salmon","Eelstg","ISR",0.4
"Salmon","Eelstg","ITP",0.4
"Salmon","Eelstg","JPN",0.5
"Salmon","Eelstg","KOR",0.4
"Salmon","Eelstg","LBN",0.3
"Salmon","Eelstg","MDA",0.28
"Salmon","Eelstg","MEX",0.3
"Salmon","Eelstg","MOR",0.3
"Salmon","Eelstg","NLD",0.4
"Salmon","Eelstg","NOR",0.4
"Salmon","Eelstg","NZL",0.4
"Salmon","Eelstg","OBN",0.28
"Salmon","Eelstg","POL",0.28
"Salmon","Eelstg","PRT",0.4
"Salmon","Eelstg","ROU",0.28
"Salmon","Eelstg","RUS",0.24
"Salmon","Eelstg","SPP",0.4
"Salmon","Eelstg","SVK",0.28
"Salmon","Eelstg","SVN",0.28
"Salmon","Eelstg","SWE",0.4
"Salmon","Eelstg","TUR",0.3
"Salmon","Eelstg","UKP",0.4
"Salmon","Eelstg","UKR",0.24
"Salmon","Eelstg","USA",0.5
"Salmon","Tilapia","ARG",0.3
"Salmon","Tilapia","BGR",0.28
"Salmon","Tilapia","BLT",0.24
"Salmon","Tilapia","BLZ",0.3
"Salmon","Tilapia","BOL",0.3
"Salmon","Tilapia","BRA",0.3
"Salmon","Tilapia","CHM",0.45
"Salmon","Tilapia","COL",0.3
"Salmon","Tilapia","CRB",0.3
"Salmon","Tilapia","CRI",0.3
"Salmon","Tilapia","CUB",0.3
"Salmon","Tilapia","DEU",0.4
"Salmon","Tilapia","DOM",0.3
"Salmon","Tilapia","ECU",0.3
"Salmon","Tilapia","FJI",0.3
"Salmon","Tilapia","GSA",0.3
"Salmon","Tilapia","GTM",0.3
"Salmon","Tilapia","HND",0.3
"Salmon","Tilapia","HTI",0.3
"Salmon","Tilapia","IRN",0.3
"Salmon","Tilapia","ISR",0.4
"Salmon","Tilapia","ITP",0.4
"Salmon","Tilapia","JAM",0.3
"Salmon","Tilapia","KEN",0.28
"Salmon","Tilapia","KOR",0.4
"Salmon","Tilapia","LBN",0.3
"Salmon","Tilapia","MEX",0.3
"Salmon","Tilapia","MOR",0.3
"Salmon","Tilapia","MWI",0.28
"Salmon","Tilapia","NIC",0.3
"Salmon","Tilapia","OIO",0.3
"Salmon","Tilapia","OPO",0.3
"Salmon","Tilapia","PAN",0.3
"Salmon","Tilapia","PER",0.3
"Salmon","Tilapia","PNG",0.3
"Salmon","Tilapia","PRY",0.3
"Salmon","Tilapia","SLB",0.3
"Salmon","Tilapia","SLV",0.3
"Salmon","Tilapia","SPP",0.4
"Salmon","Tilapia","TLS",0.3
"Salmon","Tilapia","TUR",0.3
"Salmon","Tilapia","USA",0.5
"Salmon","Tilapia","VEN",0.3
"Salmon","Tilapia","VUT",0.3
"Salmon","Tilapia","ZAF",0.4
"Salmon","Tilapia","ZWE",0.28
"Salmon","Pangas","ARG",0.3
"Salmon","Pangas","AUS",0.5
"Salmon","Pangas","AUT",0.4
"Salmon","Pangas","AZE",0.24
"Salmon","Pangas","BGR",0.28
"Salmon","Pangas","BLR",0.24
"Salmon","Pangas","BLT",0.24
"Salmon","Pangas","BRA",0.3
"Salmon","Pangas","CAN",0.4
"Salmon","Pangas","CHM",0.45
"Salmon","Pangas","CHP",0.4
"Salmon","Pangas","COL",0.3
"Salmon","Pangas","CRB",0.3
"Salmon","Pangas","CUB",0.3
"Salmon","Pangas","CZE",0.28
"Salmon","Pangas","DEU",0.4
"Salmon","Pangas","ECU",0.3
"Salmon","Pangas","GEO",0.24
"Salmon","Pangas","GRC",0.28
"Salmon","Pangas","GSA",0.3
"Salmon","Pangas","HRV",0.28
"Salmon","Pangas","HUN",0.28
"Salmon","Pangas","IRN",0.3
"Salmon","Pangas","ITP",0.4
"Salmon","Pangas","KEN",0.28
"Salmon","Pangas","KOR",0.4
"Salmon","Pangas","MDA",0.28
"Salmon","Pangas","MEX",0.3
"Salmon","Pangas","MWI",0.28
"Salmon","Pangas","NLD",0.4
"Salmon","Pangas","NZL",0.4
"Salmon","Pangas","OBN",0.28
"Salmon","Pangas","PER",0.3
"Salmon","Pangas","POL",0.28
"Salmon","Pangas","PRY",0.3
"Salmon","Pangas","ROU",0.28
"Salmon","Pangas","RUS",0.24
"Salmon","Pangas","SLV",0.3
"Salmon","Pangas","SVK",0.28
"Salmon","Pangas","SVN",0.28
"Salmon","Pangas","TLS",0.3
"Salmon","Pangas","TUR",0.3
"Salmon","Pangas","UKR",0.24
"Salmon","Pangas","USA",0.5
"Salmon","Pangas","VEN",0.3
"Salmon","Pangas","ZAF",0.4
"Salmon","Pangas","ZWE",0.28
"Salmon","Carp","ALB",0.28
"Salmon","Carp","ARG",0.3
"Salmon","Carp","ARM",0.24
"Salmon","Carp","AUT",0.4
"Salmon","Carp","AZE",0.24
"Salmon","Carp","BGR",0.28
"Salmon","Carp","BLR",0.24
"Salmon","Carp","BLT",0.24
"Salmon","Carp","BOL",0.3
"Salmon","Carp","CAN",0.4
"Salmon","Carp","CHM",0.45
"Salmon","Carp","CHP",0.4
"Salmon","Carp","COL",0.3
"Salmon","Carp","CUB",0.3
"Salmon","Carp","CZE",0.28
"Salmon","Carp","DEU",0.4
"Salmon","Carp","DNK",0.4
"Salmon","Carp","DOM",0.3
"Salmon","Carp","ECU",0.3
"Salmon","Carp","FJI",0.3
"Salmon","Carp","FNP",0.4
"Salmon","Carp","GEO",0.24
"Salmon","Carp","GRC",0.28
"Salmon","Carp","GTM",0.3
"Salmon","Carp","HRV",0.28
"Salmon","Carp","HTI",0.3
"Salmon","Carp","HUN",0.28
"Salmon","Carp","IRN",0.3
"Salmon","Carp","ISR",0.4
"Salmon","Carp","ITP",0.4
"Salmon","Carp","JPN",0.5
"Salmon","Carp","KEN",0.28
"Salmon","Carp","KOR",0.4
"Salmon","Carp","MDA",0.28
"Salmon","Carp","MEX",0.3
"Salmon","Carp","MWI",0.28
"Salmon","Carp","NLD",0.4
"Salmon","Carp","NZL",0.4
"Salmon","Carp","OBN",0.28
"Salmon","Carp","OPO",0.3
"Salmon","Carp","PAN",0.3
"Salmon","Carp","PER",0.3
"Salmon","Carp","PNG",0.3
"Salmon","Carp","POL",0.28
"Salmon","Carp","PRY",0.3
"Salmon","Carp","ROU",0.28
"Salmon","Carp","RUS",0.24
"Salmon","Carp","SPP",0.4
"Salmon","Carp","SVK",0.28
"Salmon","Carp","SVN",0.28
"Salmon","Carp","SWE",0.4
"Salmon","Carp","TLS",0.3
"Salmon","Carp","TUR",0.3
"Salmon","Carp","UKP",0.4
"Salmon","Carp","UKR",0.24
"Salmon","Carp","USA",0.5
"Salmon","Carp","ZAF",0.4
"Salmon","OFrshD","ALB",0.28
"Salmon","OFrshD","ARG",0.3
"Salmon","OFrshD","ARM",0.24
"Salmon","OFrshD","AUS",0.5
"Salmon","OFrshD","AUT",0.4
"Salmon","OFrshD","AZE",0.24
"Salmon","OFrshD","BGR",0.28
"Salmon","OFrshD","BLR",0.24
"Salmon","OFrshD","BLT",0.24
"Salmon","OFrshD","BOL",0.3
"Salmon","OFrshD","BRA",0.3
"Salmon","OFrshD","CAN",0.4
"Salmon","OFrshD","CHM",0.45
"Salmon","OFrshD","CHP",0.4
"Salmon","OFrshD","COL",0.3
"Salmon","OFrshD","CRB",0.3
"Salmon","OFrshD","CRI",0.3
"Salmon","OFrshD","CUB",0.3
"Salmon","OFrshD","CYP",0.3
"Salmon","OFrshD","CZE",0.28
"Salmon","OFrshD","DEU",0.4
"Salmon","OFrshD","DNK",0.4
"Salmon","OFrshD","DOM",0.3
"Salmon","OFrshD","ECU",0.3
"Salmon","OFrshD","FJI",0.3
"Salmon","OFrshD","FNP",0.4
"Salmon","OFrshD","GEO",0.24
"Salmon","OFrshD","GRC",0.28
"Salmon","OFrshD","GSA",0.3
"Salmon","OFrshD","GTM",0.3
"Salmon","OFrshD","HND",0.3
"Salmon","OFrshD","HRV",0.28
"Salmon","OFrshD","HTI",0.3
"Salmon","OFrshD","HUN",0.28
"Salmon","OFrshD","IRN",0.3
"Salmon","OFrshD","ISR",0.4
"Salmon","OFrshD","ITP",0.4
"Salmon","OFrshD","JAM",0.3
"Salmon","OFrshD","JPN",0.5
"Salmon","OFrshD","KEN",0.28
"Salmon","OFrshD","KOR",0.4
"Salmon","OFrshD","LBN",0.3
"Salmon","OFrshD","MDA",0.28
"Salmon","OFrshD","MEX",0.3
"Salmon","OFrshD","MOR",0.3
"Salmon","OFrshD","MWI",0.28
"Salmon","OFrshD","NIC",0.3
"Salmon","OFrshD","NLD",0.4
"Salmon","OFrshD","NZL",0.4
"Salmon","OFrshD","OBN",0.28
"Salmon","OFrshD","OPO",0.3
"Salmon","OFrshD","PAN",0.3
"Salmon","OFrshD","PER",0.3
"Salmon","OFrshD","PNG",0.3
"Salmon","OFrshD","POL",0.28
"Salmon","OFrshD","PRT",0.4
"Salmon","OFrshD","PRY",0.3
"Salmon","OFrshD","ROU",0.28
"Salmon","OFrshD","RUS",0.24
"Salmon","OFrshD","SLV",0.3
"Salmon","OFrshD","SPP",0.4
"Salmon","OFrshD","SVK",0.28
"Salmon","OFrshD","SVN",0.28
"Salmon","OFrshD","SWE",0.4
"Salmon","OFrshD","TUR",0.3
"Salmon","OFrshD","UKP",0.4
"Salmon","OFrshD","UKR",0.24
"Salmon","OFrshD","USA",0.5
"Salmon","OFrshD","VEN",0.3
"Salmon","OFrshD","VUT",0.3
"Salmon","OFrshD","ZAF",0.4
"Salmon","OFrshD","ZWE",0.28
"Salmon","OCarp","ALB",0.28
"Salmon","OCarp","ARG",0.3
"Salmon","OCarp","ARM",0.24
"Salmon","OCarp","AUT",0.4
"Salmon","OCarp","AZE",0.24
"Salmon","OCarp","BGR",0.28
"Salmon","OCarp","BLR",0.24
"Salmon","OCarp","BLT",0.24
"Salmon","OCarp","CHM",0.45
"Salmon","OCarp","CUB",0.3
"Salmon","OCarp","CZE",0.28
"Salmon","OCarp","DEU",0.4
"Salmon","OCarp","GEO",0.24
"Salmon","OCarp","HRV",0.28
"Salmon","OCarp","HUN",0.28
"Salmon","OCarp","IRN",0.3
"Salmon","OCarp","ISR",0.4
"Salmon","OCarp","ITP",0.4
"Salmon","OCarp","MDA",0.28
"Salmon","OCarp","OBN",0.28
"Salmon","OCarp","POL",0.28
"Salmon","OCarp","ROU",0.28
"Salmon","OCarp","RUS",0.24
"Salmon","OCarp","SVK",0.28
"Salmon","OCarp","SVN",0.28
"Salmon","OCarp","UKR",0.24
"Salmon","OCarp","USA",0.5
"ODmrsl","ODmrsl","AGO",2.8
"ODmrsl","ODmrsl","ALB",2.8
"ODmrsl","ODmrsl","ARG",2.8
"ODmrsl","ODmrsl","AUS",2.8
"ODmrsl","ODmrsl","BEN",2.8
"ODmrsl","ODmrsl","BGD",2.8
"ODmrsl","ODmrsl","BGR",2.8
"ODmrsl","ODmrsl","BLT",2.8
"ODmrsl","ODmrsl","BLX",2.8
"ODmrsl","ODmrsl","BLZ",2.8
"ODmrsl","ODmrsl","BRA",2.8
"ODmrsl","ODmrsl","CAN",2.8
"ODmrsl","ODmrsl","CHL",2.8
"ODmrsl","ODmrsl","CHM",2.8
"ODmrsl","ODmrsl","CIV",2.8
"ODmrsl","ODmrsl","CMR",2.8
"ODmrsl","ODmrsl","COD",2.8
"ODmrsl","ODmrsl","COG",2.8
"ODmrsl","ODmrsl","COL",2.8
"ODmrsl","ODmrsl","CRB",2.8
"ODmrsl","ODmrsl","CRI",2.8
"ODmrsl","ODmrsl","CUB",2.8
"ODmrsl","ODmrsl","CYP",2.8
"ODmrsl","ODmrsl","DEU",2.8
"ODmrsl","ODmrsl","DJI",2.8
"ODmrsl","ODmrsl","DNK",2.8
"ODmrsl","ODmrsl","DOM",2.8
"ODmrsl","ODmrsl","DZA",2.8
"ODmrsl","ODmrsl","ECU",2.8
"ODmrsl","ODmrsl","EGY",2.8
"ODmrsl","ODmrsl","ERI",2.8
"ODmrsl","ODmrsl","FJI",2.8
"ODmrsl","ODmrsl","FNP",2.8
"ODmrsl","ODmrsl","FRP",2.8
"ODmrsl","ODmrsl","GAB",2.8
"ODmrsl","ODmrsl","GEO",2.8
"ODmrsl","ODmrsl","GHA",2.8
"ODmrsl","ODmrsl","GIN",2.8
"ODmrsl","ODmrsl","GMB",2.8
"ODmrsl","ODmrsl","GNB",2.8
"ODmrsl","ODmrsl","GNQ",2.8
"ODmrsl","ODmrsl","GRC",2.8
"ODmrsl","ODmrsl","GRL",2.8
"ODmrsl","ODmrsl","GSA",2.8
"ODmrsl","ODmrsl","GTM",2.8
"ODmrsl","ODmrsl","HRV",2.8
"ODmrsl","ODmrsl","IDN",2.8
"ODmrsl","ODmrsl","IND",2.8
"ODmrsl","ODmrsl","IRL",2.8
"ODmrsl","ODmrsl","IRN",2.8
"ODmrsl","ODmrsl","IRQ",2.8
"ODmrsl","ODmrsl","ISL",2.8
"ODmrsl","ODmrsl","ISR",2.8
"ODmrsl","ODmrsl","ITP",2.8
"ODmrsl","ODmrsl","JOR",2.8
"ODmrsl","ODmrsl","JPN",2.8
"ODmrsl","ODmrsl","KAZ",2.8
"ODmrsl","ODmrsl","KEN",2.8
"ODmrsl","ODmrsl","KHM",2.8
"ODmrsl","ODmrsl","KOR",2.8
"ODmrsl","ODmrsl","LBN",2.8
"ODmrsl","ODmrsl","LBR",2.8
"ODmrsl","ODmrsl","LBY",2.8
"ODmrsl","ODmrsl","LKA",2.8
"ODmrsl","ODmrsl","MDG",2.8
"ODmrsl","ODmrsl","MEX",2.8
"ODmrsl","ODmrsl","MMR",2.8
"ODmrsl","ODmrsl","MOR",2.8
"ODmrsl","ODmrsl","MOZ",2.8
"ODmrsl","ODmrsl","MRT",2.8
"ODmrsl","ODmrsl","MYS",2.8
"ODmrsl","ODmrsl","NAM",2.8
"ODmrsl","ODmrsl","NGA",2.8
"ODmrsl","ODmrsl","NIC",2.8
"ODmrsl","ODmrsl","NLD",2.8
"ODmrsl","ODmrsl","NOR",2.8
"ODmrsl","ODmrsl","NZL",2.8
"ODmrsl","ODmrsl","OAO",2.8
"ODmrsl","ODmrsl","OBN",2.8
"ODmrsl","ODmrsl","OIO",2.8
"ODmrsl","ODmrsl","OPO",2.8
"ODmrsl","ODmrsl","OSA",2.8
"ODmrsl","ODmrsl","PAK",2.8
"ODmrsl","ODmrsl","PAN",2.8
"ODmrsl","ODmrsl","PER",2.8
"ODmrsl","ODmrsl","PHL",2.8
"ODmrsl","ODmrsl","PNG",2.8
"ODmrsl","ODmrsl","POL",2.8
"ODmrsl","ODmrsl","PRK",2.8
"ODmrsl","ODmrsl","PRT",2.8
"ODmrsl","ODmrsl","PSE",2.8
"ODmrsl","ODmrsl","RAP",2.8
"ODmrsl","ODmrsl","ROU",2.8
"ODmrsl","ODmrsl","RUS",2.8
"ODmrsl","ODmrsl","SAU",2.8
"ODmrsl","ODmrsl","SEN",2.8
"ODmrsl","ODmrsl","SLB",2.8
"ODmrsl","ODmrsl","SLE",2.8
"ODmrsl","ODmrsl","SLV",2.8
"ODmrsl","ODmrsl","SPP",2.8
"ODmrsl","ODmrsl","SVN",2.8
"ODmrsl","ODmrsl","SWE",2.8
"ODmrsl","ODmrsl","SYR",2.8
"ODmrsl","ODmrsl","TGO",2.8
"ODmrsl","ODmrsl","THA",2.8
"ODmrsl","ODmrsl","TLS",2.8
"ODmrsl","ODmrsl","TUN",2.8
"ODmrsl","ODmrsl","TUR",2.8
"ODmrsl","ODmrsl","TZA",2.8
"ODmrsl","ODmrsl","UKP",2.8
"ODmrsl","ODmrsl","UKR",2.8
"ODmrsl","ODmrsl","URY",2.8
"ODmrsl","ODmrsl","USA",2.8
"ODmrsl","ODmrsl","VEN",2.8
"ODmrsl","ODmrsl","VUT",2.8
"ODmrsl","ODmrsl","YEM",2.8
"ODmrsl","ODmrsl","ZAF",2.8
"Tuna","Salmon","ALB",0.448
"Tuna","Salmon","AUS",0.8
"Tuna","Salmon","GRC",0.448
"Tuna","Salmon","HRV",0.448
"Tuna","Salmon","MEX",0.48
"Tuna","Salmon","OBN",0.448
"Tuna","Salmon","PRT",0.64
"Tuna","Salmon","SPP",0.64
"Tuna","Salmon","SVN",0.448
"Tuna","Tuna","AGO",2.8
"Tuna","Tuna","ALB",1.12
"Tuna","Tuna","AUS",2
"Tuna","Tuna","BEN",2.8
"Tuna","Tuna","BGD",2.8
"Tuna","Tuna","BLT",2.8
"Tuna","Tuna","BLZ",2.8
"Tuna","Tuna","BRA",2.8
"Tuna","Tuna","CAN",2.8
"Tuna","Tuna","CHL",2.8
"Tuna","Tuna","CHM",2.8
"Tuna","Tuna","CIV",2.8
"Tuna","Tuna","COL",2.8
"Tuna","Tuna","CRB",2.8
"Tuna","Tuna","CUB",2.8
"Tuna","Tuna","CYP",2.8
"Tuna","Tuna","DJI",2.8
"Tuna","Tuna","DNK",2.8
"Tuna","Tuna","DOM",2.8
"Tuna","Tuna","DZA",2.8
"Tuna","Tuna","ECU",2.8
"Tuna","Tuna","EGY",2.8
"Tuna","Tuna","FJI",2.8
"Tuna","Tuna","FRP",2.8
"Tuna","Tuna","GAB",2.8
"Tuna","Tuna","GHA",2.8
"Tuna","Tuna","GNB",2.8
"Tuna","Tuna","GNQ",2.8
"Tuna","Tuna","GRC",1.12
"Tuna","Tuna","GSA",2.8
"Tuna","Tuna","GTM",2.8
"Tuna","Tuna","HRV",1.12
"Tuna","Tuna","IDN",2.8
"Tuna","Tuna","IND",2.8
"Tuna","Tuna","IRL",2.8
"Tuna","Tuna","IRN",2.8
"Tuna","Tuna","ISL",2.8
"Tuna","Tuna","ISR",2.8
"Tuna","Tuna","ITP",2.8
"Tuna","Tuna","JOR",2.8
"Tuna","Tuna","JPN",2.8
"Tuna","Tuna","KEN",2.8
"Tuna","Tuna","KOR",2.8
"Tuna","Tuna","LBR",2.8
"Tuna","Tuna","LBY",2.8
"Tuna","Tuna","LKA",2.8
"Tuna","Tuna","MDG",2.8
"Tuna","Tuna","MEX",1.2
"Tuna","Tuna","MOR",2.8
"Tuna","Tuna","MOZ",2.8
"Tuna","Tuna","MYS",2.8
"Tuna","Tuna","NAM",2.8
"Tuna","Tuna","NIC",2.8
"Tuna","Tuna","NOR",2.8
"Tuna","Tuna","NZL",2.8
"Tuna","Tuna","OAO",2.8
"Tuna","Tuna","OBN",1.12
"Tuna","Tuna","OIO",2.8
"Tuna","Tuna","OPO",2.8
"Tuna","Tuna","OSA",2.8
"Tuna","Tuna","PAK",2.8
"Tuna","Tuna","PAN",2.8
"Tuna","Tuna","PER",2.8
"Tuna","Tuna","PHL",2.8
"Tuna","Tuna","PNG",2.8
"Tuna","Tuna","POL",2.8
"Tuna","Tuna","PRT",1.6
"Tuna","Tuna","RAP",2.8
"Tuna","Tuna","RUS",2.8
"Tuna","Tuna","SAU",2.8
"Tuna","Tuna","SEN",2.8
"Tuna","Tuna","SLB",2.8
"Tuna","Tuna","SLV",2.8
"Tuna","Tuna","SPP",1.6
"Tuna","Tuna","SWE",2.8
"Tuna","Tuna","SYR",2.8
"Tuna","Tuna","TGO",2.8
"Tuna","Tuna","THA",2.8
"Tuna","Tuna","TUN",2.8
"Tuna","Tuna","TUR",2.8
"Tuna","Tuna","TZA",2.8
"Tuna","Tuna","UKP",2.8
"Tuna","Tuna","USA",2.8
"Tuna","Tuna","VEN",2.8
"Tuna","Tuna","VNM",2.8
"Tuna","Tuna","VUT",2.8
"Tuna","Tuna","YEM",2.8
"Tuna","Tuna","ZAF",2.8
"Tuna","Eelstg","ALB",0.448
"Tuna","Eelstg","GRC",0.448
"Tuna","Eelstg","HRV",0.448
"Tuna","Eelstg","MEX",0.48
"Tuna","Eelstg","OBN",0.448
"Tuna","Eelstg","PRT",0.64
"Tuna","Eelstg","SPP",0.64
"Tuna","Eelstg","SVN",0.448
"Tuna","Tilapia","MEX",0.48
"Tuna","Tilapia","SPP",0.64
"Tuna","Pangas","AUS",0.8
"Tuna","Pangas","GRC",0.448
"Tuna","Pangas","HRV",0.448
"Tuna","Pangas","MEX",0.48
"Tuna","Pangas","OBN",0.448
"Tuna","Pangas","SVN",0.448
"Tuna","Carp","ALB",0.448
"Tuna","Carp","GRC",0.448
"Tuna","Carp","HRV",0.448
"Tuna","Carp","MEX",0.48
"Tuna","Carp","OBN",0.448
"Tuna","Carp","SPP",0.64
"Tuna","Carp","SVN",0.448
"Tuna","OFrshD","ALB",0.448
"Tuna","OFrshD","AUS",0.8
"Tuna","OFrshD","GRC",0.448
"Tuna","OFrshD","HRV",0.448
"Tuna","OFrshD","MEX",0.48
"Tuna","OFrshD","OBN",0.448
"Tuna","OFrshD","PRT",0.64
"Tuna","OFrshD","SPP",0.64
"Tuna","OFrshD","SVN",0.448
"Tuna","OCarp","ALB",0.448
"Tuna","OCarp","HRV",0.448
"Tuna","OCarp","OBN",0.448
"Tuna","OCarp","SVN",0.448
"Cobswf","Cobswf","ARG",2.8
"Cobswf","Cobswf","AUS",2.8
"Cobswf","Cobswf","BEN",2.8
"Cobswf","Cobswf","BLZ",2.8
"Cobswf","Cobswf","BRA",2.8
"Cobswf","Cobswf","CAN",2.8
"Cobswf","Cobswf","CHL",2.8
"Cobswf","Cobswf","CHM",0.4
"Cobswf","Cobswf","CIV",2.8
"Cobswf","Cobswf","COG",2.8
"Cobswf","Cobswf","COL",2.8
"Cobswf","Cobswf","CRB",2.8
"Cobswf","Cobswf","CRI",2.8
"Cobswf","Cobswf","CYP",2.8
"Cobswf","Cobswf","DJI",2.8
"Cobswf","Cobswf","DOM",2.8
"Cobswf","Cobswf","DZA",2.8
"Cobswf","Cobswf","ECU",2.8
"Cobswf","Cobswf","EGY",2.8
"Cobswf","Cobswf","ERI",2.8
"Cobswf","Cobswf","FJI",2.8
"Cobswf","Cobswf","FRP",2.8
"Cobswf","Cobswf","GHA",2.8
"Cobswf","Cobswf","GRC",2.8
"Cobswf","Cobswf","GSA",2.8
"Cobswf","Cobswf","GTM",2.8
"Cobswf","Cobswf","HRV",2.8
"Cobswf","Cobswf","IDN",2.8
"Cobswf","Cobswf","IND",2.8
"Cobswf","Cobswf","IRL",2.8
"Cobswf","Cobswf","IRN",2.8
"Cobswf","Cobswf","ITP",2.8
"Cobswf","Cobswf","JPN",2.8
"Cobswf","Cobswf","KEN",2.8
"Cobswf","Cobswf","KOR",2.8
"Cobswf","Cobswf","LBR",2.8
"Cobswf","Cobswf","LBY",2.8
"Cobswf","Cobswf","LKA",2.8
"Cobswf","Cobswf","MDG",2.8
"Cobswf","Cobswf","MEX",2.8
"Cobswf","Cobswf","MOR",2.8
"Cobswf","Cobswf","MOZ",2.8
"Cobswf","Cobswf","MYS",2.8
"Cobswf","Cobswf","NAM",2.8
"Cobswf","Cobswf","NGA",2.8
"Cobswf","Cobswf","NZL",2.8
"Cobswf","Cobswf","OAO",2.8
"Cobswf","Cobswf","OBN",2.8
"Cobswf","Cobswf","OIO",2.8
"Cobswf","Cobswf","OPO",2.8
"Cobswf","Cobswf","PAK",2.8
"Cobswf","Cobswf","PAN",2.8
"Cobswf","Cobswf","PER",2.8
"Cobswf","Cobswf","PHL",2.8
"Cobswf","Cobswf","PNG",2.8
"Cobswf","Cobswf","PRT",2.8
"Cobswf","Cobswf","RAP",2.8
"Cobswf","Cobswf","SAU",2.8
"Cobswf","Cobswf","SEN",2.8
"Cobswf","Cobswf","SLB",2.8
"Cobswf","Cobswf","SPP",2.8
"Cobswf","Cobswf","TGO",2.8
"Cobswf","Cobswf","TUN",2.8
"Cobswf","Cobswf","TUR",2.8
"Cobswf","Cobswf","TZA",2.8
"Cobswf","Cobswf","UKP",2.8
"Cobswf","Cobswf","USA",2.8
"Cobswf","Cobswf","VEN",2.8
"Cobswf","Cobswf","VNM",2.8
"Cobswf","Cobswf","VUT",2.8
"Cobswf","Cobswf","YEM",2.8
"Cobswf","Cobswf","ZAF",2.8
"Eelstg","Salmon","ALB",0.56
"Eelstg","Salmon","AUS",1
"Eelstg","Salmon","AUT",0.8
"Eelstg","Salmon","BGR",0.56
"Eelstg","Salmon","BLR",0.48
"Eelstg","Salmon","BLT",0.48
"Eelstg","Salmon","CHM",0.9
"Eelstg","Salmon","CHP",0.8
"Eelstg","Salmon","CZE",0.56
"Eelstg","Salmon","DEU",0.8
"Eelstg","Salmon","DNK",0.8
"Eelstg","Salmon","DZA",0.6
"Eelstg","Salmon","FNP",0.8
"Eelstg","Salmon","GRC",0.56
"Eelstg","Salmon","HRV",0.56
"Eelstg","Salmon","HUN",0.56
"Eelstg","Salmon","IRL",0.8
"Eelstg","Salmon","ISL",0.8
"Eelstg","Salmon","ITP",0.8
"Eelstg","Salmon","JPN",1
"Eelstg","Salmon","KOR",0.8
"Eelstg","Salmon","MOR",0.6
"Eelstg","Salmon","NLD",0.8
"Eelstg","Salmon","NOR",0.8
"Eelstg","Salmon","OBN",0.56
"Eelstg","Salmon","POL",0.56
"Eelstg","Salmon","PRT",0.8
"Eelstg","Salmon","ROU",0.56
"Eelstg","Salmon","RUS",0.48
"Eelstg","Salmon","SPP",0.8
"Eelstg","Salmon","SVK",0.56
"Eelstg","Salmon","SVN",0.56
"Eelstg","Salmon","SWE",0.8
"Eelstg","Salmon","UKP",0.8
"Eelstg","Tuna","ALB",0.56
"Eelstg","Tuna","AUS",1
"Eelstg","Tuna","BLT",0.48
"Eelstg","Tuna","CHM",0.9
"Eelstg","Tuna","DNK",0.8
"Eelstg","Tuna","DZA",0.6
"Eelstg","Tuna","GRC",0.56
"Eelstg","Tuna","HRV",0.56
"Eelstg","Tuna","IDN",0.8
"Eelstg","Tuna","IRL",0.8
"Eelstg","Tuna","ISL",0.8
"Eelstg","Tuna","ITP",0.8
"Eelstg","Tuna","JPN",1
"Eelstg","Tuna","KOR",0.8
"Eelstg","Tuna","MOR",0.6
"Eelstg","Tuna","MYS",0.8
"Eelstg","Tuna","NOR",0.8
"Eelstg","Tuna","OBN",0.56
"Eelstg","Tuna","POL",0.56
"Eelstg","Tuna","PRT",0.8
"Eelstg","Tuna","RUS",0.48
"Eelstg","Tuna","SPP",0.8
"Eelstg","Tuna","SWE",0.8
"Eelstg","Tuna","TUN",0.6
"Eelstg","Tuna","UKP",0.8
"Eelstg","Eelstg","AGO",2.8
"Eelstg","Eelstg","ALB",1.4
"Eelstg","Eelstg","ARM",2.8
"Eelstg","Eelstg","AUT",2
"Eelstg","Eelstg","BGR",1.4
"Eelstg","Eelstg","BLR",1.2
"Eelstg","Eelstg","BLT",1.2
"Eelstg","Eelstg","BLX",2.8
"Eelstg","Eelstg","CAN",2.8
"Eelstg","Eelstg","CHL",2.8
"Eelstg","Eelstg","CHM",2.25
"Eelstg","Eelstg","CHP",2
"Eelstg","Eelstg","CYP",2.8
"Eelstg","Eelstg","CZE",1.4
"Eelstg","Eelstg","DEU",2
"Eelstg","Eelstg","DNK",2
"Eelstg","Eelstg","DOM",2.8
"Eelstg","Eelstg","DZA",1.5
"Eelstg","Eelstg","EGY",2.8
"Eelstg","Eelstg","FNP",2
"Eelstg","Eelstg","FRP",2.8
"Eelstg","Eelstg","GEO",2.8
"Eelstg","Eelstg","GRC",1.4
"Eelstg","Eelstg","HRV",1.4
"Eelstg","Eelstg","HUN",1.4
"Eelstg","Eelstg","IDN",2
"Eelstg","Eelstg","IRN",2.8
"Eelstg","Eelstg","ISR",2.8
"Eelstg","Eelstg","ITP",2
"Eelstg","Eelstg","JPN",2.5
"Eelstg","Eelstg","KAZ",2.8
"Eelstg","Eelstg","KGZ",2.8
"Eelstg","Eelstg","KOR",2
"Eelstg","Eelstg","LBN",2.8
"Eelstg","Eelstg","MDA",1.4
"Eelstg","Eelstg","MDG",2.8
"Eelstg","Eelstg","MEX",2.8
"Eelstg","Eelstg","MOR",1.5
"Eelstg","Eelstg","NLD",2
"Eelstg","Eelstg","NOR",2
"Eelstg","Eelstg","NZL",2.8
"Eelstg","Eelstg","OBN",1.4
"Eelstg","Eelstg","PHL",2.8
"Eelstg","Eelstg","POL",1.4
"Eelstg","Eelstg","PRK",2.8
"Eelstg","Eelstg","PRT",2
"Eelstg","Eelstg","RAP",2.8
"Eelstg","Eelstg","ROU",1.4
"Eelstg","Eelstg","RUS",1.2
"Eelstg","Eelstg","SAU",2.8
"Eelstg","Eelstg","SPP",2
"Eelstg","Eelstg","SVK",1.4
"Eelstg","Eelstg","SVN",1.4
"Eelstg","Eelstg","SWE",2
"Eelstg","Eelstg","TKM",2.8
"Eelstg","Eelstg","TUN",1.5
"Eelstg","Eelstg","TUR",2.8
"Eelstg","Eelstg","UKP",2
"Eelstg","Eelstg","UKR",2.8
"Eelstg","Eelstg","URY",1.5
"Eelstg","Eelstg","USA",2.8
"Eelstg","Eelstg","UZB",2.8
"Eelstg","Eelstg","VNM",2.8
"Eelstg","Tilapia","BGR",0.56
"Eelstg","Tilapia","BLT",0.48
"Eelstg","Tilapia","CHM",0.9
"Eelstg","Tilapia","DEU",0.8
"Eelstg","Tilapia","DZA",0.6
"Eelstg","Tilapia","IDN",0.8
"Eelstg","Tilapia","ITP",0.8
"Eelstg","Tilapia","KOR",0.8
"Eelstg","Tilapia","MOR",0.6
"Eelstg","Tilapia","MYS",0.8
"Eelstg","Tilapia","SPP",0.8
"Eelstg","Tilapia","TUN",0.6
"Eelstg","Pangas","AUS",1
"Eelstg","Pangas","AUT",0.8
"Eelstg","Pangas","BGR",0.56
"Eelstg","Pangas","BLR",0.48
"Eelstg","Pangas","BLT",0.48
"Eelstg","Pangas","CHM",0.9
"Eelstg","Pangas","CHP",0.8
"Eelstg","Pangas","CZE",0.56
"Eelstg","Pangas","DEU",0.8
"Eelstg","Pangas","DZA",0.6
"Eelstg","Pangas","GRC",0.56
"Eelstg","Pangas","HRV",0.56
"Eelstg","Pangas","HUN",0.56
"Eelstg","Pangas","IDN",0.8
"Eelstg","Pangas","ITP",0.8
"Eelstg","Pangas","KOR",0.8
"Eelstg","Pangas","MDA",0.56
"Eelstg","Pangas","MYS",0.8
"Eelstg","Pangas","NLD",0.8
"Eelstg","Pangas","OBN",0.56
"Eelstg","Pangas","POL",0.56
"Eelstg","Pangas","ROU",0.56
"Eelstg","Pangas","RUS",0.48
"Eelstg","Pangas","SVK",0.56
"Eelstg","Pangas","SVN",0.56
"Eelstg","Pangas","TUN",0.6
"Eelstg","Pangas","URY",0.6
"Eelstg","Carp","ALB",0.56
"Eelstg","Carp","AUT",0.8
"Eelstg","Carp","BGR",0.56
"Eelstg","Carp","BLR",0.48
"Eelstg","Carp","BLT",0.48
"Eelstg","Carp","CHM",0.9
"Eelstg","Carp","CHP",0.8
"Eelstg","Carp","CZE",0.56
"Eelstg","Carp","DEU",0.8
"Eelstg","Carp","DNK",0.8
"Eelstg","Carp","DZA",0.6
"Eelstg","Carp","FNP",0.8
"Eelstg","Carp","GRC",0.56
"Eelstg","Carp","HRV",0.56
"Eelstg","Carp","HUN",0.56
"Eelstg","Carp","IDN",0.8
"Eelstg","Carp","ITP",0.8
"Eelstg","Carp","JPN",1
"Eelstg","Carp","KOR",0.8
"Eelstg","Carp","MDA",0.56
"Eelstg","Carp","MYS",0.8
"Eelstg","Carp","NLD",0.8
"Eelstg","Carp","OBN",0.56
"Eelstg","Carp","POL",0.56
"Eelstg","Carp","ROU",0.56
"Eelstg","Carp","RUS",0.48
"Eelstg","Carp","SPP",0.8
"Eelstg","Carp","SVK",0.56
"Eelstg","Carp","SVN",0.56
"Eelstg","Carp","SWE",0.8
"Eelstg","Carp","TUN",0.6
"Eelstg","Carp","UKP",0.8
"Eelstg","OFrshD","ALB",0.56
"Eelstg","OFrshD","AUS",1
"Eelstg","OFrshD","AUT",0.8
"Eelstg","OFrshD","BGR",0.56
"Eelstg","OFrshD","BLR",0.48
"Eelstg","OFrshD","BLT",0.48
"Eelstg","OFrshD","CHM",0.9
"Eelstg","OFrshD","CHP",0.8
"Eelstg","OFrshD","CZE",0.56
"Eelstg","OFrshD","DEU",0.8
"Eelstg","OFrshD","DNK",0.8
"Eelstg","OFrshD","DZA",0.6
"Eelstg","OFrshD","FNP",0.8
"Eelstg","OFrshD","GRC",0.56
"Eelstg","OFrshD","HRV",0.56
"Eelstg","OFrshD","HUN",0.56
"Eelstg","OFrshD","IDN",0.8
"Eelstg","OFrshD","ITP",0.8
"Eelstg","OFrshD","JPN",1
"Eelstg","OFrshD","KOR",0.8
"Eelstg","OFrshD","MDA",0.56
"Eelstg","OFrshD","MOR",0.6
"Eelstg","OFrshD","MYS",0.8
"Eelstg","OFrshD","NLD",0.8
"Eelstg","OFrshD","OBN",0.56
"Eelstg","OFrshD","POL",0.56
"Eelstg","OFrshD","PRT",0.8
"Eelstg","OFrshD","ROU",0.56
"Eelstg","OFrshD","RUS",0.48
"Eelstg","OFrshD","SPP",0.8
"Eelstg","OFrshD","SVK",0.56
"Eelstg","OFrshD","SVN",0.56
"Eelstg","OFrshD","SWE",0.8
"Eelstg","OFrshD","TUN",0.6
"Eelstg","OFrshD","UKP",0.8
"Eelstg","OFrshD","URY",0.6
"Eelstg","OCarp","ALB",0.56
"Eelstg","OCarp","AUT",0.8
"Eelstg","OCarp","BGR",0.56
"Eelstg","OCarp","BLR",0.48
"Eelstg","OCarp","BLT",0.48
"Eelstg","OCarp","CHM",0.9
"Eelstg","OCarp","CZE",0.56
"Eelstg","OCarp","DEU",0.8
"Eelstg","OCarp","DZA",0.6
"Eelstg","OCarp","HRV",0.56
"Eelstg","OCarp","HUN",0.56
"Eelstg","OCarp","IDN",0.8
"Eelstg","OCarp","ITP",0.8
"Eelstg","OCarp","MDA",0.56
"Eelstg","OCarp","MYS",0.8
"Eelstg","OCarp","OBN",0.56
"Eelstg","OCarp","POL",0.56
"Eelstg","OCarp","ROU",0.56
"Eelstg","OCarp","RUS",0.48
"Eelstg","OCarp","SVK",0.56
"Eelstg","OCarp","SVN",0.56
"Tilapia","Tilapia","AGO",2.8
"Tilapia","Tilapia","ARG",1.5
"Tilapia","Tilapia","BDI",1.4
"Tilapia","Tilapia","BEN",2.8
"Tilapia","Tilapia","BFA",1.4
"Tilapia","Tilapia","BGD",2.8
"Tilapia","Tilapia","BGR",2.8
"Tilapia","Tilapia","BLT",2.8
"Tilapia","Tilapia","BLZ",1.5
"Tilapia","Tilapia","BOL",1.5
"Tilapia","Tilapia","BRA",1.5
"Tilapia","Tilapia","BWA",2.8
"Tilapia","Tilapia","CAF",1.4
"Tilapia","Tilapia","CHM",2.8
"Tilapia","Tilapia","CIV",1.4
"Tilapia","Tilapia","CMR",1.4
"Tilapia","Tilapia","COD",1.4
"Tilapia","Tilapia","COG",1.4
"Tilapia","Tilapia","COL",1.5
"Tilapia","Tilapia","CRB",1.5
"Tilapia","Tilapia","CRI",1.5
"Tilapia","Tilapia","CUB",1.5
"Tilapia","Tilapia","DEU",2.8
"Tilapia","Tilapia","DOM",1.5
"Tilapia","Tilapia","DZA",2.8
"Tilapia","Tilapia","ECU",1.5
"Tilapia","Tilapia","EGY",1.05
"Tilapia","Tilapia","ETH",1.4
"Tilapia","Tilapia","FJI",1.5
"Tilapia","Tilapia","GAB",1.4
"Tilapia","Tilapia","GHA",1.4
"Tilapia","Tilapia","GIN",2.8
"Tilapia","Tilapia","GMB",2.8
"Tilapia","Tilapia","GNB",2.8
"Tilapia","Tilapia","GNQ",2.8
"Tilapia","Tilapia","GSA",1.5
"Tilapia","Tilapia","GTM",1.5
"Tilapia","Tilapia","HND",1.5
"Tilapia","Tilapia","HTI",1.5
"Tilapia","Tilapia","IDN",2.8
"Tilapia","Tilapia","IRN",2.8
"Tilapia","Tilapia","IRQ",2.8
"Tilapia","Tilapia","ISR",1.4
"Tilapia","Tilapia","ITP",2.8
"Tilapia","Tilapia","JAM",1.5
"Tilapia","Tilapia","JOR",1.05
"Tilapia","Tilapia","KEN",1.4
"Tilapia","Tilapia","KHM",1.2
"Tilapia","Tilapia","KOR",2
"Tilapia","Tilapia","LAO",1.2
"Tilapia","Tilapia","LBN",2.8
"Tilapia","Tilapia","LBR",1.4
"Tilapia","Tilapia","LBY",2.8
"Tilapia","Tilapia","LKA",1.5
"Tilapia","Tilapia","MDG",2.8
"Tilapia","Tilapia","MEX",1.5
"Tilapia","Tilapia","MLI",1.4
"Tilapia","Tilapia","MMR",2.8
"Tilapia","Tilapia","MOR",2.8
"Tilapia","Tilapia","MOZ",2.8
"Tilapia","Tilapia","MWI",1.4
"Tilapia","Tilapia","MYS",2
"Tilapia","Tilapia","NAM",2.8
"Tilapia","Tilapia","NER",1.4
"Tilapia","Tilapia","NGA",1.4
"Tilapia","Tilapia","NIC",1.5
"Tilapia","Tilapia","NPL",2.8
"Tilapia","Tilapia","OIO",1.5
"Tilapia","Tilapia","OPO",1.5
"Tilapia","Tilapia","OSA",2.8
"Tilapia","Tilapia","PAK",2.8
"Tilapia","Tilapia","PAN",1.5
"Tilapia","Tilapia","PER",1.5
"Tilapia","Tilapia","PHL",1.2
"Tilapia","Tilapia","PNG",2.8
"Tilapia","Tilapia","PRK",2.8
"Tilapia","Tilapia","PRY",1.5
"Tilapia","Tilapia","PSE",1.4
"Tilapia","Tilapia","RAP",1.05
"Tilapia","Tilapia","RWA",1.4
"Tilapia","Tilapia","SAU",1.05
"Tilapia","Tilapia","SDN",1.4
"Tilapia","Tilapia","SEN",1.4
"Tilapia","Tilapia","SLB",1.5
"Tilapia","Tilapia","SLE",1.4
"Tilapia","Tilapia","SLV",1.5
"Tilapia","Tilapia","SPP",2.8
"Tilapia","Tilapia","SWZ",1.4
"Tilapia","Tilapia","SYR",1.05
"Tilapia","Tilapia","TCD",2.8
"Tilapia","Tilapia","TGO",1.4
"Tilapia","Tilapia","THA",2.8
"Tilapia","Tilapia","TLS",2.8
"Tilapia","Tilapia","TUN",2.8
"Tilapia","Tilapia","TUR",2.8
"Tilapia","Tilapia","TZA",1.4
"Tilapia","Tilapia","UGA",1.4
"Tilapia","Tilapia","USA",2.5
"Tilapia","Tilapia","VEN",1.5
"Tilapia","Tilapia","VNM",2.8
"Tilapia","Tilapia","VUT",1.5
"Tilapia","Tilapia","YEM",1.05
"Tilapia","Tilapia","ZAF",2
"Tilapia","Tilapia","ZMB",1.4
"Tilapia","Tilapia","ZWE",1.4
"Pangas","Pangas","AGO",2.8
"Pangas","Pangas","ARG",2.8
"Pangas","Pangas","AUS",2.8
"Pangas","Pangas","AUT",2
"Pangas","Pangas","AZE",2.8
"Pangas","Pangas","BDI",2.8
"Pangas","Pangas","BEN",2.8
"Pangas","Pangas","BFA",2.8
"Pangas","Pangas","BGD",2.8
"Pangas","Pangas","BGR",1.4
"Pangas","Pangas","BLR",2.8
"Pangas","Pangas","BLT",2.8
"Pangas","Pangas","BRA",1.5
"Pangas","Pangas","BWA",2.8
"Pangas","Pangas","CAF",2.8
"Pangas","Pangas","CAN",2.8
"Pangas","Pangas","CHM",2.8
"Pangas","Pangas","CHP",2
"Pangas","Pangas","CIV",1.4
"Pangas","Pangas","CMR",1.4
"Pangas","Pangas","COD",1.4
"Pangas","Pangas","COG",2.8
"Pangas","Pangas","COL",1.5
"Pangas","Pangas","CRB",1.5
"Pangas","Pangas","CUB",1.5
"Pangas","Pangas","CZE",1.4
"Pangas","Pangas","DEU",2.8
"Pangas","Pangas","DZA",2.8
"Pangas","Pangas","ECU",2.8
"Pangas","Pangas","EGY",1.5
"Pangas","Pangas","ETH",2.8
"Pangas","Pangas","FRP",2.8
"Pangas","Pangas","GAB",1.4
"Pangas","Pangas","GEO",2.8
"Pangas","Pangas","GHA",1.4
"Pangas","Pangas","GIN",2.8
"Pangas","Pangas","GMB",2.8
"Pangas","Pangas","GNQ",2.8
"Pangas","Pangas","GRC",1.4
"Pangas","Pangas","GSA",1.5
"Pangas","Pangas","HRV",1.4
"Pangas","Pangas","HUN",1.4
"Pangas","Pangas","IDN",2.8
"Pangas","Pangas","IND",2
"Pangas","Pangas","IRN",2.8
"Pangas","Pangas","IRQ",2.8
"Pangas","Pangas","ITP",2
"Pangas","Pangas","KAZ",2.8
"Pangas","Pangas","KEN",1.4
"Pangas","Pangas","KHM",1.2
"Pangas","Pangas","KOR",2
"Pangas","Pangas","LAO",1.2
"Pangas","Pangas","LBR",1.4
"Pangas","Pangas","LSO",2.8
"Pangas","Pangas","MDA",1.4
"Pangas","Pangas","MEX",1.5
"Pangas","Pangas","MLI",1.4
"Pangas","Pangas","MMR",2.8
"Pangas","Pangas","MWI",1.4
"Pangas","Pangas","MYS",2
"Pangas","Pangas","NAM",2.8
"Pangas","Pangas","NER",2.8
"Pangas","Pangas","NGA",1.4
"Pangas","Pangas","NLD",2
"Pangas","Pangas","NPL",2.8
"Pangas","Pangas","NZL",2.8
"Pangas","Pangas","OBN",1.4
"Pangas","Pangas","OSA",2.8
"Pangas","Pangas","PER",2.8
"Pangas","Pangas","PHL",1.5
"Pangas","Pangas","POL",2.8
"Pangas","Pangas","PRK",2.8
"Pangas","Pangas","PRY",1.5
"Pangas","Pangas","ROU",1.4
"Pangas","Pangas","RUS",1.2
"Pangas","Pangas","RWA",1.4
"Pangas","Pangas","SAU",1.5
"Pangas","Pangas","SDN",2.8
"Pangas","Pangas","SEN",2.8
"Pangas","Pangas","SLE",2.8
"Pangas","Pangas","SLV",1.5
"Pangas","Pangas","SVK",1.4
"Pangas","Pangas","SVN",1.4
"Pangas","Pangas","SYR",1.5
"Pangas","Pangas","TCD",2.8
"Pangas","Pangas","TGO",2.8
"Pangas","Pangas","THA",2.8
"Pangas","Pangas","TKM",2.8
"Pangas","Pangas","TLS",2.8
"Pangas","Pangas","TUN",1.5
"Pangas","Pangas","TUR",2.8
"Pangas","Pangas","TZA",2.8
"Pangas","Pangas","UGA",1.4
"Pangas","Pangas","UKR",2.8
"Pangas","Pangas","URY",1.5
"Pangas","Pangas","USA",2.8
"Pangas","Pangas","UZB",2.8
"Pangas","Pangas","VEN",1.5
"Pangas","Pangas","VNM",2.8
"Pangas","Pangas","ZAF",2
"Pangas","Pangas","ZMB",2.8
"Pangas","Pangas","ZWE",2.8
"Carp","Carp","ALB",1.12
"Carp","Carp","ARG",2.8
"Carp","Carp","ARM",0.96
"Carp","Carp","AUT",1.6
"Carp","Carp","AZE",0.96
"Carp","Carp","BDI",2.8
"Carp","Carp","BGD",2.8
"Carp","Carp","BGR",1.12
"Carp","Carp","BLR",0.96
"Carp","Carp","BLT",0.96
"Carp","Carp","BLX",2.8
"Carp","Carp","BOL",1.2
"Carp","Carp","BTN",2.8
"Carp","Carp","CAF",2.8
"Carp","Carp","CAN",2.8
"Carp","Carp","CHM",2.8
"Carp","Carp","CHP",1.6
"Carp","Carp","CMR",2.8
"Carp","Carp","COL",1.2
"Carp","Carp","CUB",1.2
"Carp","Carp","CZE",1.12
"Carp","Carp","DEU",1.6
"Carp","Carp","DNK",2.8
"Carp","Carp","DOM",1.2
"Carp","Carp","DZA",2.8
"Carp","Carp","ECU",2.8
"Carp","Carp","EGY",1.2
"Carp","Carp","ERI",2.8
"Carp","Carp","ETH",1.12
"Carp","Carp","FJI",1.2
"Carp","Carp","FNP",2.8
"Carp","Carp","FRP",2.8
"Carp","Carp","GEO",0.96
"Carp","Carp","GRC",1.12
"Carp","Carp","GTM",1.2
"Carp","Carp","HRV",1.12
"Carp","Carp","HTI",1.2
"Carp","Carp","HUN",1.12
"Carp","Carp","IDN",2.8
"Carp","Carp","IND",2.8
"Carp","Carp","IRN",1.2
"Carp","Carp","IRQ",2.8
"Carp","Carp","ISR",1.6
"Carp","Carp","ITP",1.6
"Carp","Carp","JOR",1.2
"Carp","Carp","JPN",2
"Carp","Carp","KAZ",0.88
"Carp","Carp","KEN",1.12
"Carp","Carp","KGZ",0.88
"Carp","Carp","KHM",0.96
"Carp","Carp","KOR",1.6
"Carp","Carp","LAO",0.96
"Carp","Carp","LKA",2.8
"Carp","Carp","LSO",1.12
"Carp","Carp","MDA",1.12
"Carp","Carp","MDG",1.12
"Carp","Carp","MEX",1.2
"Carp","Carp","MMR",0.384
"Carp","Carp","MWI",1.12
"Carp","Carp","MYS",1.6
"Carp","Carp","NLD",2.8
"Carp","Carp","NPL",2.8
"Carp","Carp","NZL",2.8
"Carp","Carp","OBN",1.12
"Carp","Carp","OPO",1.2
"Carp","Carp","OSA",2.8
"Carp","Carp","PAK",2.8
"Carp","Carp","PAN",1.2
"Carp","Carp","PER",1.2
"Carp","Carp","PHL",0.6
"Carp","Carp","PNG",1.2
"Carp","Carp","POL",1.12
"Carp","Carp","PRY",1.2
"Carp","Carp","PSE",2.8
"Carp","Carp","RAP",2.8
"Carp","Carp","ROU",1.12
"Carp","Carp","RUS",0.96
"Carp","Carp","RWA",1.12
"Carp","Carp","SAU",2.8
"Carp","Carp","SPP",2.8
"Carp","Carp","SVK",1.12
"Carp","Carp","SVN",1.12
"Carp","Carp","SWE",2.8
"Carp","Carp","SYR",1.2
"Carp","Carp","THA",1.2
"Carp","Carp","TJK",0.88
"Carp","Carp","TKM",2.8
"Carp","Carp","TLS",1.2
"Carp","Carp","TUN",1.2
"Carp","Carp","TUR",1.2
"Carp","Carp","TZA",2.8
"Carp","Carp","UGA",1.12
"Carp","Carp","UKP",2.8
"Carp","Carp","UKR",0.96
"Carp","Carp","USA",2.8
"Carp","Carp","UZB",0.88
"Carp","Carp","VNM",2.8
"Carp","Carp","ZAF",1.6
"Carp","Carp","ZMB",1.12
"Mullet","Cobswf","BRA",0.5
"Mullet","Cobswf","CRB",0.5
"Mullet","Cobswf","DZA",0.5
"Mullet","Cobswf","FJI",0.5
"Mullet","Cobswf","GRC",0.44
"Mullet","Cobswf","HRV",0.44
"Mullet","Cobswf","IDN",0.7
"Mullet","Cobswf","ITP",0.7
"Mullet","Cobswf","KOR",0.7
"Mullet","Cobswf","MEX",0.5
"Mullet","Cobswf","OAO",0.5
"Mullet","Cobswf","OBN",0.44
"Mullet","Cobswf","OIO",0.5
"Mullet","Cobswf","OPO",0.5
"Mullet","Cobswf","PRT",0.7
"Mullet","Cobswf","SLB",0.5
"Mullet","Cobswf","SPP",0.7
"Mullet","Cobswf","TUN",0.5
"Mullet","Cobswf","VUT",0.5
"Mullet","Cobswf","ZAF",0.7
"Mullet","Mullet","AGO",2.8
"Mullet","Mullet","ALB",0.44
"Mullet","Mullet","ARG",2.8
"Mullet","Mullet","AUS",2.8
"Mullet","Mullet","AZE",2.8
"Mullet","Mullet","BEN",2.8
"Mullet","Mullet","BGR",2.8
"Mullet","Mullet","BLT",2.8
"Mullet","Mullet","BLX",2.8
"Mullet","Mullet","BLZ",2.8
"Mullet","Mullet","BRA",0.5
"Mullet","Mullet","CHL",2.8
"Mullet","Mullet","CHM",0.8
"Mullet","Mullet","CIV",2.8
"Mullet","Mullet","COG",2.8
"Mullet","Mullet","COL",2.8
"Mullet","Mullet","CRB",0.5
"Mullet","Mullet","CUB",2.8
"Mullet","Mullet","CYP",2.8
"Mullet","Mullet","DJI",2.8
"Mullet","Mullet","DOM",2.8
"Mullet","Mullet","DZA",0.35
"Mullet","Mullet","ECU",2.8
"Mullet","Mullet","EGY",0.35
"Mullet","Mullet","ERI",2.8
"Mullet","Mullet","FJI",0.5
"Mullet","Mullet","FRP",2.8
"Mullet","Mullet","GAB",2.8
"Mullet","Mullet","GEO",2.8
"Mullet","Mullet","GHA",2.8
"Mullet","Mullet","GIN",2.8
"Mullet","Mullet","GMB",2.8
"Mullet","Mullet","GRC",0.44
"Mullet","Mullet","GSA",2.8
"Mullet","Mullet","HRV",0.44
"Mullet","Mullet","IDN",0.7
"Mullet","Mullet","IND",2.8
"Mullet","Mullet","IRL",2.8
"Mullet","Mullet","IRN",2.8
"Mullet","Mullet","IRQ",2.8
"Mullet","Mullet","ISR",0.49
"Mullet","Mullet","ITP",0.7
"Mullet","Mullet","KAZ",2.8
"Mullet","Mullet","KEN",2.8
"Mullet","Mullet","KOR",0.7
"Mullet","Mullet","LBR",2.8
"Mullet","Mullet","LBY",2.8
"Mullet","Mullet","MEX",0.5
"Mullet","Mullet","MOR",2.8
"Mullet","Mullet","MRT",2.8
"Mullet","Mullet","MYS",2.8
"Mullet","Mullet","NGA",2.8
"Mullet","Mullet","NLD",2.8
"Mullet","Mullet","NZL",2.8
"Mullet","Mullet","OBN",0.44
"Mullet","Mullet","OIO",0.5
"Mullet","Mullet","OPO",0.5
"Mullet","Mullet","OSA",2.8
"Mullet","Mullet","PAK",2.8
"Mullet","Mullet","PER",2.8
"Mullet","Mullet","PHL",2.8
"Mullet","Mullet","PRT",0.7
"Mullet","Mullet","PSE",2.8
"Mullet","Mullet","RAP",2.8
"Mullet","Mullet","ROU",2.8
"Mullet","Mullet","RUS",2.8
"Mullet","Mullet","SAU",2.8
"Mullet","Mullet","SEN",2.8
"Mullet","Mullet","SLE",2.8
"Mullet","Mullet","SPP",0.7
"Mullet","Mullet","SVN",0.44
"Mullet","Mullet","SWE",2.8
"Mullet","Mullet","SYR",2.8
"Mullet","Mullet","TGO",2.8
"Mullet","Mullet","THA",2.8
"Mullet","Mullet","TKM",2.8
"Mullet","Mullet","TUN",0.35
"Mullet","Mullet","TUR",2.8
"Mullet","Mullet","TZA",2.8
"Mullet","Mullet","UKP",2.8
"Mullet","Mullet","UKR",0.44
"Mullet","Mullet","URY",2.8
"Mullet","Mullet","USA",2.8
"Mullet","Mullet","VEN",2.8
"Mullet","Mullet","YEM",2.8
"Mullet","Mullet","ZAF",0.7
"Mullet","OPelag","ALB",0.44
"Mullet","OPelag","BRA",0.5
"Mullet","OPelag","CRB",0.5
"Mullet","OPelag","DZA",0.5
"Mullet","OPelag","FJI",0.5
"Mullet","OPelag","GRC",0.44
"Mullet","OPelag","HRV",0.44
"Mullet","OPelag","IDN",0.7
"Mullet","OPelag","ISR",0.7
"Mullet","OPelag","ITP",0.7
"Mullet","OPelag","MEX",0.5
"Mullet","OPelag","OAO",0.5
"Mullet","OPelag","OBN",0.44
"Mullet","OPelag","OIO",0.5
"Mullet","OPelag","OPO",0.5
"Mullet","OPelag","PRT",0.7
"Mullet","OPelag","SLB",0.5
"Mullet","OPelag","SPP",0.7
"Mullet","OPelag","SVN",0.44
"Mullet","OPelag","TUN",0.5
"Mullet","OPelag","UKR",0.44
"Mullet","OPelag","VUT",0.5
"Mullet","OPelag","ZAF",0.7
"Mullet","OMarn","BRA",0.5
"Mullet","OMarn","CRB",0.5
"Mullet","OMarn","DZA",0.5
"Mullet","OMarn","FJI",0.5
"Mullet","OMarn","IDN",0.7
"Mullet","OMarn","ISR",0.7
"Mullet","OMarn","ITP",0.7
"Mullet","OMarn","JAM",0.5
"Mullet","OMarn","MEX",0.5
"Mullet","OMarn","OAO",0.5
"Mullet","OMarn","OIO",0.5
"Mullet","OMarn","OPO",0.5
"Mullet","OMarn","PRT",0.7
"Mullet","OMarn","SLB",0.5
"Mullet","OMarn","SPP",0.7
"Mullet","OMarn","TUN",0.5
"Mullet","OMarn","UKR",0.44
"Mullet","OMarn","VUT",0.5
"Mullet","OMarn","ZAF",0.7
"OFrshD","Salmon","ALB",0.56
"OFrshD","Salmon","ARG",0.6
"OFrshD","Salmon","ARM",0.48
"OFrshD","Salmon","AUS",1
"OFrshD","Salmon","AUT",0.8
"OFrshD","Salmon","AZE",0.48
"OFrshD","Salmon","BGR",0.56
"OFrshD","Salmon","BLR",0.48
"OFrshD","Salmon","BLT",0.48
"OFrshD","Salmon","BOL",0.6
"OFrshD","Salmon","BRA",0.6
"OFrshD","Salmon","CAN",0.8
"OFrshD","Salmon","CHM",0.9
"OFrshD","Salmon","CHP",0.8
"OFrshD","Salmon","COL",0.6
"OFrshD","Salmon","CRI",0.6
"OFrshD","Salmon","CZE",0.56
"OFrshD","Salmon","DEU",0.8
"OFrshD","Salmon","DNK",0.8
"OFrshD","Salmon","DZA",0.6
"OFrshD","Salmon","ECU",0.6
"OFrshD","Salmon","ETH",0.56
"OFrshD","Salmon","FNP",0.8
"OFrshD","Salmon","GEO",0.48
"OFrshD","Salmon","GRC",0.56
"OFrshD","Salmon","GTM",0.6
"OFrshD","Salmon","HRV",0.56
"OFrshD","Salmon","HUN",0.56
"OFrshD","Salmon","IND",0.8
"OFrshD","Salmon","ISL",0.8
"OFrshD","Salmon","ISR",0.8
"OFrshD","Salmon","JPN",1
"OFrshD","Salmon","KOR",0.8
"OFrshD","Salmon","MEX",0.6
"OFrshD","Salmon","MOR",0.6
"OFrshD","Salmon","NOR",0.8
"OFrshD","Salmon","OAO",0.6
"OFrshD","Salmon","OBN",0.56
"OFrshD","Salmon","OIO",0.6
"OFrshD","Salmon","PAN",0.6
"OFrshD","Salmon","PER",0.6
"OFrshD","Salmon","POL",0.56
"OFrshD","Salmon","PRK",0.6
"OFrshD","Salmon","PRT",0.8
"OFrshD","Salmon","ROU",0.56
"OFrshD","Salmon","RUS",0.48
"OFrshD","Salmon","SPP",0.8
"OFrshD","Salmon","SVK",0.56
"OFrshD","Salmon","SVN",0.56
"OFrshD","Salmon","SWE",0.8
"OFrshD","Salmon","UKR",0.48
"OFrshD","Salmon","USA",1
"OFrshD","Salmon","VEN",0.6
"OFrshD","Salmon","ZAF",0.8
"OFrshD","Tuna","ALB",0.56
"OFrshD","Tuna","AUS",1
"OFrshD","Tuna","BGD",0.8
"OFrshD","Tuna","BLT",0.48
"OFrshD","Tuna","BLZ",0.6
"OFrshD","Tuna","BRA",0.6
"OFrshD","Tuna","CAN",0.8
"OFrshD","Tuna","CHM",0.9
"OFrshD","Tuna","COL",0.6
"OFrshD","Tuna","CRB",0.6
"OFrshD","Tuna","CUB",0.6
"OFrshD","Tuna","DNK",0.8
"OFrshD","Tuna","DOM",0.6
"OFrshD","Tuna","DZA",0.6
"OFrshD","Tuna","ECU",0.6
"OFrshD","Tuna","FJI",0.6
"OFrshD","Tuna","GAB",0.56
"OFrshD","Tuna","GHA",0.56
"OFrshD","Tuna","GRC",0.56
"OFrshD","Tuna","GSA",0.6
"OFrshD","Tuna","GTM",0.6
"OFrshD","Tuna","HRV",0.56
"OFrshD","Tuna","IDN",0.8
"OFrshD","Tuna","IND",0.8
"OFrshD","Tuna","ISL",0.8
"OFrshD","Tuna","ISR",0.8
"OFrshD","Tuna","JPN",1
"OFrshD","Tuna","KOR",0.8
"OFrshD","Tuna","LBY",0.6
"OFrshD","Tuna","MEX",0.6
"OFrshD","Tuna","MOR",0.6
"OFrshD","Tuna","MYS",0.8
"OFrshD","Tuna","NAM",0.56
"OFrshD","Tuna","NIC",0.6
"OFrshD","Tuna","NOR",0.8
"OFrshD","Tuna","OAO",0.6
"OFrshD","Tuna","OBN",0.56
"OFrshD","Tuna","OIO",0.6
"OFrshD","Tuna","OPO",0.6
"OFrshD","Tuna","PAK",0.6
"OFrshD","Tuna","PAN",0.6
"OFrshD","Tuna","PER",0.6
"OFrshD","Tuna","PHL",0.6
"OFrshD","Tuna","POL",0.56
"OFrshD","Tuna","PRT",0.8
"OFrshD","Tuna","RUS",0.48
"OFrshD","Tuna","SLB",0.6
"OFrshD","Tuna","SLV",0.6
"OFrshD","Tuna","SPP",0.8
"OFrshD","Tuna","SWE",0.8
"OFrshD","Tuna","THA",0.6
"OFrshD","Tuna","TUN",0.6
"OFrshD","Tuna","USA",1
"OFrshD","Tuna","VEN",0.6
"OFrshD","Tuna","VNM",0.6
"OFrshD","Tuna","VUT",0.6
"OFrshD","Tuna","ZAF",0.8
"OFrshD","Eelstg","ALB",0.56
"OFrshD","Eelstg","ARM",0.48
"OFrshD","Eelstg","AUT",0.8
"OFrshD","Eelstg","BGR",0.56
"OFrshD","Eelstg","BLR",0.48
"OFrshD","Eelstg","BLT",0.48
"OFrshD","Eelstg","CAN",0.8
"OFrshD","Eelstg","CHM",0.9
"OFrshD","Eelstg","CHP",0.8
"OFrshD","Eelstg","CZE",0.56
"OFrshD","Eelstg","DEU",0.8
"OFrshD","Eelstg","DNK",0.8
"OFrshD","Eelstg","DOM",0.6
"OFrshD","Eelstg","DZA",0.6
"OFrshD","Eelstg","FNP",0.8
"OFrshD","Eelstg","GEO",0.48
"OFrshD","Eelstg","GRC",0.56
"OFrshD","Eelstg","HRV",0.56
"OFrshD","Eelstg","HUN",0.56
"OFrshD","Eelstg","IDN",0.8
"OFrshD","Eelstg","ISR",0.8
"OFrshD","Eelstg","JPN",1
"OFrshD","Eelstg","KOR",0.8
"OFrshD","Eelstg","MDA",0.56
"OFrshD","Eelstg","MEX",0.6
"OFrshD","Eelstg","MOR",0.6
"OFrshD","Eelstg","NOR",0.8
"OFrshD","Eelstg","OBN",0.56
"OFrshD","Eelstg","PHL",0.6
"OFrshD","Eelstg","POL",0.56
"OFrshD","Eelstg","PRK",0.6
"OFrshD","Eelstg","PRT",0.8
"OFrshD","Eelstg","ROU",0.56
"OFrshD","Eelstg","RUS",0.48
"OFrshD","Eelstg","SPP",0.8
"OFrshD","Eelstg","SVK",0.56
"OFrshD","Eelstg","SVN",0.56
"OFrshD","Eelstg","SWE",0.8
"OFrshD","Eelstg","TUN",0.6
"OFrshD","Eelstg","UKR",0.48
"OFrshD","Eelstg","USA",1
"OFrshD","Eelstg","VNM",0.6
"OFrshD","Tilapia","ARG",0.6
"OFrshD","Tilapia","BGD",0.8
"OFrshD","Tilapia","BGR",0.56
"OFrshD","Tilapia","BLT",0.48
"OFrshD","Tilapia","BLZ",0.6
"OFrshD","Tilapia","BOL",0.6
"OFrshD","Tilapia","BRA",0.6
"OFrshD","Tilapia","CHM",0.9
"OFrshD","Tilapia","COL",0.6
"OFrshD","Tilapia","CRB",0.6
"OFrshD","Tilapia","CRI",0.6
"OFrshD","Tilapia","CUB",0.6
"OFrshD","Tilapia","DEU",0.8
"OFrshD","Tilapia","DOM",0.6
"OFrshD","Tilapia","DZA",0.6
"OFrshD","Tilapia","ECU",0.6
"OFrshD","Tilapia","ETH",0.56
"OFrshD","Tilapia","FJI",0.6
"OFrshD","Tilapia","GAB",0.56
"OFrshD","Tilapia","GHA",0.56
"OFrshD","Tilapia","GSA",0.6
"OFrshD","Tilapia","GTM",0.6
"OFrshD","Tilapia","HND",0.6
"OFrshD","Tilapia","HTI",0.6
"OFrshD","Tilapia","IDN",0.8
"OFrshD","Tilapia","ISR",0.8
"OFrshD","Tilapia","JAM",0.6
"OFrshD","Tilapia","KHM",0.48
"OFrshD","Tilapia","KOR",0.8
"OFrshD","Tilapia","LAO",0.48
"OFrshD","Tilapia","LBY",0.6
"OFrshD","Tilapia","MEX",0.6
"OFrshD","Tilapia","MOR",0.6
"OFrshD","Tilapia","MYS",0.8
"OFrshD","Tilapia","NAM",0.56
"OFrshD","Tilapia","NGA",0.56
"OFrshD","Tilapia","NIC",0.6
"OFrshD","Tilapia","OIO",0.6
"OFrshD","Tilapia","OPO",0.6
"OFrshD","Tilapia","PAK",0.6
"OFrshD","Tilapia","PAN",0.6
"OFrshD","Tilapia","PER",0.6
"OFrshD","Tilapia","PHL",0.6
"OFrshD","Tilapia","PRK",0.6
"OFrshD","Tilapia","PRY",0.6
"OFrshD","Tilapia","SLB",0.6
"OFrshD","Tilapia","SLV",0.6
"OFrshD","Tilapia","SPP",0.8
"OFrshD","Tilapia","THA",0.6
"OFrshD","Tilapia","TUN",0.6
"OFrshD","Tilapia","USA",1
"OFrshD","Tilapia","VEN",0.6
"OFrshD","Tilapia","VNM",0.6
"OFrshD","Tilapia","VUT",0.6
"OFrshD","Tilapia","ZAF",0.8
"OFrshD","Pangas","ARG",0.6
"OFrshD","Pangas","AUS",1
"OFrshD","Pangas","AUT",0.8
"OFrshD","Pangas","AZE",0.48
"OFrshD","Pangas","BGD",0.8
"OFrshD","Pangas","BGR",0.56
"OFrshD","Pangas","BLR",0.48
"OFrshD","Pangas","BLT",0.48
"OFrshD","Pangas","BRA",0.6
"OFrshD","Pangas","CAN",0.8
"OFrshD","Pangas","CHM",0.9
"OFrshD","Pangas","CHP",0.8
"OFrshD","Pangas","COL",0.6
"OFrshD","Pangas","CRB",0.6
"OFrshD","Pangas","CUB",0.6
"OFrshD","Pangas","CZE",0.56
"OFrshD","Pangas","DEU",0.8
"OFrshD","Pangas","DZA",0.6
"OFrshD","Pangas","ECU",0.6
"OFrshD","Pangas","ETH",0.56
"OFrshD","Pangas","GAB",0.56
"OFrshD","Pangas","GEO",0.48
"OFrshD","Pangas","GHA",0.56
"OFrshD","Pangas","GRC",0.56
"OFrshD","Pangas","GSA",0.6
"OFrshD","Pangas","HRV",0.56
"OFrshD","Pangas","HUN",0.56
"OFrshD","Pangas","IDN",0.8
"OFrshD","Pangas","IND",0.8
"OFrshD","Pangas","KHM",0.48
"OFrshD","Pangas","KOR",0.8
"OFrshD","Pangas","LAO",0.48
"OFrshD","Pangas","MDA",0.56
"OFrshD","Pangas","MEX",0.6
"OFrshD","Pangas","MYS",0.8
"OFrshD","Pangas","NAM",0.56
"OFrshD","Pangas","NGA",0.56
"OFrshD","Pangas","OBN",0.56
"OFrshD","Pangas","PER",0.6
"OFrshD","Pangas","PHL",0.6
"OFrshD","Pangas","POL",0.56
"OFrshD","Pangas","PRK",0.6
"OFrshD","Pangas","PRY",0.6
"OFrshD","Pangas","ROU",0.56
"OFrshD","Pangas","RUS",0.48
"OFrshD","Pangas","SLV",0.6
"OFrshD","Pangas","SVK",0.56
"OFrshD","Pangas","SVN",0.56
"OFrshD","Pangas","THA",0.6
"OFrshD","Pangas","TUN",0.6
"OFrshD","Pangas","UKR",0.48
"OFrshD","Pangas","USA",1
"OFrshD","Pangas","VEN",0.6
"OFrshD","Pangas","VNM",0.6
"OFrshD","Pangas","ZAF",0.8
"OFrshD","Carp","ALB",0.56
"OFrshD","Carp","ARG",0.6
"OFrshD","Carp","ARM",0.48
"OFrshD","Carp","AUT",0.8
"OFrshD","Carp","AZE",0.48
"OFrshD","Carp","BGD",0.8
"OFrshD","Carp","BGR",0.56
"OFrshD","Carp","BLR",0.48
"OFrshD","Carp","BLT",0.48
"OFrshD","Carp","BOL",0.6
"OFrshD","Carp","CAN",0.8
"OFrshD","Carp","CHM",0.9
"OFrshD","Carp","CHP",0.8
"OFrshD","Carp","COL",0.6
"OFrshD","Carp","CUB",0.6
"OFrshD","Carp","CZE",0.56
"OFrshD","Carp","DEU",0.8
"OFrshD","Carp","DNK",0.8
"OFrshD","Carp","DOM",0.6
"OFrshD","Carp","DZA",0.6
"OFrshD","Carp","ECU",0.6
"OFrshD","Carp","ETH",0.56
"OFrshD","Carp","FJI",0.6
"OFrshD","Carp","FNP",0.8
"OFrshD","Carp","GEO",0.48
"OFrshD","Carp","GRC",0.56
"OFrshD","Carp","GTM",0.6
"OFrshD","Carp","HRV",0.56
"OFrshD","Carp","HTI",0.6
"OFrshD","Carp","HUN",0.56
"OFrshD","Carp","IDN",0.8
"OFrshD","Carp","IND",0.8
"OFrshD","Carp","ISR",0.8
"OFrshD","Carp","JPN",1
"OFrshD","Carp","KHM",0.48
"OFrshD","Carp","KOR",0.8
"OFrshD","Carp","LAO",0.48
"OFrshD","Carp","MDA",0.56
"OFrshD","Carp","MEX",0.6
"OFrshD","Carp","MYS",0.8
"OFrshD","Carp","OBN",0.56
"OFrshD","Carp","OPO",0.6
"OFrshD","Carp","PAK",0.6
"OFrshD","Carp","PAN",0.6
"OFrshD","Carp","PER",0.6
"OFrshD","Carp","PHL",0.6
"OFrshD","Carp","POL",0.56
"OFrshD","Carp","PRY",0.6
"OFrshD","Carp","ROU",0.56
"OFrshD","Carp","RUS",0.48
"OFrshD","Carp","SPP",0.8
"OFrshD","Carp","SVK",0.56
"OFrshD","Carp","SVN",0.56
"OFrshD","Carp","SWE",0.8
"OFrshD","Carp","THA",0.6
"OFrshD","Carp","TUN",0.6
"OFrshD","Carp","UKR",0.48
"OFrshD","Carp","USA",1
"OFrshD","Carp","VNM",0.6
"OFrshD","Carp","ZAF",0.8
"OFrshD","OFrshD","AFG",2.8
"OFrshD","OFrshD","AGO",2.8
"OFrshD","OFrshD","ALB",1.4
"OFrshD","OFrshD","ARG",1.5
"OFrshD","OFrshD","ARM",1.2
"OFrshD","OFrshD","AUS",2.5
"OFrshD","OFrshD","AUT",2
"OFrshD","OFrshD","AZE",1.2
"OFrshD","OFrshD","BDI",2.8
"OFrshD","OFrshD","BEN",2.8
"OFrshD","OFrshD","BFA",2.8
"OFrshD","OFrshD","BGD",2.8
"OFrshD","OFrshD","BGR",1.4
"OFrshD","OFrshD","BLR",1.2
"OFrshD","OFrshD","BLT",1.2
"OFrshD","OFrshD","BLX",2.8
"OFrshD","OFrshD","BOL",1.5
"OFrshD","OFrshD","BRA",1.5
"OFrshD","OFrshD","BTN",2.8
"OFrshD","OFrshD","BWA",2.8
"OFrshD","OFrshD","CAF",2.8
"OFrshD","OFrshD","CAN",2
"OFrshD","OFrshD","CHM",2.025
"OFrshD","OFrshD","CHP",2
"OFrshD","OFrshD","CIV",2.8
"OFrshD","OFrshD","CMR",2.8
"OFrshD","OFrshD","COD",2.8
"OFrshD","OFrshD","COG",2.8
"OFrshD","OFrshD","COL",1.5
"OFrshD","OFrshD","CRB",1.5
"OFrshD","OFrshD","CRI",1.5
"OFrshD","OFrshD","CUB",1.5
"OFrshD","OFrshD","CYP",2.8
"OFrshD","OFrshD","CZE",1.4
"OFrshD","OFrshD","DEU",2
"OFrshD","OFrshD","DNK",2
"OFrshD","OFrshD","DOM",1.5
"OFrshD","OFrshD","DZA",1.5
"OFrshD","OFrshD","ECU",1.5
"OFrshD","OFrshD","EGY",2.8
"OFrshD","OFrshD","ETH",1.4
"OFrshD","OFrshD","FJI",1.5
"OFrshD","OFrshD","FNP",2
"OFrshD","OFrshD","FRP",2.8
"OFrshD","OFrshD","GAB",1.4
"OFrshD","OFrshD","GEO",1.2
"OFrshD","OFrshD","GHA",1.4
"OFrshD","OFrshD","GIN",2.8
"OFrshD","OFrshD","GMB",2.8
"OFrshD","OFrshD","GNB",2.8
"OFrshD","OFrshD","GNQ",2.8
"OFrshD","OFrshD","GRC",1.4
"OFrshD","OFrshD","GSA",1.5
"OFrshD","OFrshD","GTM",1.5
"OFrshD","OFrshD","HND",1.5
"OFrshD","OFrshD","HRV",1.4
"OFrshD","OFrshD","HTI",1.5
"OFrshD","OFrshD","HUN",1.4
"OFrshD","OFrshD","IDN",2.8
"OFrshD","OFrshD","IND",2.8
"OFrshD","OFrshD","IRN",2.8
"OFrshD","OFrshD","IRQ",2.8
"OFrshD","OFrshD","ISR",2
"OFrshD","OFrshD","ITP",2.8
"OFrshD","OFrshD","JAM",1.5
"OFrshD","OFrshD","JOR",2.8
"OFrshD","OFrshD","JPN",2.5
"OFrshD","OFrshD","KAZ",2.8
"OFrshD","OFrshD","KEN",2.8
"OFrshD","OFrshD","KGZ",2.8
"OFrshD","OFrshD","KHM",1.2
"OFrshD","OFrshD","KOR",2
"OFrshD","OFrshD","LAO",1.2
"OFrshD","OFrshD","LBN",2.8
"OFrshD","OFrshD","LBR",2.8
"OFrshD","OFrshD","LKA",2.8
"OFrshD","OFrshD","LSO",2.8
"OFrshD","OFrshD","MDA",1.4
"OFrshD","OFrshD","MDG",2.8
"OFrshD","OFrshD","MEX",1.5
"OFrshD","OFrshD","MLI",2.8
"OFrshD","OFrshD","MMR",2.8
"OFrshD","OFrshD","MNG",2.8
"OFrshD","OFrshD","MOR",1.5
"OFrshD","OFrshD","MOZ",2.8
"OFrshD","OFrshD","MRT",2.8
"OFrshD","OFrshD","MWI",2.8
"OFrshD","OFrshD","MYS",2
"OFrshD","OFrshD","NAM",1.4
"OFrshD","OFrshD","NER",2.8
"OFrshD","OFrshD","NGA",1.4
"OFrshD","OFrshD","NIC",1.5
"OFrshD","OFrshD","NLD",2.8
"OFrshD","OFrshD","NPL",2.8
"OFrshD","OFrshD","NZL",2.8
"OFrshD","OFrshD","OBN",1.4
"OFrshD","OFrshD","OPO",1.5
"OFrshD","OFrshD","OSA",2.8
"OFrshD","OFrshD","PAK",1.5
"OFrshD","OFrshD","PAN",1.5
"OFrshD","OFrshD","PER",1.5
"OFrshD","OFrshD","PHL",1.5
"OFrshD","OFrshD","PNG",2.8
"OFrshD","OFrshD","POL",1.4
"OFrshD","OFrshD","PRK",1.5
"OFrshD","OFrshD","PRT",2
"OFrshD","OFrshD","PRY",1.5
"OFrshD","OFrshD","PSE",2.8
"OFrshD","OFrshD","RAP",2.8
"OFrshD","OFrshD","ROU",1.4
"OFrshD","OFrshD","RUS",1.2
"OFrshD","OFrshD","RWA",2.8
"OFrshD","OFrshD","SAU",2.8
"OFrshD","OFrshD","SDN",2.8
"OFrshD","OFrshD","SEN",2.8
"OFrshD","OFrshD","SLE",2.8
"OFrshD","OFrshD","SLV",1.5
"OFrshD","OFrshD","SOM",2.8
"OFrshD","OFrshD","SPP",2
"OFrshD","OFrshD","SVK",1.4
"OFrshD","OFrshD","SVN",1.4
"OFrshD","OFrshD","SWE",2
"OFrshD","OFrshD","SWZ",2.8
"OFrshD","OFrshD","SYR",2.8
"OFrshD","OFrshD","TCD",2.8
"OFrshD","OFrshD","TGO",2.8
"OFrshD","OFrshD","THA",1.5
"OFrshD","OFrshD","TJK",2.8
"OFrshD","OFrshD","TKM",2.8
"OFrshD","OFrshD","TUN",1.5
"OFrshD","OFrshD","TUR",2.8
"OFrshD","OFrshD","TZA",2.8
"OFrshD","OFrshD","UGA",2.8
"OFrshD","OFrshD","UKP",2.8
"OFrshD","OFrshD","UKR",1.2
"OFrshD","OFrshD","URY",2.8
"OFrshD","OFrshD","USA",2.5
"OFrshD","OFrshD","UZB",2.8
"OFrshD","OFrshD","VEN",1.5
"OFrshD","OFrshD","VNM",2.8
"OFrshD","OFrshD","VUT",1.5
"OFrshD","OFrshD","ZAF",2
"OFrshD","OFrshD","ZMB",2.8
"OFrshD","OFrshD","ZWE",2.8
"OFrshD","OCarp","ALB",0.56
"OFrshD","OCarp","ARG",0.6
"OFrshD","OCarp","ARM",0.48
"OFrshD","OCarp","AUT",0.8
"OFrshD","OCarp","AZE",0.48
"OFrshD","OCarp","BGD",0.8
"OFrshD","OCarp","BGR",0.56
"OFrshD","OCarp","BLR",0.48
"OFrshD","OCarp","BLT",0.48
"OFrshD","OCarp","CHM",0.9
"OFrshD","OCarp","CUB",0.6
"OFrshD","OCarp","CZE",0.56
"OFrshD","OCarp","DEU",0.8
"OFrshD","OCarp","DZA",0.6
"OFrshD","OCarp","GEO",0.48
"OFrshD","OCarp","HRV",0.56
"OFrshD","OCarp","HUN",0.56
"OFrshD","OCarp","IDN",0.8
"OFrshD","OCarp","IND",0.8
"OFrshD","OCarp","ISR",0.8
"OFrshD","OCarp","KHM",0.48
"OFrshD","OCarp","LAO",0.48
"OFrshD","OCarp","MDA",0.56
"OFrshD","OCarp","MYS",0.8
"OFrshD","OCarp","OBN",0.56
"OFrshD","OCarp","PAK",0.6
"OFrshD","OCarp","PHL",0.6
"OFrshD","OCarp","POL",0.56
"OFrshD","OCarp","ROU",0.56
"OFrshD","OCarp","RUS",0.48
"OFrshD","OCarp","SVK",0.56
"OFrshD","OCarp","SVN",0.56
"OFrshD","OCarp","THA",0.6
"OFrshD","OCarp","UKR",0.48
"OFrshD","OCarp","USA",1
"OCarp","OCarp","ALB",1.4
"OCarp","OCarp","ARG",2.8
"OCarp","OCarp","ARM",1.2
"OCarp","OCarp","AUT",2
"OCarp","OCarp","AZE",1.2
"OCarp","OCarp","BGD",2.8
"OCarp","OCarp","BGR",1.4
"OCarp","OCarp","BLR",1.2
"OCarp","OCarp","BLT",1.2
"OCarp","OCarp","BTN",2.8
"OCarp","OCarp","CHM",2.8
"OCarp","OCarp","CUB",1.5
"OCarp","OCarp","CZE",1.4
"OCarp","OCarp","DEU",2.8
"OCarp","OCarp","DZA",1.5
"OCarp","OCarp","EGY",1.5
"OCarp","OCarp","FRP",2.8
"OCarp","OCarp","GEO",1.2
"OCarp","OCarp","HRV",1.4
"OCarp","OCarp","HUN",1.4
"OCarp","OCarp","IDN",2.8
"OCarp","OCarp","IND",2.8
"OCarp","OCarp","IRN",1.5
"OCarp","OCarp","IRQ",2.8
"OCarp","OCarp","ISR",2
"OCarp","OCarp","ITP",2.8
"OCarp","OCarp","KAZ",1.1
"OCarp","OCarp","KGZ",1.1
"OCarp","OCarp","KHM",1.2
"OCarp","OCarp","LAO",1.2
"OCarp","OCarp","LKA",2.8
"OCarp","OCarp","MDA",1.4
"OCarp","OCarp","MMR",2.8
"OCarp","OCarp","MYS",2
"OCarp","OCarp","NPL",2.8
"OCarp","OCarp","OBN",1.4
"OCarp","OCarp","OSA",2.8
"OCarp","OCarp","PAK",2.8
"OCarp","OCarp","PHL",2.8
"OCarp","OCarp","POL",2.8
"OCarp","OCarp","ROU",1.4
"OCarp","OCarp","RUS",1.2
"OCarp","OCarp","SVK",1.4
"OCarp","OCarp","SVN",1.4
"OCarp","OCarp","SYR",2.8
"OCarp","OCarp","THA",1.5
"OCarp","OCarp","TJK",1.1
"OCarp","OCarp","TKM",1.1
"OCarp","OCarp","UKR",1.2
"OCarp","OCarp","USA",2.5
"OCarp","OCarp","UZB",1.1
"OPelag","OPelag","AGO",2.8
"OPelag","OPelag","ALB",2.8
"OPelag","OPelag","ARG",2.8
"OPelag","OPelag","AUS",2.8
"OPelag","OPelag","BEN",2.8
"OPelag","OPelag","BGD",2.8
"OPelag","OPelag","BGR",2.8
"OPelag","OPelag","BLT",2.8
"OPelag","OPelag","BLX",2.8
"OPelag","OPelag","BLZ",2.8
"OPelag","OPelag","BRA",2.8
"OPelag","OPelag","CAN",2.8
"OPelag","OPelag","CHL",2.8
"OPelag","OPelag","CHM",0.2
"OPelag","OPelag","CIV",2.8
"OPelag","OPelag","CMR",2.8
"OPelag","OPelag","COD",2.8
"OPelag","OPelag","COG",2.8
"OPelag","OPelag","COL",2.8
"OPelag","OPelag","CRB",0.125
"OPelag","OPelag","CRI",2.8
"OPelag","OPelag","CUB",2.8
"OPelag","OPelag","CYP",2.8
"OPelag","OPelag","DEU",2.8
"OPelag","OPelag","DJI",2.8
"OPelag","OPelag","DNK",2.8
"OPelag","OPelag","DOM",2.8
"OPelag","OPelag","DZA",2.8
"OPelag","OPelag","ECU",2.8
"OPelag","OPelag","EGY",2.8
"OPelag","OPelag","ERI",2.8
"OPelag","OPelag","FJI",0.125
"OPelag","OPelag","FNP",2.8
"OPelag","OPelag","FRP",2.8
"OPelag","OPelag","GAB",2.8
"OPelag","OPelag","GEO",2.8
"OPelag","OPelag","GHA",2.8
"OPelag","OPelag","GIN",2.8
"OPelag","OPelag","GMB",2.8
"OPelag","OPelag","GNB",2.8
"OPelag","OPelag","GNQ",2.8
"OPelag","OPelag","GRC",2.8
"OPelag","OPelag","GRL",2.8
"OPelag","OPelag","GSA",2.8
"OPelag","OPelag","GTM",2.8
"OPelag","OPelag","HRV",2.8
"OPelag","OPelag","IDN",2.8
"OPelag","OPelag","IND",2.8
"OPelag","OPelag","IRL",2.8
"OPelag","OPelag","IRN",2.8
"OPelag","OPelag","IRQ",2.8
"OPelag","OPelag","ISL",2.8
"OPelag","OPelag","ISR",2.8
"OPelag","OPelag","ITP",2.8
"OPelag","OPelag","JOR",2.8
"OPelag","OPelag","JPN",0.225
"OPelag","OPelag","KAZ",2.8
"OPelag","OPelag","KEN",2.8
"OPelag","OPelag","KOR",0.175
"OPelag","OPelag","LBN",2.8
"OPelag","OPelag","LBR",2.8
"OPelag","OPelag","LBY",2.8
"OPelag","OPelag","LKA",2.8
"OPelag","OPelag","MDG",2.8
"OPelag","OPelag","MEX",0.125
"OPelag","OPelag","MMR",2.8
"OPelag","OPelag","MOR",2.8
"OPelag","OPelag","MOZ",2.8
"OPelag","OPelag","MRT",2.8
"OPelag","OPelag","MYS",2.8
"OPelag","OPelag","NAM",2.8
"OPelag","OPelag","NGA",2.8
"OPelag","OPelag","NIC",2.8
"OPelag","OPelag","NLD",2.8
"OPelag","OPelag","NOR",2.8
"OPelag","OPelag","NZL",2.8
"OPelag","OPelag","OAO",0.125
"OPelag","OPelag","OBN",2.8
"OPelag","OPelag","OIO",0.125
"OPelag","OPelag","OPO",0.125
"OPelag","OPelag","OSA",2.8
"OPelag","OPelag","PAK",2.8
"OPelag","OPelag","PAN",2.8
"OPelag","OPelag","PER",2.8
"OPelag","OPelag","PHL",0.125
"OPelag","OPelag","PNG",2.8
"OPelag","OPelag","POL",2.8
"OPelag","OPelag","PRT",2.8
"OPelag","OPelag","PSE",2.8
"OPelag","OPelag","RAP",2.8
"OPelag","OPelag","ROU",2.8
"OPelag","OPelag","RUS",2.8
"OPelag","OPelag","SAU",2.8
"OPelag","OPelag","SDN",2.8
"OPelag","OPelag","SEN",2.8
"OPelag","OPelag","SLB",0.125
"OPelag","OPelag","SLE",2.8
"OPelag","OPelag","SLV",2.8
"OPelag","OPelag","SPP",2.8
"OPelag","OPelag","SVN",2.8
"OPelag","OPelag","SWE",2.8
"OPelag","OPelag","SYR",2.8
"OPelag","OPelag","TGO",2.8
"OPelag","OPelag","THA",2.8
"OPelag","OPelag","TLS",2.8
"OPelag","OPelag","TUN",2.8
"OPelag","OPelag","TUR",2.8
"OPelag","OPelag","TZA",2.8
"OPelag","OPelag","UKP",2.8
"OPelag","OPelag","UKR",0.11
"OPelag","OPelag","URY",2.8
"OPelag","OPelag","USA",2.8
"OPelag","OPelag","VEN",2.8
"OPelag","OPelag","VNM",2.8
"OPelag","OPelag","VUT",0.125
"OPelag","OPelag","YEM",2.8
"OPelag","OPelag","ZAF",2.8
"OMarn","Cobswf","AUS",0.72
"OMarn","Cobswf","BLZ",0.4
"OMarn","Cobswf","BRA",0.4
"OMarn","Cobswf","CRB",0.4
"OMarn","Cobswf","CRI",0.4
"OMarn","Cobswf","DOM",0.4
"OMarn","Cobswf","FJI",0.4
"OMarn","Cobswf","GRC",0.352
"OMarn","Cobswf","GTM",0.4
"OMarn","Cobswf","HRV",0.352
"OMarn","Cobswf","IDN",0.56
"OMarn","Cobswf","JPN",0.72
"OMarn","Cobswf","KOR",0.56
"OMarn","Cobswf","MOR",0.4
"OMarn","Cobswf","MYS",0.48
"OMarn","Cobswf","OAO",0.4
"OMarn","Cobswf","OBN",0.352
"OMarn","Cobswf","OIO",0.4
"OMarn","Cobswf","OPO",0.4
"OMarn","Cobswf","PAN",0.4
"OMarn","Cobswf","PHL",0.4
"OMarn","Cobswf","PRT",0.56
"OMarn","Cobswf","SLB",0.4
"OMarn","Cobswf","SPP",0.56
"OMarn","Cobswf","VUT",0.4
"OMarn","Mullet","ALB",0.352
"OMarn","Mullet","AUS",0.72
"OMarn","Mullet","BLZ",0.4
"OMarn","Mullet","BRA",0.4
"OMarn","Mullet","CRB",0.4
"OMarn","Mullet","CUB",0.4
"OMarn","Mullet","DOM",0.4
"OMarn","Mullet","FJI",0.4
"OMarn","Mullet","GRC",0.352
"OMarn","Mullet","HRV",0.352
"OMarn","Mullet","ISR",0.56
"OMarn","Mullet","MOR",0.4
"OMarn","Mullet","MYS",0.48
"OMarn","Mullet","OBN",0.352
"OMarn","Mullet","OIO",0.4
"OMarn","Mullet","OPO",0.4
"OMarn","Mullet","PHL",0.4
"OMarn","Mullet","PRT",0.56
"OMarn","Mullet","RUS",0.352
"OMarn","Mullet","SPP",0.56
"OMarn","Mullet","SVN",0.352
"OMarn","Mullet","SWE",0.56
"OMarn","OPelag","ALB",0.352
"OMarn","OPelag","AUS",0.72
"OMarn","OPelag","BGD",0.48
"OMarn","OPelag","BLZ",0.4
"OMarn","OPelag","BRA",0.4
"OMarn","OPelag","CRB",0.4
"OMarn","OPelag","CRI",0.4
"OMarn","OPelag","CUB",0.4
"OMarn","OPelag","DNK",0.56
"OMarn","OPelag","DOM",0.4
"OMarn","OPelag","FJI",0.4
"OMarn","OPelag","FNP",0.56
"OMarn","OPelag","GRC",0.352
"OMarn","OPelag","GTM",0.4
"OMarn","OPelag","HRV",0.352
"OMarn","OPelag","IDN",0.56
"OMarn","OPelag","ISL",0.56
"OMarn","OPelag","ISR",0.56
"OMarn","OPelag","MOR",0.4
"OMarn","OPelag","MYS",0.48
"OMarn","OPelag","NIC",0.4
"OMarn","OPelag","NOR",0.56
"OMarn","OPelag","OAO",0.4
"OMarn","OPelag","OBN",0.352
"OMarn","OPelag","OIO",0.4
"OMarn","OPelag","OPO",0.4
"OMarn","OPelag","PAN",0.4
"OMarn","OPelag","PHL",0.4
"OMarn","OPelag","PRT",0.56
"OMarn","OPelag","RUS",0.352
"OMarn","OPelag","SLB",0.4
"OMarn","OPelag","SLV",0.4
"OMarn","OPelag","SPP",0.56
"OMarn","OPelag","SVN",0.352
"OMarn","OPelag","SWE",0.56
"OMarn","OPelag","VUT",0.4
"OMarn","OMarn","AGO",2.8
"OMarn","OMarn","ALB",0.352
"OMarn","OMarn","ARG",2.8
"OMarn","OMarn","AUS",0.72
"OMarn","OMarn","BEN",2.8
"OMarn","OMarn","BGD",0.032
"OMarn","OMarn","BLT",2.8
"OMarn","OMarn","BLX",2.8
"OMarn","OMarn","BLZ",0.4
"OMarn","OMarn","BRA",0.4
"OMarn","OMarn","CAN",2.8
"OMarn","OMarn","CHL",2.8
"OMarn","OMarn","CHM",0.64
"OMarn","OMarn","CIV",2.8
"OMarn","OMarn","CMR",2.8
"OMarn","OMarn","COD",2.8
"OMarn","OMarn","COG",2.8
"OMarn","OMarn","COL",2.8
"OMarn","OMarn","CRB",0.4
"OMarn","OMarn","CRI",0.4
"OMarn","OMarn","CUB",0.4
"OMarn","OMarn","CYP",2.8
"OMarn","OMarn","DEU",2.8
"OMarn","OMarn","DJI",2.8
"OMarn","OMarn","DNK",0.56
"OMarn","OMarn","DOM",0.4
"OMarn","OMarn","DZA",2.8
"OMarn","OMarn","ECU",2.8
"OMarn","OMarn","EGY",2.8
"OMarn","OMarn","ERI",2.8
"OMarn","OMarn","FJI",0.4
"OMarn","OMarn","FRP",2.8
"OMarn","OMarn","GAB",2.8
"OMarn","OMarn","GEO",2.8
"OMarn","OMarn","GHA",2.8
"OMarn","OMarn","GMB",2.8
"OMarn","OMarn","GNB",2.8
"OMarn","OMarn","GNQ",2.8
"OMarn","OMarn","GRC",0.352
"OMarn","OMarn","GRL",2.8
"OMarn","OMarn","GSA",2.8
"OMarn","OMarn","GTM",0.4
"OMarn","OMarn","HND",0.4
"OMarn","OMarn","HRV",0.352
"OMarn","OMarn","HTI",0.4
"OMarn","OMarn","IDN",0.56
"OMarn","OMarn","IND",2.8
"OMarn","OMarn","IRL",2.8
"OMarn","OMarn","IRN",2.8
"OMarn","OMarn","IRQ",2.8
"OMarn","OMarn","ISR",0.56
"OMarn","OMarn","ITP",2.8
"OMarn","OMarn","JAM",0.4
"OMarn","OMarn","JOR",2.8
"OMarn","OMarn","JPN",0.72
"OMarn","OMarn","KEN",2.8
"OMarn","OMarn","KHM",2.8
"OMarn","OMarn","KOR",0.56
"OMarn","OMarn","LBR",2.8
"OMarn","OMarn","LKA",2.8
"OMarn","OMarn","MDG",2.8
"OMarn","OMarn","MEX",2.8
"OMarn","OMarn","MMR",2.8
"OMarn","OMarn","MOR",0.4
"OMarn","OMarn","MOZ",2.8
"OMarn","OMarn","MRT",2.8
"OMarn","OMarn","MYS",0.48
"OMarn","OMarn","NGA",2.8
"OMarn","OMarn","NIC",0.4
"OMarn","OMarn","NLD",2.8
"OMarn","OMarn","NOR",0.56
"OMarn","OMarn","NZL",2.8
"OMarn","OMarn","OAO",0.4
"OMarn","OMarn","OBN",0.352
"OMarn","OMarn","OIO",0.4
"OMarn","OMarn","OPO",0.4
"OMarn","OMarn","OSA",2.8
"OMarn","OMarn","PAK",2.8
"OMarn","OMarn","PAN",0.4
"OMarn","OMarn","PER",2.8
"OMarn","OMarn","PHL",0.4
"OMarn","OMarn","PNG",2.8
"OMarn","OMarn","POL",2.8
"OMarn","OMarn","PRK",2.8
"OMarn","OMarn","PRT",0.56
"OMarn","OMarn","PSE",2.8
"OMarn","OMarn","RAP",2.8
"OMarn","OMarn","ROU",2.8
"OMarn","OMarn","RUS",0.352
"OMarn","OMarn","SAU",2.8
"OMarn","OMarn","SDN",2.8
"OMarn","OMarn","SEN",2.8
"OMarn","OMarn","SLB",0.4
"OMarn","OMarn","SLE",2.8
"OMarn","OMarn","SLV",0.4
"OMarn","OMarn","SOM",2.8
"OMarn","OMarn","SPP",0.56
"OMarn","OMarn","SVN",0.352
"OMarn","OMarn","SWE",0.56
"OMarn","OMarn","SYR",2.8
"OMarn","OMarn","TGO",2.8
"OMarn","OMarn","THA",2.8
"OMarn","OMarn","TLS",2.8
"OMarn","OMarn","TUN",2.8
"OMarn","OMarn","TUR",2.8
"OMarn","OMarn","TZA",2.8
"OMarn","OMarn","UKP",2.8
"OMarn","OMarn","UKR",2.8
"OMarn","OMarn","URY",2.8
"OMarn","OMarn","USA",2.8
"OMarn","OMarn","VEN",2.8
"OMarn","OMarn","VNM",2.8
"OMarn","OMarn","VUT",0.4
"OMarn","OMarn","ZAF",2.8
