"C","CC","CTY","Val"
"cbeef","crpol","AUT",0.003
"cbeef","crpol","BGR",0.003
"cbeef","crpol","BLR",0.003
"cbeef","crpol","BLT",0.003
"cbeef","crpol","CAN",0.003
"cbeef","crpol","CHP",0.003
"cbeef","crpol","CZE",0.003
"cbeef","crpol","DEU",0.003
"cbeef","crpol","DNK",0.003
"cbeef","crpol","FNP",0.003
"cbeef","crpol","FRP",0.003
"cbeef","crpol","GRC",0.003
"cbeef","crpol","HUN",0.003
"cbeef","crpol","IRL",0.003
"cbeef","crpol","ISL",0.003
"cbeef","crpol","ITP",0.003
"cbeef","crpol","MDA",0.003
"cbeef","crpol","NOR",0.003
"cbeef","crpol","OBN",0.003
"cbeef","crpol","POL",0.003
"cbeef","crpol","PRT",0.003
"cbeef","crpol","ROU",0.003
"cbeef","crpol","SPP",0.003
"cbeef","crpol","SVK",0.003
"cbeef","crpol","SVN",0.003
"cbeef","crpol","SWE",0.003
"cbeef","crpol","UKP",0.003
"cbeef","csbol","AUT",0.003
"cbeef","csbol","BGR",0.003
"cbeef","csbol","BLR",0.003
"cbeef","csbol","BRA",0.003
"cbeef","csbol","CYP",0.003
"cbeef","csbol","CZE",0.003
"cbeef","csbol","DEU",0.003
"cbeef","csbol","DNK",0.003
"cbeef","csbol","FNP",0.003
"cbeef","csbol","GRC",0.003
"cbeef","csbol","HRV",0.003
"cbeef","csbol","IRL",0.003
"cbeef","csbol","ISL",0.003
"cbeef","csbol","ITP",0.003
"cbeef","csbol","NOR",0.003
"cbeef","csbol","OBN",0.003
"cbeef","csbol","POL",0.003
"cbeef","csbol","PRT",0.003
"cbeef","csbol","ROU",0.003
"cbeef","csbol","SPP",0.003
"cbeef","csbol","SVN",0.003
"cbeef","csbol","SWE",0.003
"cbeef","csbol","UKP",0.003
"cbeef","csbol","USA",0.003
"cbeef","csfol","ALB",0.003
"cbeef","csfol","AUT",0.003
"cbeef","csfol","BGR",0.003
"cbeef","csfol","BLR",0.003
"cbeef","csfol","BLT",0.003
"cbeef","csfol","CHP",0.003
"cbeef","csfol","CYP",0.003
"cbeef","csfol","CZE",0.003
"cbeef","csfol","DNK",0.003
"cbeef","csfol","GRC",0.003
"cbeef","csfol","HRV",0.003
"cbeef","csfol","HUN",0.003
"cbeef","csfol","ITP",0.003
"cbeef","csfol","OBN",0.003
"cbeef","csfol","PRT",0.003
"cbeef","csfol","ROU",0.003
"cbeef","csfol","SPP",0.003
"cbeef","csfol","SVK",0.003
"cbeef","csfol","SVN",0.003
"cbeef","csfol","UKP",0.003
"cbeef","cplol","CRB",0.003
"cbeef","cplol","CRI",0.003
"cbeef","cplol","DOM",0.003
"cbeef","cplol","ECU",0.003
"cbeef","cplol","FJI",0.003
"cbeef","cplol","GTM",0.003
"cbeef","cplol","HND",0.003
"cbeef","cplol","HTI",0.003
"cbeef","cplol","IDN",0.003
"cbeef","cplol","JAM",0.003
"cbeef","cplol","KOR",0.003
"cbeef","cplol","MYS",0.003
"cbeef","cplol","NIC",0.003
"cbeef","cplol","OIO",0.003
"cbeef","cplol","OPO",0.003
"cbeef","cplol","PAK",0.003
"cbeef","cplol","PAN",0.003
"cbeef","cplol","SLB",0.003
"cbeef","cplol","SLV",0.003
"cbeef","ctool","CHM",0.003
"cbeef","ctool","IND",0.003
"cbeef","ctool","PAK",0.003
"cpork","crpol","AUT",0.003
"cpork","crpol","BGR",0.003
"cpork","crpol","BLR",0.003
"cpork","crpol","BLT",0.003
"cpork","crpol","CAN",0.003
"cpork","crpol","CHP",0.003
"cpork","crpol","CZE",0.003
"cpork","crpol","DEU",0.003
"cpork","crpol","DNK",0.003
"cpork","crpol","FNP",0.003
"cpork","crpol","FRP",0.003
"cpork","crpol","GRC",0.003
"cpork","crpol","HUN",0.003
"cpork","crpol","IRL",0.003
"cpork","crpol","ISL",0.003
"cpork","crpol","ITP",0.003
"cpork","crpol","MDA",0.003
"cpork","crpol","NOR",0.003
"cpork","crpol","OBN",0.003
"cpork","crpol","POL",0.003
"cpork","crpol","PRT",0.003
"cpork","crpol","ROU",0.003
"cpork","crpol","SPP",0.003
"cpork","crpol","SVK",0.003
"cpork","crpol","SVN",0.003
"cpork","crpol","SWE",0.003
"cpork","crpol","UKP",0.003
"cpork","csbol","AUT",0.003
"cpork","csbol","BGR",0.003
"cpork","csbol","BLR",0.003
"cpork","csbol","BRA",0.003
"cpork","csbol","CYP",0.00100500334314269
"cpork","csbol","CZE",0.003
"cpork","csbol","DEU",0.003
"cpork","csbol","DNK",0.003
"cpork","csbol","FNP",0.003
"cpork","csbol","GRC",0.003
"cpork","csbol","HRV",0.003
"cpork","csbol","IRL",0.003
"cpork","csbol","ISL",0.003
"cpork","csbol","ITP",0.003
"cpork","csbol","NOR",0.003
"cpork","csbol","OBN",0.003
"cpork","csbol","POL",0.003
"cpork","csbol","PRT",0.003
"cpork","csbol","ROU",0.003
"cpork","csbol","SPP",0.003
"cpork","csbol","SVN",0.003
"cpork","csbol","SWE",0.003
"cpork","csbol","UKP",0.003
"cpork","csbol","USA",0.003
"cpork","csfol","ALB",0.003
"cpork","csfol","AUT",0.003
"cpork","csfol","BGR",0.003
"cpork","csfol","BLR",0.003
"cpork","csfol","BLT",0.003
"cpork","csfol","CHP",0.003
"cpork","csfol","CYP",0.00100500334314269
"cpork","csfol","CZE",0.003
"cpork","csfol","DNK",0.003
"cpork","csfol","GRC",0.003
"cpork","csfol","HRV",0.003
"cpork","csfol","HUN",0.003
"cpork","csfol","ITP",0.003
"cpork","csfol","OBN",0.003
"cpork","csfol","PRT",0.003
"cpork","csfol","ROU",0.003
"cpork","csfol","SPP",0.003
"cpork","csfol","SVK",0.003
"cpork","csfol","SVN",0.003
"cpork","csfol","UKP",0.003
"cpork","cplol","CRB",0.003
"cpork","cplol","CRI",0.003
"cpork","cplol","DOM",0.003
"cpork","cplol","ECU",0.003
"cpork","cplol","FJI",0.003
"cpork","cplol","GTM",0.003
"cpork","cplol","HND",0.003
"cpork","cplol","HTI",0.003
"cpork","cplol","IDN",0.003
"cpork","cplol","JAM",0.003
"cpork","cplol","KOR",0.003
"cpork","cplol","MYS",0.003
"cpork","cplol","NIC",0.003
"cpork","cplol","OIO",0.003
"cpork","cplol","OPO",0.003
"cpork","cplol","PAK",0.003
"cpork","cplol","PAN",0.003
"cpork","cplol","SLB",0.003
"cpork","cplol","SLV",0.003
"cpork","ctool","CHM",0.003
"cpork","ctool","IND",0.003
"cpork","ctool","PAK",0.003
"clamb","crpol","AUT",0.003
"clamb","crpol","BGR",0.003
"clamb","crpol","BLR",0.003
"clamb","crpol","BLT",0.003
"clamb","crpol","CAN",0.003
"clamb","crpol","CHP",0.003
"clamb","crpol","CZE",0.003
"clamb","crpol","DEU",0.003
"clamb","crpol","DNK",0.003
"clamb","crpol","FNP",0.003
"clamb","crpol","FRP",0.003
"clamb","crpol","GRC",0.003
"clamb","crpol","HUN",0.003
"clamb","crpol","IRL",0.003
"clamb","crpol","ISL",0.003
"clamb","crpol","ITP",0.003
"clamb","crpol","MDA",0.003
"clamb","crpol","NOR",0.003
"clamb","crpol","OBN",0.003
"clamb","crpol","POL",0.003
"clamb","crpol","PRT",0.003
"clamb","crpol","ROU",0.003
"clamb","crpol","SPP",0.003
"clamb","crpol","SVK",0.003
"clamb","crpol","SVN",0.003
"clamb","crpol","SWE",0.003
"clamb","crpol","UKP",0.003
"clamb","csbol","AUT",0.003
"clamb","csbol","BGR",0.003
"clamb","csbol","BLR",0.003
"clamb","csbol","BRA",0.003
"clamb","csbol","CYP",0.003
"clamb","csbol","CZE",0.003
"clamb","csbol","DEU",0.003
"clamb","csbol","DNK",0.003
"clamb","csbol","FNP",0.003
"clamb","csbol","GRC",0.003
"clamb","csbol","HRV",0.003
"clamb","csbol","IRL",0.003
"clamb","csbol","ISL",0.003
"clamb","csbol","ITP",0.003
"clamb","csbol","NOR",0.003
"clamb","csbol","OBN",0.003
"clamb","csbol","POL",0.003
"clamb","csbol","PRT",0.003
"clamb","csbol","ROU",0.003
"clamb","csbol","SPP",0.003
"clamb","csbol","SVN",0.003
"clamb","csbol","SWE",0.003
"clamb","csbol","UKP",0.003
"clamb","csbol","USA",0.003
"clamb","csfol","ALB",0.003
"clamb","csfol","AUT",0.003
"clamb","csfol","BGR",0.003
"clamb","csfol","BLR",0.003
"clamb","csfol","BLT",0.003
"clamb","csfol","CHP",0.003
"clamb","csfol","CYP",0.003
"clamb","csfol","CZE",0.003
"clamb","csfol","DNK",0.003
"clamb","csfol","GRC",0.003
"clamb","csfol","HRV",0.003
"clamb","csfol","HUN",0.003
"clamb","csfol","ITP",0.003
"clamb","csfol","OBN",0.003
"clamb","csfol","PRT",0.003
"clamb","csfol","ROU",0.003
"clamb","csfol","SPP",0.003
"clamb","csfol","SVK",0.003
"clamb","csfol","SVN",0.003
"clamb","csfol","UKP",0.003
"clamb","cplol","CRB",0.003
"clamb","cplol","CRI",0.003
"clamb","cplol","DOM",0.003
"clamb","cplol","ECU",0.003
"clamb","cplol","FJI",0.003
"clamb","cplol","GTM",0.003
"clamb","cplol","HND",0.003
"clamb","cplol","HTI",0.003
"clamb","cplol","IDN",0.003
"clamb","cplol","JAM",0.003
"clamb","cplol","KOR",0.003
"clamb","cplol","MYS",0.003
"clamb","cplol","NIC",0.003
"clamb","cplol","OIO",0.003
"clamb","cplol","OPO",0.003
"clamb","cplol","PAK",0.003
"clamb","cplol","PAN",0.003
"clamb","cplol","SLB",0.003
"clamb","cplol","SLV",0.003
"clamb","ctool","CHM",0.003
"clamb","ctool","IND",0.003
"clamb","ctool","PAK",0.003
"cpoul","crpol","AUT",0.003
"cpoul","crpol","BGR",0.003
"cpoul","crpol","BLR",0.003
"cpoul","crpol","BLT",0.003
"cpoul","crpol","CAN",0.003
"cpoul","crpol","CHP",0.003
"cpoul","crpol","CZE",0.003
"cpoul","crpol","DEU",0.003
"cpoul","crpol","DNK",0.003
"cpoul","crpol","FNP",0.003
"cpoul","crpol","FRP",0.003
"cpoul","crpol","GRC",0.003
"cpoul","crpol","HUN",0.003
"cpoul","crpol","IRL",0.003
"cpoul","crpol","ISL",0.003
"cpoul","crpol","ITP",0.003
"cpoul","crpol","MDA",0.003
"cpoul","crpol","NOR",0.003
"cpoul","crpol","OBN",0.003
"cpoul","crpol","POL",0.003
"cpoul","crpol","PRT",0.003
"cpoul","crpol","ROU",0.003
"cpoul","crpol","SPP",0.003
"cpoul","crpol","SVK",0.003
"cpoul","crpol","SVN",0.003
"cpoul","crpol","SWE",0.003
"cpoul","crpol","UKP",0.003
"cpoul","csbol","AUT",0.003
"cpoul","csbol","BGR",0.003
"cpoul","csbol","BLR",0.003
"cpoul","csbol","BRA",0.003
"cpoul","csbol","CYP",0.003
"cpoul","csbol","CZE",0.003
"cpoul","csbol","DEU",0.003
"cpoul","csbol","DNK",0.003
"cpoul","csbol","FNP",0.003
"cpoul","csbol","GRC",0.003
"cpoul","csbol","HRV",0.003
"cpoul","csbol","IRL",0.003
"cpoul","csbol","ISL",0.003
"cpoul","csbol","ITP",0.003
"cpoul","csbol","NOR",0.003
"cpoul","csbol","OBN",0.003
"cpoul","csbol","POL",0.003
"cpoul","csbol","PRT",0.003
"cpoul","csbol","ROU",0.003
"cpoul","csbol","SPP",0.003
"cpoul","csbol","SVN",0.003
"cpoul","csbol","SWE",0.003
"cpoul","csbol","UKP",0.003
"cpoul","csbol","USA",0.003
"cpoul","csfol","ALB",0.003
"cpoul","csfol","AUT",0.003
"cpoul","csfol","BGR",0.003
"cpoul","csfol","BLR",0.003
"cpoul","csfol","BLT",0.003
"cpoul","csfol","CHP",0.003
"cpoul","csfol","CYP",0.003
"cpoul","csfol","CZE",0.003
"cpoul","csfol","DNK",0.003
"cpoul","csfol","GRC",0.003
"cpoul","csfol","HRV",0.003
"cpoul","csfol","HUN",0.003
"cpoul","csfol","ITP",0.003
"cpoul","csfol","OBN",0.003
"cpoul","csfol","PRT",0.003
"cpoul","csfol","ROU",0.003
"cpoul","csfol","SPP",0.003
"cpoul","csfol","SVK",0.003
"cpoul","csfol","SVN",0.003
"cpoul","csfol","UKP",0.003
"cpoul","cplol","CRB",0.003
"cpoul","cplol","CRI",0.003
"cpoul","cplol","DOM",0.003
"cpoul","cplol","ECU",0.003
"cpoul","cplol","FJI",0.003
"cpoul","cplol","GTM",0.003
"cpoul","cplol","HND",0.003
"cpoul","cplol","HTI",0.003
"cpoul","cplol","IDN",0.003
"cpoul","cplol","JAM",0.003
"cpoul","cplol","KOR",0.003
"cpoul","cplol","MYS",0.003
"cpoul","cplol","NIC",0.003
"cpoul","cplol","OIO",0.003
"cpoul","cplol","OPO",0.003
"cpoul","cplol","PAK",0.003
"cpoul","cplol","PAN",0.003
"cpoul","cplol","SLB",0.003
"cpoul","cplol","SLV",0.003
"cpoul","ctool","CHM",0.003
"cpoul","ctool","IND",0.003
"cpoul","ctool","PAK",0.003
"ceggs","crpol","AUT",0.003
"ceggs","crpol","BGR",0.003
"ceggs","crpol","BLR",0.003
"ceggs","crpol","BLT",0.003
"ceggs","crpol","CAN",0.003
"ceggs","crpol","CHP",0.003
"ceggs","crpol","CZE",0.003
"ceggs","crpol","DEU",0.003
"ceggs","crpol","DNK",0.003
"ceggs","crpol","FNP",0.003
"ceggs","crpol","FRP",0.003
"ceggs","crpol","GRC",0.003
"ceggs","crpol","HUN",0.003
"ceggs","crpol","IRL",0.003
"ceggs","crpol","ISL",0.003
"ceggs","crpol","ITP",0.003
"ceggs","crpol","MDA",0.003
"ceggs","crpol","NOR",0.003
"ceggs","crpol","OBN",0.003
"ceggs","crpol","POL",0.003
"ceggs","crpol","PRT",0.003
"ceggs","crpol","ROU",0.003
"ceggs","crpol","SPP",0.003
"ceggs","crpol","SVK",0.003
"ceggs","crpol","SVN",0.003
"ceggs","crpol","SWE",0.003
"ceggs","crpol","UKP",0.003
"ceggs","csbol","AUT",0.003
"ceggs","csbol","BGR",0.003
"ceggs","csbol","BLR",0.003
"ceggs","csbol","BRA",0.003
"ceggs","csbol","CYP",0.003
"ceggs","csbol","CZE",0.003
"ceggs","csbol","DEU",0.003
"ceggs","csbol","DNK",0.003
"ceggs","csbol","FNP",0.003
"ceggs","csbol","GRC",0.003
"ceggs","csbol","HRV",0.003
"ceggs","csbol","IRL",0.003
"ceggs","csbol","ISL",0.003
"ceggs","csbol","ITP",0.003
"ceggs","csbol","NOR",0.003
"ceggs","csbol","OBN",0.003
"ceggs","csbol","POL",0.003
"ceggs","csbol","PRT",0.003
"ceggs","csbol","ROU",0.003
"ceggs","csbol","SPP",0.003
"ceggs","csbol","SVN",0.003
"ceggs","csbol","SWE",0.003
"ceggs","csbol","UKP",0.003
"ceggs","csbol","USA",0.003
"ceggs","csfol","ALB",0.003
"ceggs","csfol","AUT",0.003
"ceggs","csfol","BGR",0.003
"ceggs","csfol","BLR",0.003
"ceggs","csfol","BLT",0.003
"ceggs","csfol","CHP",0.003
"ceggs","csfol","CYP",0.003
"ceggs","csfol","CZE",0.003
"ceggs","csfol","DNK",0.003
"ceggs","csfol","GRC",0.003
"ceggs","csfol","HRV",0.003
"ceggs","csfol","HUN",0.003
"ceggs","csfol","ITP",0.003
"ceggs","csfol","OBN",0.003
"ceggs","csfol","PRT",0.003
"ceggs","csfol","ROU",0.003
"ceggs","csfol","SPP",0.003
"ceggs","csfol","SVK",0.003
"ceggs","csfol","SVN",0.003
"ceggs","csfol","UKP",0.003
"ceggs","cplol","CRB",0.003
"ceggs","cplol","CRI",0.003
"ceggs","cplol","DOM",0.003
"ceggs","cplol","ECU",0.003
"ceggs","cplol","FJI",0.003
"ceggs","cplol","GTM",0.003
"ceggs","cplol","HND",0.003
"ceggs","cplol","HTI",0.003
"ceggs","cplol","IDN",0.003
"ceggs","cplol","JAM",0.003
"ceggs","cplol","KOR",0.003
"ceggs","cplol","MYS",0.003
"ceggs","cplol","NIC",0.003
"ceggs","cplol","OIO",0.003
"ceggs","cplol","OPO",0.003
"ceggs","cplol","PAK",0.003
"ceggs","cplol","PAN",0.003
"ceggs","cplol","SLB",0.003
"ceggs","cplol","SLV",0.003
"ceggs","ctool","CHM",0.003
"ceggs","ctool","IND",0.003
"ceggs","ctool","PAK",0.003
"cmilk","crpol","AUT",0.003
"cmilk","crpol","BGR",0.003
"cmilk","crpol","BLR",0.003
"cmilk","crpol","BLT",0.003
"cmilk","crpol","CAN",0.003
"cmilk","crpol","CHP",0.003
"cmilk","crpol","CZE",0.003
"cmilk","crpol","DEU",0.003
"cmilk","crpol","DNK",0.003
"cmilk","crpol","FNP",0.003
"cmilk","crpol","FRP",0.003
"cmilk","crpol","GRC",0.003
"cmilk","crpol","HUN",0.003
"cmilk","crpol","IRL",0.003
"cmilk","crpol","ISL",0.003
"cmilk","crpol","ITP",0.003
"cmilk","crpol","MDA",0.003
"cmilk","crpol","NOR",0.003
"cmilk","crpol","OBN",0.003
"cmilk","crpol","POL",0.003
"cmilk","crpol","PRT",0.003
"cmilk","crpol","ROU",0.003
"cmilk","crpol","SPP",0.003
"cmilk","crpol","SVK",0.003
"cmilk","crpol","SVN",0.003
"cmilk","crpol","SWE",0.003
"cmilk","crpol","UKP",0.003
"cmilk","csbol","AUT",0.003
"cmilk","csbol","BGR",0.003
"cmilk","csbol","BLR",0.003
"cmilk","csbol","BRA",0.003
"cmilk","csbol","CYP",0.003
"cmilk","csbol","CZE",0.003
"cmilk","csbol","DEU",0.003
"cmilk","csbol","DNK",0.003
"cmilk","csbol","FNP",0.003
"cmilk","csbol","GRC",0.003
"cmilk","csbol","HRV",0.003
"cmilk","csbol","IRL",0.003
"cmilk","csbol","ISL",0.003
"cmilk","csbol","ITP",0.003
"cmilk","csbol","NOR",0.003
"cmilk","csbol","OBN",0.003
"cmilk","csbol","POL",0.003
"cmilk","csbol","PRT",0.003
"cmilk","csbol","ROU",0.003
"cmilk","csbol","SPP",0.003
"cmilk","csbol","SVN",0.003
"cmilk","csbol","SWE",0.003
"cmilk","csbol","UKP",0.003
"cmilk","csbol","USA",0.003
"cmilk","csfol","ALB",0.003
"cmilk","csfol","AUT",0.003
"cmilk","csfol","BGR",0.003
"cmilk","csfol","BLR",0.003
"cmilk","csfol","BLT",0.003
"cmilk","csfol","CHP",0.003
"cmilk","csfol","CYP",0.003
"cmilk","csfol","CZE",0.003
"cmilk","csfol","DNK",0.003
"cmilk","csfol","GRC",0.003
"cmilk","csfol","HRV",0.003
"cmilk","csfol","HUN",0.003
"cmilk","csfol","ITP",0.003
"cmilk","csfol","OBN",0.003
"cmilk","csfol","PRT",0.003
"cmilk","csfol","ROU",0.003
"cmilk","csfol","SPP",0.003
"cmilk","csfol","SVK",0.003
"cmilk","csfol","SVN",0.003
"cmilk","csfol","UKP",0.003
"cmilk","cplol","CRB",0.003
"cmilk","cplol","CRI",0.003
"cmilk","cplol","DOM",0.003
"cmilk","cplol","ECU",0.003
"cmilk","cplol","FJI",0.003
"cmilk","cplol","GTM",0.003
"cmilk","cplol","HND",0.003
"cmilk","cplol","HTI",0.003
"cmilk","cplol","IDN",0.003
"cmilk","cplol","JAM",0.003
"cmilk","cplol","KOR",0.003
"cmilk","cplol","MYS",0.003
"cmilk","cplol","NIC",0.003
"cmilk","cplol","OIO",0.003
"cmilk","cplol","OPO",0.003
"cmilk","cplol","PAK",0.003
"cmilk","cplol","PAN",0.003
"cmilk","cplol","SLB",0.003
"cmilk","cplol","SLV",0.003
"cmilk","ctool","CHM",0.003
"cmilk","ctool","IND",0.003
"cmilk","ctool","PAK",0.003
"cbarl","cmaiz","ARG",0.0045
"cbarl","cmaiz","BGR",0.0045
"cbarl","cmaiz","BLZ",0.0045
"cbarl","cmaiz","BOL",0.0045
"cbarl","cmaiz","CAN",0.0045
"cbarl","cmaiz","CHM",0.0045
"cbarl","cmaiz","COL",0.0045
"cbarl","cmaiz","CRB",0.0045
"cbarl","cmaiz","CRI",0.0045
"cbarl","cmaiz","CUB",0.0045
"cbarl","cmaiz","CZE",0.0045
"cbarl","cmaiz","DOM",0.0045
"cbarl","cmaiz","ECU",0.0045
"cbarl","cmaiz","EGY",0.0045
"cbarl","cmaiz","GTM",0.0045
"cbarl","cmaiz","HND",0.0045
"cbarl","cmaiz","HTI",0.0045
"cbarl","cmaiz","HUN",0.0045
"cbarl","cmaiz","IRN",0.0045
"cbarl","cmaiz","JAM",0.0045
"cbarl","cmaiz","JPN",0.0045
"cbarl","cmaiz","KOR",0.0045
"cbarl","cmaiz","MDA",0.0045
"cbarl","cmaiz","MEX",0.0045
"cbarl","cmaiz","NIC",0.0045
"cbarl","cmaiz","NZL",0.0045
"cbarl","cmaiz","OIO",0.0045
"cbarl","cmaiz","OPO",0.0045
"cbarl","cmaiz","PAK",0.0045
"cbarl","cmaiz","PAN",0.0045
"cbarl","cmaiz","POL",0.0045
"cbarl","cmaiz","PRY",0.0045
"cbarl","cmaiz","RAP",0.0045
"cbarl","cmaiz","ROU",0.0045
"cbarl","cmaiz","SAU",0.0045
"cbarl","cmaiz","SLV",0.0045
"cbarl","cmaiz","SVK",0.0045
"cbarl","cmaiz","TUR",0.0045
"cbarl","cmaiz","USA",0.0045
"cbarl","cmaiz","YEM",0.0045
"cbarl","cmaiz","ZAF",0.0045
"cbarl","csorg","AUS",0.003
"cbarl","cwhea","AUS",0.003
"cbarl","cwhea","AUT",0.003
"cbarl","cwhea","BLR",0.003
"cbarl","cwhea","BLT",0.003
"cbarl","cwhea","CAN",0.003
"cbarl","cwhea","CHP",0.003
"cbarl","cwhea","DEU",0.003
"cbarl","cwhea","DNK",0.003
"cbarl","cwhea","FNP",0.003
"cbarl","cwhea","FRP",0.003
"cbarl","cwhea","IRL",0.003
"cbarl","cwhea","ISL",0.003
"cbarl","cwhea","ITP",0.003
"cbarl","cwhea","NLD",0.003
"cbarl","cwhea","NOR",0.003
"cbarl","cwhea","PRT",0.003
"cbarl","cwhea","RUS",0.003
"cbarl","cwhea","SPP",0.003
"cbarl","cwhea","SWE",0.003
"cbarl","cwhea","UKP",0.003
"cbarl","cwhea","UKR",0.003
"cbarl","ccass","ARG",0.003
"cbarl","ccass","CHM",0.003
"cbarl","ccass","COL",0.003
"cbarl","ccass","FJI",0.003
"cbarl","ccass","IDN",0.003
"cbarl","ccass","JAM",0.003
"cbarl","ccass","KEN",0.003
"cbarl","ccass","MWI",0.003
"cbarl","ccass","NGA",0.003
"cbarl","ccass","OIO",0.003
"cbarl","ccass","OPO",0.003
"cbarl","ccass","PHL",0.003
"cbarl","ccass","THA",0.003
"cbarl","csugr","ARG",0.003
"cbarl","csugr","AUS",0.003
"cbarl","csugr","AUT",0.003
"cbarl","csugr","BGR",0.003
"cbarl","csugr","BLR",0.003
"cbarl","csugr","BLT",0.003
"cbarl","csugr","BOL",0.003
"cbarl","csugr","BRA",0.003
"cbarl","csugr","CHM",0.003
"cbarl","csugr","COL",0.003
"cbarl","csugr","CRB",0.003
"cbarl","csugr","CRI",0.003
"cbarl","csugr","CZE",0.003
"cbarl","csugr","DEU",0.003
"cbarl","csugr","DNK",0.003
"cbarl","csugr","ECU",0.003
"cbarl","csugr","EGY",0.003
"cbarl","csugr","FJI",0.003
"cbarl","csugr","FNP",0.003
"cbarl","csugr","FRP",0.003
"cbarl","csugr","GTM",0.003
"cbarl","csugr","HND",0.003
"cbarl","csugr","HTI",0.003
"cbarl","csugr","HUN",0.003
"cbarl","csugr","IDN",0.003
"cbarl","csugr","IND",0.003
"cbarl","csugr","IRN",0.003
"cbarl","csugr","ITP",0.003
"cbarl","csugr","KEN",0.003
"cbarl","csugr","KOR",0.003
"cbarl","csugr","MDA",0.003
"cbarl","csugr","MEX",0.003
"cbarl","csugr","NGA",0.003
"cbarl","csugr","NIC",0.003
"cbarl","csugr","NLD",0.003
"cbarl","csugr","NZL",0.003
"cbarl","csugr","OIO",0.003
"cbarl","csugr","OPO",0.003
"cbarl","csugr","PAK",0.003
"cbarl","csugr","PAN",0.003
"cbarl","csugr","POL",0.003
"cbarl","csugr","PRY",0.003
"cbarl","csugr","RAP",0.003
"cbarl","csugr","ROU",0.003
"cbarl","csugr","RUS",0.003
"cbarl","csugr","SAU",0.003
"cbarl","csugr","SLV",0.003
"cbarl","csugr","SPP",0.003
"cbarl","csugr","SVK",0.003
"cbarl","csugr","SWE",0.003
"cbarl","csugr","THA",0.003
"cbarl","csugr","TUR",0.003
"cbarl","csugr","UKR",0.003
"cbarl","csugr","USA",0.003
"cbarl","csugr","ZAF",0.003
"cbarl","csugr","ZWE",0.003
"cmaiz","cmaiz","ARG",-0.179672206638887
"cmaiz","cmaiz","BGR",-0.075
"cmaiz","cmaiz","BLZ",-0.175968155237991
"cmaiz","cmaiz","BOL",-0.176074301257665
"cmaiz","cmaiz","CAN",-0.178760843694375
"cmaiz","cmaiz","CHM",-0.105
"cmaiz","cmaiz","COL",-0.153468511781912
"cmaiz","cmaiz","CRB",-0.105
"cmaiz","cmaiz","CRI",-0.175968155237991
"cmaiz","cmaiz","CUB",-0.175968155237991
"cmaiz","cmaiz","CZE",-0.075
"cmaiz","cmaiz","DOM",-0.175968155237991
"cmaiz","cmaiz","ECU",-0.175563830392607
"cmaiz","cmaiz","EGY",-0.11062461965603
"cmaiz","cmaiz","GTM",-0.175968155237991
"cmaiz","cmaiz","HND",-0.175968155237991
"cmaiz","cmaiz","HTI",-0.175968155237991
"cmaiz","cmaiz","HUN",-0.075
"cmaiz","cmaiz","IRN",-0.0879016190353901
"cmaiz","cmaiz","JAM",-0.105
"cmaiz","cmaiz","JPN",-0.0675
"cmaiz","cmaiz","KOR",-0.0931606607914687
"cmaiz","cmaiz","MDA",-0.075
"cmaiz","cmaiz","MEX",-0.175871494485161
"cmaiz","cmaiz","NIC",-0.175968155237991
"cmaiz","cmaiz","NZL",-0.18
"cmaiz","cmaiz","OIO",-0.105
"cmaiz","cmaiz","OPO",-0.105
"cmaiz","cmaiz","PAK",-0.111236619247705
"cmaiz","cmaiz","PAN",-0.175968155237991
"cmaiz","cmaiz","POL",-0.075
"cmaiz","cmaiz","PRY",-0.176074301257665
"cmaiz","cmaiz","RAP",-0.0892192037120741
"cmaiz","cmaiz","ROU",-0.075
"cmaiz","cmaiz","SAU",-0.0892192037120741
"cmaiz","cmaiz","SLV",-0.175968155237991
"cmaiz","cmaiz","SVK",-0.075
"cmaiz","cmaiz","TUR",-0.0849267870468006
"cmaiz","cmaiz","USA",-0.148785074186597
"cmaiz","cmaiz","YEM",-0.0892192037120741
"cmaiz","cmaiz","ZAF",-0.178025822260506
"cmaiz","csorg","AUS",0.0045
"cmaiz","cwhea","AUS",0.0045
"cmaiz","cwhea","AUT",0.0045
"cmaiz","cwhea","BLR",0.0045
"cmaiz","cwhea","BLT",0.0045
"cmaiz","cwhea","CAN",0.0045
"cmaiz","cwhea","CHP",0.0045
"cmaiz","cwhea","DEU",0.0045
"cmaiz","cwhea","DNK",0.0045
"cmaiz","cwhea","FNP",0.0045
"cmaiz","cwhea","FRP",0.0045
"cmaiz","cwhea","IRL",0.0045
"cmaiz","cwhea","ISL",0.0045
"cmaiz","cwhea","ITP",0.0045
"cmaiz","cwhea","NLD",0.0045
"cmaiz","cwhea","NOR",0.0045
"cmaiz","cwhea","PRT",0.0045
"cmaiz","cwhea","RUS",0.0045
"cmaiz","cwhea","SPP",0.0045
"cmaiz","cwhea","SWE",0.0045
"cmaiz","cwhea","UKP",0.0045
"cmaiz","cwhea","UKR",0.0045
"cmaiz","ccass","ARG",0.0045
"cmaiz","ccass","CHM",0.0045
"cmaiz","ccass","COL",0.0045
"cmaiz","ccass","FJI",0.0045
"cmaiz","ccass","IDN",0.0045
"cmaiz","ccass","JAM",0.0045
"cmaiz","ccass","KEN",0.0045
"cmaiz","ccass","MWI",0.0045
"cmaiz","ccass","NGA",0.0045
"cmaiz","ccass","OIO",0.0045
"cmaiz","ccass","OPO",0.0045
"cmaiz","ccass","PHL",0.0045
"cmaiz","ccass","THA",0.0045
"cmaiz","csugr","ARG",0.0045
"cmaiz","csugr","AUS",0.0045
"cmaiz","csugr","AUT",0.0045
"cmaiz","csugr","BGR",0.0045
"cmaiz","csugr","BLR",0.0045
"cmaiz","csugr","BLT",0.0045
"cmaiz","csugr","BOL",0.0045
"cmaiz","csugr","BRA",0.0045
"cmaiz","csugr","CHM",0.0045
"cmaiz","csugr","COL",0.0045
"cmaiz","csugr","CRB",0.0045
"cmaiz","csugr","CRI",0.0045
"cmaiz","csugr","CZE",0.0045
"cmaiz","csugr","DEU",0.0045
"cmaiz","csugr","DNK",0.0045
"cmaiz","csugr","ECU",0.0045
"cmaiz","csugr","EGY",0.0045
"cmaiz","csugr","FJI",0.0045
"cmaiz","csugr","FNP",0.0045
"cmaiz","csugr","FRP",0.0045
"cmaiz","csugr","GTM",0.0045
"cmaiz","csugr","HND",0.0045
"cmaiz","csugr","HTI",0.0045
"cmaiz","csugr","HUN",0.0045
"cmaiz","csugr","IDN",0.0045
"cmaiz","csugr","IND",0.0045
"cmaiz","csugr","IRN",0.0045
"cmaiz","csugr","ITP",0.0045
"cmaiz","csugr","KEN",0.0045
"cmaiz","csugr","KOR",0.0045
"cmaiz","csugr","MDA",0.0045
"cmaiz","csugr","MEX",0.0045
"cmaiz","csugr","NGA",0.0045
"cmaiz","csugr","NIC",0.0045
"cmaiz","csugr","NLD",0.0045
"cmaiz","csugr","NZL",0.0045
"cmaiz","csugr","OIO",0.0045
"cmaiz","csugr","OPO",0.0045
"cmaiz","csugr","PAK",0.0045
"cmaiz","csugr","PAN",0.0045
"cmaiz","csugr","POL",0.0045
"cmaiz","csugr","PRY",0.0045
"cmaiz","csugr","RAP",0.0045
"cmaiz","csugr","ROU",0.0045
"cmaiz","csugr","RUS",0.0045
"cmaiz","csugr","SAU",0.0045
"cmaiz","csugr","SLV",0.0045
"cmaiz","csugr","SPP",0.0045
"cmaiz","csugr","SVK",0.0045
"cmaiz","csugr","SWE",0.0045
"cmaiz","csugr","THA",0.0045
"cmaiz","csugr","TUR",0.0045
"cmaiz","csugr","UKR",0.0045
"cmaiz","csugr","USA",0.0045
"cmaiz","csugr","ZAF",0.0045
"cmaiz","csugr","ZWE",0.0045
"cmill","cmaiz","ARG",0.0045
"cmill","cmaiz","BGR",0.0045
"cmill","cmaiz","BLZ",0.0045
"cmill","cmaiz","BOL",0.0045
"cmill","cmaiz","CAN",0.0045
"cmill","cmaiz","CHM",0.0045
"cmill","cmaiz","COL",0.0045
"cmill","cmaiz","CRB",0.0045
"cmill","cmaiz","CRI",0.0045
"cmill","cmaiz","CUB",0.0045
"cmill","cmaiz","CZE",0.0045
"cmill","cmaiz","DOM",0.0045
"cmill","cmaiz","ECU",0.0045
"cmill","cmaiz","EGY",0.0045
"cmill","cmaiz","GTM",0.0045
"cmill","cmaiz","HND",0.0045
"cmill","cmaiz","HTI",0.0045
"cmill","cmaiz","HUN",0.0045
"cmill","cmaiz","IRN",0.0045
"cmill","cmaiz","JAM",0.0045
"cmill","cmaiz","JPN",0.0045
"cmill","cmaiz","KOR",0.0045
"cmill","cmaiz","MDA",0.0045
"cmill","cmaiz","MEX",0.0045
"cmill","cmaiz","NIC",0.0045
"cmill","cmaiz","NZL",0.0045
"cmill","cmaiz","OIO",0.0045
"cmill","cmaiz","OPO",0.0045
"cmill","cmaiz","PAK",0.0045
"cmill","cmaiz","PAN",0.0045
"cmill","cmaiz","POL",0.0045
"cmill","cmaiz","PRY",0.0045
"cmill","cmaiz","RAP",0.0045
"cmill","cmaiz","ROU",0.0045
"cmill","cmaiz","SAU",0.0045
"cmill","cmaiz","SLV",0.0045
"cmill","cmaiz","SVK",0.0045
"cmill","cmaiz","TUR",0.0045
"cmill","cmaiz","USA",0.0045
"cmill","cmaiz","YEM",0.0045
"cmill","cmaiz","ZAF",0.0045
"cmill","csorg","AUS",0.003
"cmill","cwhea","AUS",0.003
"cmill","cwhea","AUT",0.003
"cmill","cwhea","BLR",0.003
"cmill","cwhea","BLT",0.003
"cmill","cwhea","CAN",0.003
"cmill","cwhea","CHP",0.003
"cmill","cwhea","DEU",0.003
"cmill","cwhea","DNK",0.003
"cmill","cwhea","FNP",0.003
"cmill","cwhea","FRP",0.003
"cmill","cwhea","IRL",0.003
"cmill","cwhea","ISL",0.003
"cmill","cwhea","ITP",0.003
"cmill","cwhea","NLD",0.003
"cmill","cwhea","NOR",0.003
"cmill","cwhea","PRT",0.003
"cmill","cwhea","RUS",0.003
"cmill","cwhea","SPP",0.003
"cmill","cwhea","SWE",0.003
"cmill","cwhea","UKP",0.003
"cmill","cwhea","UKR",0.003
"cmill","ccass","ARG",0.003
"cmill","ccass","CHM",0.003
"cmill","ccass","COL",0.003
"cmill","ccass","FJI",0.003
"cmill","ccass","IDN",0.003
"cmill","ccass","JAM",0.003
"cmill","ccass","KEN",0.003
"cmill","ccass","MWI",0.003
"cmill","ccass","NGA",0.003
"cmill","ccass","OIO",0.003
"cmill","ccass","OPO",0.003
"cmill","ccass","PHL",0.003
"cmill","ccass","THA",0.003
"cmill","csugr","ARG",0.003
"cmill","csugr","AUS",0.003
"cmill","csugr","AUT",0.003
"cmill","csugr","BGR",0.003
"cmill","csugr","BLR",0.003
"cmill","csugr","BLT",0.003
"cmill","csugr","BOL",0.003
"cmill","csugr","BRA",0.003
"cmill","csugr","CHM",0.003
"cmill","csugr","COL",0.003
"cmill","csugr","CRB",0.003
"cmill","csugr","CRI",0.003
"cmill","csugr","CZE",0.003
"cmill","csugr","DEU",0.003
"cmill","csugr","DNK",0.003
"cmill","csugr","ECU",0.003
"cmill","csugr","EGY",0.003
"cmill","csugr","FJI",0.003
"cmill","csugr","FNP",0.003
"cmill","csugr","FRP",0.003
"cmill","csugr","GTM",0.003
"cmill","csugr","HND",0.003
"cmill","csugr","HTI",0.003
"cmill","csugr","HUN",0.003
"cmill","csugr","IDN",0.003
"cmill","csugr","IND",0.003
"cmill","csugr","IRN",0.003
"cmill","csugr","ITP",0.003
"cmill","csugr","KEN",0.003
"cmill","csugr","KOR",0.003
"cmill","csugr","MDA",0.003
"cmill","csugr","MEX",0.003
"cmill","csugr","NGA",0.003
"cmill","csugr","NIC",0.003
"cmill","csugr","NLD",0.003
"cmill","csugr","NZL",0.003
"cmill","csugr","OIO",0.003
"cmill","csugr","OPO",0.003
"cmill","csugr","PAK",0.003
"cmill","csugr","PAN",0.003
"cmill","csugr","POL",0.003
"cmill","csugr","PRY",0.003
"cmill","csugr","RAP",0.003
"cmill","csugr","ROU",0.003
"cmill","csugr","RUS",0.003
"cmill","csugr","SAU",0.003
"cmill","csugr","SLV",0.003
"cmill","csugr","SPP",0.003
"cmill","csugr","SVK",0.003
"cmill","csugr","SWE",0.003
"cmill","csugr","THA",0.003
"cmill","csugr","TUR",0.003
"cmill","csugr","UKR",0.003
"cmill","csugr","USA",0.003
"cmill","csugr","ZAF",0.003
"cmill","csugr","ZWE",0.003
"crice","cmaiz","ARG",0.0045
"crice","cmaiz","BGR",0.0045
"crice","cmaiz","BLZ",0.0045
"crice","cmaiz","BOL",0.0045
"crice","cmaiz","CAN",0.0045
"crice","cmaiz","CHM",0.0045
"crice","cmaiz","COL",0.0045
"crice","cmaiz","CRB",0.0045
"crice","cmaiz","CRI",0.0045
"crice","cmaiz","CUB",0.0045
"crice","cmaiz","CZE",0.0045
"crice","cmaiz","DOM",0.0045
"crice","cmaiz","ECU",0.0045
"crice","cmaiz","EGY",0.0045
"crice","cmaiz","GTM",0.0045
"crice","cmaiz","HND",0.0045
"crice","cmaiz","HTI",0.0045
"crice","cmaiz","HUN",0.0045
"crice","cmaiz","IRN",0.0045
"crice","cmaiz","JAM",0.0045
"crice","cmaiz","JPN",0.0045
"crice","cmaiz","KOR",0.0045
"crice","cmaiz","MDA",0.0045
"crice","cmaiz","MEX",0.0045
"crice","cmaiz","NIC",0.0045
"crice","cmaiz","NZL",0.0045
"crice","cmaiz","OIO",0.0045
"crice","cmaiz","OPO",0.0045
"crice","cmaiz","PAK",0.0045
"crice","cmaiz","PAN",0.0045
"crice","cmaiz","POL",0.0045
"crice","cmaiz","PRY",0.0045
"crice","cmaiz","RAP",0.0045
"crice","cmaiz","ROU",0.0045
"crice","cmaiz","SAU",0.0045
"crice","cmaiz","SLV",0.0045
"crice","cmaiz","SVK",0.0045
"crice","cmaiz","TUR",0.0045
"crice","cmaiz","USA",0.0045
"crice","cmaiz","YEM",0.0045
"crice","cmaiz","ZAF",0.0045
"crice","csorg","AUS",0.003
"crice","cwhea","AUS",0.003
"crice","cwhea","AUT",0.003
"crice","cwhea","BLR",0.003
"crice","cwhea","BLT",0.003
"crice","cwhea","CAN",0.003
"crice","cwhea","CHP",0.003
"crice","cwhea","DEU",0.003
"crice","cwhea","DNK",0.003
"crice","cwhea","FNP",0.003
"crice","cwhea","FRP",0.003
"crice","cwhea","IRL",0.003
"crice","cwhea","ISL",0.003
"crice","cwhea","ITP",0.003
"crice","cwhea","NLD",0.003
"crice","cwhea","NOR",0.003
"crice","cwhea","PRT",0.003
"crice","cwhea","RUS",0.003
"crice","cwhea","SPP",0.003
"crice","cwhea","SWE",0.003
"crice","cwhea","UKP",0.003
"crice","cwhea","UKR",0.003
"crice","ccass","ARG",0.003
"crice","ccass","CHM",0.003
"crice","ccass","COL",0.003
"crice","ccass","FJI",0.003
"crice","ccass","IDN",0.003
"crice","ccass","JAM",0.003
"crice","ccass","KEN",0.003
"crice","ccass","MWI",0.003
"crice","ccass","NGA",0.003
"crice","ccass","OIO",0.003
"crice","ccass","OPO",0.003
"crice","ccass","PHL",0.003
"crice","ccass","THA",0.003
"crice","csugr","ARG",0.003
"crice","csugr","AUS",0.003
"crice","csugr","AUT",0.003
"crice","csugr","BGR",0.003
"crice","csugr","BLR",0.003
"crice","csugr","BLT",0.003
"crice","csugr","BOL",0.003
"crice","csugr","BRA",0.003
"crice","csugr","CHM",0.003
"crice","csugr","COL",0.003
"crice","csugr","CRB",0.003
"crice","csugr","CRI",0.003
"crice","csugr","CZE",0.003
"crice","csugr","DEU",0.003
"crice","csugr","DNK",0.003
"crice","csugr","ECU",0.003
"crice","csugr","EGY",0.003
"crice","csugr","FJI",0.003
"crice","csugr","FNP",0.003
"crice","csugr","FRP",0.003
"crice","csugr","GTM",0.003
"crice","csugr","HND",0.003
"crice","csugr","HTI",0.003
"crice","csugr","HUN",0.003
"crice","csugr","IDN",0.003
"crice","csugr","IND",0.003
"crice","csugr","IRN",0.003
"crice","csugr","ITP",0.003
"crice","csugr","KEN",0.003
"crice","csugr","KOR",0.003
"crice","csugr","MDA",0.003
"crice","csugr","MEX",0.003
"crice","csugr","NGA",0.003
"crice","csugr","NIC",0.003
"crice","csugr","NLD",0.003
"crice","csugr","NZL",0.003
"crice","csugr","OIO",0.003
"crice","csugr","OPO",0.003
"crice","csugr","PAK",0.003
"crice","csugr","PAN",0.003
"crice","csugr","POL",0.003
"crice","csugr","PRY",0.003
"crice","csugr","RAP",0.003
"crice","csugr","ROU",0.003
"crice","csugr","RUS",0.003
"crice","csugr","SAU",0.003
"crice","csugr","SLV",0.003
"crice","csugr","SPP",0.003
"crice","csugr","SVK",0.003
"crice","csugr","SWE",0.003
"crice","csugr","THA",0.003
"crice","csugr","TUR",0.003
"crice","csugr","UKR",0.003
"crice","csugr","USA",0.003
"crice","csugr","ZAF",0.003
"crice","csugr","ZWE",0.003
"csorg","cmaiz","ARG",0.0045
"csorg","cmaiz","BGR",0.0045
"csorg","cmaiz","BLZ",0.0045
"csorg","cmaiz","BOL",0.0045
"csorg","cmaiz","CAN",0.0045
"csorg","cmaiz","CHM",0.0045
"csorg","cmaiz","COL",0.0045
"csorg","cmaiz","CRB",0.0045
"csorg","cmaiz","CRI",0.0045
"csorg","cmaiz","CUB",0.0045
"csorg","cmaiz","CZE",0.0045
"csorg","cmaiz","DOM",0.0045
"csorg","cmaiz","ECU",0.0045
"csorg","cmaiz","EGY",0.0045
"csorg","cmaiz","GTM",0.0045
"csorg","cmaiz","HND",0.0045
"csorg","cmaiz","HTI",0.0045
"csorg","cmaiz","HUN",0.0045
"csorg","cmaiz","IRN",0.0045
"csorg","cmaiz","JAM",0.0045
"csorg","cmaiz","JPN",0.0045
"csorg","cmaiz","KOR",0.0045
"csorg","cmaiz","MDA",0.0045
"csorg","cmaiz","MEX",0.0045
"csorg","cmaiz","NIC",0.0045
"csorg","cmaiz","NZL",0.0045
"csorg","cmaiz","OIO",0.0045
"csorg","cmaiz","OPO",0.0045
"csorg","cmaiz","PAK",0.0045
"csorg","cmaiz","PAN",0.0045
"csorg","cmaiz","POL",0.0045
"csorg","cmaiz","PRY",0.0045
"csorg","cmaiz","RAP",0.0045
"csorg","cmaiz","ROU",0.0045
"csorg","cmaiz","SAU",0.0045
"csorg","cmaiz","SLV",0.0045
"csorg","cmaiz","SVK",0.0045
"csorg","cmaiz","TUR",0.0045
"csorg","cmaiz","USA",0.0045
"csorg","cmaiz","YEM",0.0045
"csorg","cmaiz","ZAF",0.0045
"csorg","csorg","AUS",-0.107212775380198
"csorg","cwhea","AUS",0.003
"csorg","cwhea","AUT",0.003
"csorg","cwhea","BLR",0.003
"csorg","cwhea","BLT",0.003
"csorg","cwhea","CAN",0.003
"csorg","cwhea","CHP",0.003
"csorg","cwhea","DEU",0.003
"csorg","cwhea","DNK",0.003
"csorg","cwhea","FNP",0.003
"csorg","cwhea","FRP",0.003
"csorg","cwhea","IRL",0.003
"csorg","cwhea","ISL",0.003
"csorg","cwhea","ITP",0.003
"csorg","cwhea","NLD",0.003
"csorg","cwhea","NOR",0.003
"csorg","cwhea","PRT",0.003
"csorg","cwhea","RUS",0.003
"csorg","cwhea","SPP",0.003
"csorg","cwhea","SWE",0.003
"csorg","cwhea","UKP",0.003
"csorg","cwhea","UKR",0.003
"csorg","ccass","ARG",0.003
"csorg","ccass","CHM",0.003
"csorg","ccass","COL",0.003
"csorg","ccass","FJI",0.003
"csorg","ccass","IDN",0.003
"csorg","ccass","JAM",0.003
"csorg","ccass","KEN",0.003
"csorg","ccass","MWI",0.003
"csorg","ccass","NGA",0.003
"csorg","ccass","OIO",0.003
"csorg","ccass","OPO",0.003
"csorg","ccass","PHL",0.003
"csorg","ccass","THA",0.003
"csorg","csugr","ARG",0.003
"csorg","csugr","AUS",0.003
"csorg","csugr","AUT",0.003
"csorg","csugr","BGR",0.003
"csorg","csugr","BLR",0.003
"csorg","csugr","BLT",0.003
"csorg","csugr","BOL",0.003
"csorg","csugr","BRA",0.003
"csorg","csugr","CHM",0.003
"csorg","csugr","COL",0.003
"csorg","csugr","CRB",0.003
"csorg","csugr","CRI",0.003
"csorg","csugr","CZE",0.003
"csorg","csugr","DEU",0.003
"csorg","csugr","DNK",0.003
"csorg","csugr","ECU",0.003
"csorg","csugr","EGY",0.003
"csorg","csugr","FJI",0.003
"csorg","csugr","FNP",0.003
"csorg","csugr","FRP",0.003
"csorg","csugr","GTM",0.003
"csorg","csugr","HND",0.003
"csorg","csugr","HTI",0.003
"csorg","csugr","HUN",0.003
"csorg","csugr","IDN",0.003
"csorg","csugr","IND",0.003
"csorg","csugr","IRN",0.003
"csorg","csugr","ITP",0.003
"csorg","csugr","KEN",0.003
"csorg","csugr","KOR",0.003
"csorg","csugr","MDA",0.003
"csorg","csugr","MEX",0.003
"csorg","csugr","NGA",0.003
"csorg","csugr","NIC",0.003
"csorg","csugr","NLD",0.003
"csorg","csugr","NZL",0.003
"csorg","csugr","OIO",0.003
"csorg","csugr","OPO",0.003
"csorg","csugr","PAK",0.003
"csorg","csugr","PAN",0.003
"csorg","csugr","POL",0.003
"csorg","csugr","PRY",0.003
"csorg","csugr","RAP",0.003
"csorg","csugr","ROU",0.003
"csorg","csugr","RUS",0.003
"csorg","csugr","SAU",0.003
"csorg","csugr","SLV",0.003
"csorg","csugr","SPP",0.003
"csorg","csugr","SVK",0.003
"csorg","csugr","SWE",0.003
"csorg","csugr","THA",0.003
"csorg","csugr","TUR",0.003
"csorg","csugr","UKR",0.003
"csorg","csugr","USA",0.003
"csorg","csugr","ZAF",0.003
"csorg","csugr","ZWE",0.003
"cwhea","cmaiz","ARG",0.0045
"cwhea","cmaiz","BGR",0.0045
"cwhea","cmaiz","BLZ",0.0045
"cwhea","cmaiz","BOL",0.0045
"cwhea","cmaiz","CAN",0.0045
"cwhea","cmaiz","CHM",0.0045
"cwhea","cmaiz","COL",0.0045
"cwhea","cmaiz","CRB",0.0045
"cwhea","cmaiz","CRI",0.0045
"cwhea","cmaiz","CUB",0.0045
"cwhea","cmaiz","CZE",0.0045
"cwhea","cmaiz","DOM",0.0045
"cwhea","cmaiz","ECU",0.0045
"cwhea","cmaiz","EGY",0.0045
"cwhea","cmaiz","GTM",0.0045
"cwhea","cmaiz","HND",0.0045
"cwhea","cmaiz","HTI",0.0045
"cwhea","cmaiz","HUN",0.0045
"cwhea","cmaiz","IRN",0.0045
"cwhea","cmaiz","JAM",0.0045
"cwhea","cmaiz","JPN",0.0045
"cwhea","cmaiz","KOR",0.0045
"cwhea","cmaiz","MDA",0.0045
"cwhea","cmaiz","MEX",0.0045
"cwhea","cmaiz","NIC",0.0045
"cwhea","cmaiz","NZL",0.0045
"cwhea","cmaiz","OIO",0.0045
"cwhea","cmaiz","OPO",0.0045
"cwhea","cmaiz","PAK",0.0045
"cwhea","cmaiz","PAN",0.0045
"cwhea","cmaiz","POL",0.0045
"cwhea","cmaiz","PRY",0.0045
"cwhea","cmaiz","RAP",0.0045
"cwhea","cmaiz","ROU",0.0045
"cwhea","cmaiz","SAU",0.0045
"cwhea","cmaiz","SLV",0.0045
"cwhea","cmaiz","SVK",0.0045
"cwhea","cmaiz","TUR",0.0045
"cwhea","cmaiz","USA",0.0045
"cwhea","cmaiz","YEM",0.0045
"cwhea","cmaiz","ZAF",0.0045
"cwhea","csorg","AUS",0.003
"cwhea","cwhea","AUS",-0.093049780721362
"cwhea","cwhea","AUT",-0.102309080564427
"cwhea","cwhea","BLR",-0.0803193937139591
"cwhea","cwhea","BLT",-0.0803193937139591
"cwhea","cwhea","CAN",-0.0982132909634762
"cwhea","cwhea","CHP",-0.102309080564427
"cwhea","cwhea","DEU",-0.102772644888705
"cwhea","cwhea","DNK",-0.101876721364927
"cwhea","cwhea","FNP",-0.101876721364927
"cwhea","cwhea","FRP",-0.102589073062869
"cwhea","cwhea","IRL",-0.101881794138911
"cwhea","cwhea","ISL",-0.101876721364927
"cwhea","cwhea","ITP",-0.102952814946931
"cwhea","cwhea","NLD",-0.102908839691438
"cwhea","cwhea","NOR",-0.101876721364927
"cwhea","cwhea","PRT",-0.102281286560133
"cwhea","cwhea","RUS",-0.0803717674483869
"cwhea","cwhea","SPP",-0.102281286560133
"cwhea","cwhea","SWE",-0.101876721364927
"cwhea","cwhea","UKP",-0.101881794138911
"cwhea","cwhea","UKR",-0.0803110338326747
"cwhea","ccass","ARG",0.003
"cwhea","ccass","CHM",0.003
"cwhea","ccass","COL",0.003
"cwhea","ccass","FJI",0.003
"cwhea","ccass","IDN",0.003
"cwhea","ccass","JAM",0.003
"cwhea","ccass","KEN",0.003
"cwhea","ccass","MWI",0.003
"cwhea","ccass","NGA",0.003
"cwhea","ccass","OIO",0.003
"cwhea","ccass","OPO",0.003
"cwhea","ccass","PHL",0.003
"cwhea","ccass","THA",0.003
"cwhea","csugr","ARG",0.003
"cwhea","csugr","AUS",0.003
"cwhea","csugr","AUT",0.003
"cwhea","csugr","BGR",0.003
"cwhea","csugr","BLR",0.003
"cwhea","csugr","BLT",0.003
"cwhea","csugr","BOL",0.003
"cwhea","csugr","BRA",0.003
"cwhea","csugr","CHM",0.003
"cwhea","csugr","COL",0.003
"cwhea","csugr","CRB",0.003
"cwhea","csugr","CRI",0.003
"cwhea","csugr","CZE",0.003
"cwhea","csugr","DEU",0.003
"cwhea","csugr","DNK",0.003
"cwhea","csugr","ECU",0.003
"cwhea","csugr","EGY",0.003
"cwhea","csugr","FJI",0.003
"cwhea","csugr","FNP",0.003
"cwhea","csugr","FRP",0.003
"cwhea","csugr","GTM",0.003
"cwhea","csugr","HND",0.003
"cwhea","csugr","HTI",0.003
"cwhea","csugr","HUN",0.003
"cwhea","csugr","IDN",0.003
"cwhea","csugr","IND",0.003
"cwhea","csugr","IRN",0.003
"cwhea","csugr","ITP",0.003
"cwhea","csugr","KEN",0.003
"cwhea","csugr","KOR",0.003
"cwhea","csugr","MDA",0.003
"cwhea","csugr","MEX",0.003
"cwhea","csugr","NGA",0.003
"cwhea","csugr","NIC",0.003
"cwhea","csugr","NLD",0.003
"cwhea","csugr","NZL",0.003
"cwhea","csugr","OIO",0.003
"cwhea","csugr","OPO",0.003
"cwhea","csugr","PAK",0.003
"cwhea","csugr","PAN",0.003
"cwhea","csugr","POL",0.003
"cwhea","csugr","PRY",0.003
"cwhea","csugr","RAP",0.003
"cwhea","csugr","ROU",0.003
"cwhea","csugr","RUS",0.003
"cwhea","csugr","SAU",0.003
"cwhea","csugr","SLV",0.003
"cwhea","csugr","SPP",0.003
"cwhea","csugr","SVK",0.003
"cwhea","csugr","SWE",0.003
"cwhea","csugr","THA",0.003
"cwhea","csugr","TUR",0.003
"cwhea","csugr","UKR",0.003
"cwhea","csugr","USA",0.003
"cwhea","csugr","ZAF",0.003
"cwhea","csugr","ZWE",0.003
"cocer","cmaiz","ARG",0.0045
"cocer","cmaiz","BGR",0.0045
"cocer","cmaiz","BLZ",0.0045
"cocer","cmaiz","BOL",0.0045
"cocer","cmaiz","CAN",0.0045
"cocer","cmaiz","CHM",0.0045
"cocer","cmaiz","COL",0.0045
"cocer","cmaiz","CRB",0.0045
"cocer","cmaiz","CRI",0.0045
"cocer","cmaiz","CUB",0.0045
"cocer","cmaiz","CZE",0.0045
"cocer","cmaiz","DOM",0.0045
"cocer","cmaiz","ECU",0.0045
"cocer","cmaiz","EGY",0.0045
"cocer","cmaiz","GTM",0.0045
"cocer","cmaiz","HND",0.0045
"cocer","cmaiz","HTI",0.0045
"cocer","cmaiz","HUN",0.0045
"cocer","cmaiz","IRN",0.0045
"cocer","cmaiz","JAM",0.0045
"cocer","cmaiz","JPN",0.0045
"cocer","cmaiz","KOR",0.0045
"cocer","cmaiz","MDA",0.0045
"cocer","cmaiz","MEX",0.0045
"cocer","cmaiz","NIC",0.0045
"cocer","cmaiz","NZL",0.0045
"cocer","cmaiz","OIO",0.0045
"cocer","cmaiz","OPO",0.0045
"cocer","cmaiz","PAK",0.0045
"cocer","cmaiz","PAN",0.0045
"cocer","cmaiz","POL",0.0045
"cocer","cmaiz","PRY",0.0045
"cocer","cmaiz","RAP",0.0045
"cocer","cmaiz","ROU",0.0045
"cocer","cmaiz","SAU",0.0045
"cocer","cmaiz","SLV",0.0045
"cocer","cmaiz","SVK",0.0045
"cocer","cmaiz","TUR",0.0045
"cocer","cmaiz","USA",0.0045
"cocer","cmaiz","YEM",0.0045
"cocer","cmaiz","ZAF",0.0045
"cocer","csorg","AUS",0.003
"cocer","cwhea","AUS",0.003
"cocer","cwhea","AUT",0.003
"cocer","cwhea","BLR",0.003
"cocer","cwhea","BLT",0.003
"cocer","cwhea","CAN",0.003
"cocer","cwhea","CHP",0.003
"cocer","cwhea","DEU",0.003
"cocer","cwhea","DNK",0.003
"cocer","cwhea","FNP",0.003
"cocer","cwhea","FRP",0.003
"cocer","cwhea","IRL",0.003
"cocer","cwhea","ISL",0.003
"cocer","cwhea","ITP",0.003
"cocer","cwhea","NLD",0.003
"cocer","cwhea","NOR",0.003
"cocer","cwhea","PRT",0.003
"cocer","cwhea","RUS",0.003
"cocer","cwhea","SPP",0.003
"cocer","cwhea","SWE",0.003
"cocer","cwhea","UKP",0.003
"cocer","cwhea","UKR",0.003
"cocer","ccass","ARG",0.003
"cocer","ccass","CHM",0.003
"cocer","ccass","COL",0.003
"cocer","ccass","FJI",0.003
"cocer","ccass","IDN",0.003
"cocer","ccass","JAM",0.003
"cocer","ccass","KEN",0.003
"cocer","ccass","MWI",0.003
"cocer","ccass","NGA",0.003
"cocer","ccass","OIO",0.003
"cocer","ccass","OPO",0.003
"cocer","ccass","PHL",0.003
"cocer","ccass","THA",0.003
"cocer","csugr","ARG",0.003
"cocer","csugr","AUS",0.003
"cocer","csugr","AUT",0.003
"cocer","csugr","BGR",0.003
"cocer","csugr","BLR",0.003
"cocer","csugr","BLT",0.003
"cocer","csugr","BOL",0.003
"cocer","csugr","BRA",0.003
"cocer","csugr","CHM",0.003
"cocer","csugr","COL",0.003
"cocer","csugr","CRB",0.003
"cocer","csugr","CRI",0.003
"cocer","csugr","CZE",0.003
"cocer","csugr","DEU",0.003
"cocer","csugr","DNK",0.003
"cocer","csugr","ECU",0.003
"cocer","csugr","EGY",0.003
"cocer","csugr","FJI",0.003
"cocer","csugr","FNP",0.003
"cocer","csugr","FRP",0.003
"cocer","csugr","GTM",0.003
"cocer","csugr","HND",0.003
"cocer","csugr","HTI",0.003
"cocer","csugr","HUN",0.003
"cocer","csugr","IDN",0.003
"cocer","csugr","IND",0.003
"cocer","csugr","IRN",0.003
"cocer","csugr","ITP",0.003
"cocer","csugr","KEN",0.003
"cocer","csugr","KOR",0.003
"cocer","csugr","MDA",0.003
"cocer","csugr","MEX",0.003
"cocer","csugr","NGA",0.003
"cocer","csugr","NIC",0.003
"cocer","csugr","NLD",0.003
"cocer","csugr","NZL",0.003
"cocer","csugr","OIO",0.003
"cocer","csugr","OPO",0.003
"cocer","csugr","PAK",0.003
"cocer","csugr","PAN",0.003
"cocer","csugr","POL",0.003
"cocer","csugr","PRY",0.003
"cocer","csugr","RAP",0.003
"cocer","csugr","ROU",0.003
"cocer","csugr","RUS",0.003
"cocer","csugr","SAU",0.003
"cocer","csugr","SLV",0.003
"cocer","csugr","SPP",0.003
"cocer","csugr","SVK",0.003
"cocer","csugr","SWE",0.003
"cocer","csugr","THA",0.003
"cocer","csugr","TUR",0.003
"cocer","csugr","UKR",0.003
"cocer","csugr","USA",0.003
"cocer","csugr","ZAF",0.003
"cocer","csugr","ZWE",0.003
"ccass","cmaiz","ARG",0.0045
"ccass","cmaiz","BGR",0.0045
"ccass","cmaiz","BLZ",0.0045
"ccass","cmaiz","BOL",0.0045
"ccass","cmaiz","CAN",0.0045
"ccass","cmaiz","CHM",0.0045
"ccass","cmaiz","COL",0.0045
"ccass","cmaiz","CRB",0.0045
"ccass","cmaiz","CRI",0.0045
"ccass","cmaiz","CUB",0.0045
"ccass","cmaiz","CZE",0.0045
"ccass","cmaiz","DOM",0.0045
"ccass","cmaiz","ECU",0.0045
"ccass","cmaiz","EGY",0.0045
"ccass","cmaiz","GTM",0.0045
"ccass","cmaiz","HND",0.0045
"ccass","cmaiz","HTI",0.0045
"ccass","cmaiz","HUN",0.0045
"ccass","cmaiz","IRN",0.0045
"ccass","cmaiz","JAM",0.0045
"ccass","cmaiz","JPN",0.0045
"ccass","cmaiz","KOR",0.0045
"ccass","cmaiz","MDA",0.0045
"ccass","cmaiz","MEX",0.0045
"ccass","cmaiz","NIC",0.0045
"ccass","cmaiz","NZL",0.0045
"ccass","cmaiz","OIO",0.0045
"ccass","cmaiz","OPO",0.0045
"ccass","cmaiz","PAK",0.0045
"ccass","cmaiz","PAN",0.0045
"ccass","cmaiz","POL",0.0045
"ccass","cmaiz","PRY",0.0045
"ccass","cmaiz","RAP",0.0045
"ccass","cmaiz","ROU",0.0045
"ccass","cmaiz","SAU",0.0045
"ccass","cmaiz","SLV",0.0045
"ccass","cmaiz","SVK",0.0045
"ccass","cmaiz","TUR",0.0045
"ccass","cmaiz","USA",0.0045
"ccass","cmaiz","YEM",0.0045
"ccass","cmaiz","ZAF",0.0045
"ccass","csorg","AUS",0.003
"ccass","cwhea","AUS",0.003
"ccass","cwhea","AUT",0.003
"ccass","cwhea","BLR",0.003
"ccass","cwhea","BLT",0.003
"ccass","cwhea","CAN",0.003
"ccass","cwhea","CHP",0.003
"ccass","cwhea","DEU",0.003
"ccass","cwhea","DNK",0.003
"ccass","cwhea","FNP",0.003
"ccass","cwhea","FRP",0.003
"ccass","cwhea","IRL",0.003
"ccass","cwhea","ISL",0.003
"ccass","cwhea","ITP",0.003
"ccass","cwhea","NLD",0.003
"ccass","cwhea","NOR",0.003
"ccass","cwhea","PRT",0.003
"ccass","cwhea","RUS",0.003
"ccass","cwhea","SPP",0.003
"ccass","cwhea","SWE",0.003
"ccass","cwhea","UKP",0.003
"ccass","cwhea","UKR",0.003
"ccass","ccass","ARG",-0.0875
"ccass","ccass","CHM",-0.0948575640265194
"ccass","ccass","COL",-0.075
"ccass","ccass","FJI",-0.065
"ccass","ccass","IDN",-0.10967407043752
"ccass","ccass","JAM",-0.065
"ccass","ccass","KEN",-0.183962923044957
"ccass","ccass","MWI",-0.189974757527023
"ccass","ccass","NGA",-0.18018876440681
"ccass","ccass","OIO",-0.065
"ccass","ccass","OPO",-0.065
"ccass","ccass","PHL",-0.0925
"ccass","ccass","THA",-0.0775
"ccass","csugr","ARG",0.003
"ccass","csugr","AUS",0.003
"ccass","csugr","AUT",0.003
"ccass","csugr","BGR",0.003
"ccass","csugr","BLR",0.003
"ccass","csugr","BLT",0.003
"ccass","csugr","BOL",0.003
"ccass","csugr","BRA",0.003
"ccass","csugr","CHM",0.003
"ccass","csugr","COL",0.003
"ccass","csugr","CRB",0.003
"ccass","csugr","CRI",0.003
"ccass","csugr","CZE",0.003
"ccass","csugr","DEU",0.003
"ccass","csugr","DNK",0.003
"ccass","csugr","ECU",0.003
"ccass","csugr","EGY",0.003
"ccass","csugr","FJI",0.003
"ccass","csugr","FNP",0.003
"ccass","csugr","FRP",0.003
"ccass","csugr","GTM",0.003
"ccass","csugr","HND",0.003
"ccass","csugr","HTI",0.003
"ccass","csugr","HUN",0.003
"ccass","csugr","IDN",0.003
"ccass","csugr","IND",0.003
"ccass","csugr","IRN",0.003
"ccass","csugr","ITP",0.003
"ccass","csugr","KEN",0.003
"ccass","csugr","KOR",0.003
"ccass","csugr","MDA",0.003
"ccass","csugr","MEX",0.003
"ccass","csugr","NGA",0.003
"ccass","csugr","NIC",0.003
"ccass","csugr","NLD",0.003
"ccass","csugr","NZL",0.003
"ccass","csugr","OIO",0.003
"ccass","csugr","OPO",0.003
"ccass","csugr","PAK",0.003
"ccass","csugr","PAN",0.003
"ccass","csugr","POL",0.003
"ccass","csugr","PRY",0.003
"ccass","csugr","RAP",0.003
"ccass","csugr","ROU",0.003
"ccass","csugr","RUS",0.003
"ccass","csugr","SAU",0.003
"ccass","csugr","SLV",0.003
"ccass","csugr","SPP",0.003
"ccass","csugr","SVK",0.003
"ccass","csugr","SWE",0.003
"ccass","csugr","THA",0.003
"ccass","csugr","TUR",0.003
"ccass","csugr","UKR",0.003
"ccass","csugr","USA",0.003
"ccass","csugr","ZAF",0.003
"ccass","csugr","ZWE",0.003
"cpota","cmaiz","ARG",0.0045
"cpota","cmaiz","BGR",0.0045
"cpota","cmaiz","BLZ",0.0045
"cpota","cmaiz","BOL",0.0045
"cpota","cmaiz","CAN",0.0045
"cpota","cmaiz","CHM",0.0045
"cpota","cmaiz","COL",0.0045
"cpota","cmaiz","CRB",0.0045
"cpota","cmaiz","CRI",0.0045
"cpota","cmaiz","CUB",0.0045
"cpota","cmaiz","CZE",0.0045
"cpota","cmaiz","DOM",0.0045
"cpota","cmaiz","ECU",0.0045
"cpota","cmaiz","EGY",0.0045
"cpota","cmaiz","GTM",0.0045
"cpota","cmaiz","HND",0.0045
"cpota","cmaiz","HTI",0.0045
"cpota","cmaiz","HUN",0.0045
"cpota","cmaiz","IRN",0.0045
"cpota","cmaiz","JAM",0.0045
"cpota","cmaiz","JPN",0.0045
"cpota","cmaiz","KOR",0.0045
"cpota","cmaiz","MDA",0.0045
"cpota","cmaiz","MEX",0.0045
"cpota","cmaiz","NIC",0.0045
"cpota","cmaiz","NZL",0.0045
"cpota","cmaiz","OIO",0.0045
"cpota","cmaiz","OPO",0.0045
"cpota","cmaiz","PAK",0.0045
"cpota","cmaiz","PAN",0.0045
"cpota","cmaiz","POL",0.0045
"cpota","cmaiz","PRY",0.0045
"cpota","cmaiz","RAP",0.0045
"cpota","cmaiz","ROU",0.0045
"cpota","cmaiz","SAU",0.0045
"cpota","cmaiz","SLV",0.0045
"cpota","cmaiz","SVK",0.0045
"cpota","cmaiz","TUR",0.0045
"cpota","cmaiz","USA",0.0045
"cpota","cmaiz","YEM",0.0045
"cpota","cmaiz","ZAF",0.0045
"cpota","csorg","AUS",0.003
"cpota","cwhea","AUS",0.003
"cpota","cwhea","AUT",0.003
"cpota","cwhea","BLR",0.003
"cpota","cwhea","BLT",0.003
"cpota","cwhea","CAN",0.003
"cpota","cwhea","CHP",0.003
"cpota","cwhea","DEU",0.003
"cpota","cwhea","DNK",0.003
"cpota","cwhea","FNP",0.003
"cpota","cwhea","FRP",0.003
"cpota","cwhea","IRL",0.003
"cpota","cwhea","ISL",0.003
"cpota","cwhea","ITP",0.003
"cpota","cwhea","NLD",0.003
"cpota","cwhea","NOR",0.003
"cpota","cwhea","PRT",0.003
"cpota","cwhea","RUS",0.003
"cpota","cwhea","SPP",0.003
"cpota","cwhea","SWE",0.003
"cpota","cwhea","UKP",0.003
"cpota","cwhea","UKR",0.003
"cpota","ccass","ARG",0.003
"cpota","ccass","CHM",0.003
"cpota","ccass","COL",0.003
"cpota","ccass","FJI",0.003
"cpota","ccass","IDN",0.003
"cpota","ccass","JAM",0.003
"cpota","ccass","KEN",0.003
"cpota","ccass","MWI",0.003
"cpota","ccass","NGA",0.003
"cpota","ccass","OIO",0.003
"cpota","ccass","OPO",0.003
"cpota","ccass","PHL",0.003
"cpota","ccass","THA",0.003
"cpota","csugr","ARG",0.003
"cpota","csugr","AUS",0.003
"cpota","csugr","AUT",0.003
"cpota","csugr","BGR",0.003
"cpota","csugr","BLR",0.003
"cpota","csugr","BLT",0.003
"cpota","csugr","BOL",0.003
"cpota","csugr","BRA",0.003
"cpota","csugr","CHM",0.003
"cpota","csugr","COL",0.003
"cpota","csugr","CRB",0.003
"cpota","csugr","CRI",0.003
"cpota","csugr","CZE",0.003
"cpota","csugr","DEU",0.003
"cpota","csugr","DNK",0.003
"cpota","csugr","ECU",0.003
"cpota","csugr","EGY",0.003
"cpota","csugr","FJI",0.003
"cpota","csugr","FNP",0.003
"cpota","csugr","FRP",0.003
"cpota","csugr","GTM",0.003
"cpota","csugr","HND",0.003
"cpota","csugr","HTI",0.003
"cpota","csugr","HUN",0.003
"cpota","csugr","IDN",0.003
"cpota","csugr","IND",0.003
"cpota","csugr","IRN",0.003
"cpota","csugr","ITP",0.003
"cpota","csugr","KEN",0.003
"cpota","csugr","KOR",0.003
"cpota","csugr","MDA",0.003
"cpota","csugr","MEX",0.003
"cpota","csugr","NGA",0.003
"cpota","csugr","NIC",0.003
"cpota","csugr","NLD",0.003
"cpota","csugr","NZL",0.003
"cpota","csugr","OIO",0.003
"cpota","csugr","OPO",0.003
"cpota","csugr","PAK",0.003
"cpota","csugr","PAN",0.003
"cpota","csugr","POL",0.003
"cpota","csugr","PRY",0.003
"cpota","csugr","RAP",0.003
"cpota","csugr","ROU",0.003
"cpota","csugr","RUS",0.003
"cpota","csugr","SAU",0.003
"cpota","csugr","SLV",0.003
"cpota","csugr","SPP",0.003
"cpota","csugr","SVK",0.003
"cpota","csugr","SWE",0.003
"cpota","csugr","THA",0.003
"cpota","csugr","TUR",0.003
"cpota","csugr","UKR",0.003
"cpota","csugr","USA",0.003
"cpota","csugr","ZAF",0.003
"cpota","csugr","ZWE",0.003
"cswpt","cmaiz","ARG",0.0045
"cswpt","cmaiz","BGR",0.0045
"cswpt","cmaiz","BLZ",0.0045
"cswpt","cmaiz","BOL",0.0045
"cswpt","cmaiz","CAN",0.0045
"cswpt","cmaiz","CHM",0.0045
"cswpt","cmaiz","COL",0.0045
"cswpt","cmaiz","CRB",0.0045
"cswpt","cmaiz","CRI",0.0045
"cswpt","cmaiz","CUB",0.0045
"cswpt","cmaiz","CZE",0.0045
"cswpt","cmaiz","DOM",0.0045
"cswpt","cmaiz","ECU",0.0045
"cswpt","cmaiz","EGY",0.0045
"cswpt","cmaiz","GTM",0.0045
"cswpt","cmaiz","HND",0.0045
"cswpt","cmaiz","HTI",0.0045
"cswpt","cmaiz","HUN",0.0045
"cswpt","cmaiz","IRN",0.0045
"cswpt","cmaiz","JAM",0.0045
"cswpt","cmaiz","JPN",0.0045
"cswpt","cmaiz","KOR",0.0045
"cswpt","cmaiz","MDA",0.0045
"cswpt","cmaiz","MEX",0.0045
"cswpt","cmaiz","NIC",0.0045
"cswpt","cmaiz","NZL",0.0045
"cswpt","cmaiz","OIO",0.0045
"cswpt","cmaiz","OPO",0.0045
"cswpt","cmaiz","PAK",0.0045
"cswpt","cmaiz","PAN",0.0045
"cswpt","cmaiz","POL",0.0045
"cswpt","cmaiz","PRY",0.0045
"cswpt","cmaiz","RAP",0.0045
"cswpt","cmaiz","ROU",0.0045
"cswpt","cmaiz","SAU",0.0045
"cswpt","cmaiz","SLV",0.0045
"cswpt","cmaiz","SVK",0.0045
"cswpt","cmaiz","TUR",0.0045
"cswpt","cmaiz","USA",0.0045
"cswpt","cmaiz","YEM",0.0045
"cswpt","cmaiz","ZAF",0.0045
"cswpt","csorg","AUS",0.003
"cswpt","cwhea","AUS",0.003
"cswpt","cwhea","AUT",0.003
"cswpt","cwhea","BLR",0.003
"cswpt","cwhea","BLT",0.003
"cswpt","cwhea","CAN",0.003
"cswpt","cwhea","CHP",0.003
"cswpt","cwhea","DEU",0.003
"cswpt","cwhea","DNK",0.003
"cswpt","cwhea","FNP",0.003
"cswpt","cwhea","FRP",0.003
"cswpt","cwhea","IRL",0.003
"cswpt","cwhea","ISL",0.003
"cswpt","cwhea","ITP",0.003
"cswpt","cwhea","NLD",0.003
"cswpt","cwhea","NOR",0.003
"cswpt","cwhea","PRT",0.003
"cswpt","cwhea","RUS",0.003
"cswpt","cwhea","SPP",0.003
"cswpt","cwhea","SWE",0.003
"cswpt","cwhea","UKP",0.003
"cswpt","cwhea","UKR",0.003
"cswpt","ccass","ARG",0.003
"cswpt","ccass","CHM",0.003
"cswpt","ccass","COL",0.003
"cswpt","ccass","FJI",0.003
"cswpt","ccass","IDN",0.003
"cswpt","ccass","JAM",0.003
"cswpt","ccass","KEN",0.003
"cswpt","ccass","MWI",0.003
"cswpt","ccass","NGA",0.003
"cswpt","ccass","OIO",0.003
"cswpt","ccass","OPO",0.003
"cswpt","ccass","PHL",0.003
"cswpt","ccass","THA",0.003
"cswpt","csugr","ARG",0.003
"cswpt","csugr","AUS",0.003
"cswpt","csugr","AUT",0.003
"cswpt","csugr","BGR",0.003
"cswpt","csugr","BLR",0.003
"cswpt","csugr","BLT",0.003
"cswpt","csugr","BOL",0.003
"cswpt","csugr","BRA",0.003
"cswpt","csugr","CHM",0.003
"cswpt","csugr","COL",0.003
"cswpt","csugr","CRB",0.003
"cswpt","csugr","CRI",0.003
"cswpt","csugr","CZE",0.003
"cswpt","csugr","DEU",0.003
"cswpt","csugr","DNK",0.003
"cswpt","csugr","ECU",0.003
"cswpt","csugr","EGY",0.003
"cswpt","csugr","FJI",0.003
"cswpt","csugr","FNP",0.003
"cswpt","csugr","FRP",0.003
"cswpt","csugr","GTM",0.003
"cswpt","csugr","HND",0.003
"cswpt","csugr","HTI",0.003
"cswpt","csugr","HUN",0.003
"cswpt","csugr","IDN",0.003
"cswpt","csugr","IND",0.003
"cswpt","csugr","IRN",0.003
"cswpt","csugr","ITP",0.003
"cswpt","csugr","KEN",0.003
"cswpt","csugr","KOR",0.003
"cswpt","csugr","MDA",0.003
"cswpt","csugr","MEX",0.003
"cswpt","csugr","NGA",0.003
"cswpt","csugr","NIC",0.003
"cswpt","csugr","NLD",0.003
"cswpt","csugr","NZL",0.003
"cswpt","csugr","OIO",0.003
"cswpt","csugr","OPO",0.003
"cswpt","csugr","PAK",0.003
"cswpt","csugr","PAN",0.003
"cswpt","csugr","POL",0.003
"cswpt","csugr","PRY",0.003
"cswpt","csugr","RAP",0.003
"cswpt","csugr","ROU",0.003
"cswpt","csugr","RUS",0.003
"cswpt","csugr","SAU",0.003
"cswpt","csugr","SLV",0.003
"cswpt","csugr","SPP",0.003
"cswpt","csugr","SVK",0.003
"cswpt","csugr","SWE",0.003
"cswpt","csugr","THA",0.003
"cswpt","csugr","TUR",0.003
"cswpt","csugr","UKR",0.003
"cswpt","csugr","USA",0.003
"cswpt","csugr","ZAF",0.003
"cswpt","csugr","ZWE",0.003
"cyams","cmaiz","ARG",0.0045
"cyams","cmaiz","BGR",0.0045
"cyams","cmaiz","BLZ",0.0045
"cyams","cmaiz","BOL",0.0045
"cyams","cmaiz","CAN",0.0045
"cyams","cmaiz","CHM",0.0045
"cyams","cmaiz","COL",0.0045
"cyams","cmaiz","CRB",0.0045
"cyams","cmaiz","CRI",0.0045
"cyams","cmaiz","CUB",0.0045
"cyams","cmaiz","CZE",0.0045
"cyams","cmaiz","DOM",0.0045
"cyams","cmaiz","ECU",0.0045
"cyams","cmaiz","EGY",0.0045
"cyams","cmaiz","GTM",0.0045
"cyams","cmaiz","HND",0.0045
"cyams","cmaiz","HTI",0.0045
"cyams","cmaiz","HUN",0.0045
"cyams","cmaiz","IRN",0.0045
"cyams","cmaiz","JAM",0.0045
"cyams","cmaiz","JPN",0.0045
"cyams","cmaiz","KOR",0.0045
"cyams","cmaiz","MDA",0.0045
"cyams","cmaiz","MEX",0.0045
"cyams","cmaiz","NIC",0.0045
"cyams","cmaiz","NZL",0.0045
"cyams","cmaiz","OIO",0.0045
"cyams","cmaiz","OPO",0.0045
"cyams","cmaiz","PAK",0.0045
"cyams","cmaiz","PAN",0.0045
"cyams","cmaiz","POL",0.0045
"cyams","cmaiz","PRY",0.0045
"cyams","cmaiz","RAP",0.0045
"cyams","cmaiz","ROU",0.0045
"cyams","cmaiz","SAU",0.0045
"cyams","cmaiz","SLV",0.0045
"cyams","cmaiz","SVK",0.0045
"cyams","cmaiz","TUR",0.0045
"cyams","cmaiz","USA",0.0045
"cyams","cmaiz","YEM",0.0045
"cyams","cmaiz","ZAF",0.0045
"cyams","csorg","AUS",0.003
"cyams","cwhea","AUS",0.003
"cyams","cwhea","AUT",0.003
"cyams","cwhea","BLR",0.003
"cyams","cwhea","BLT",0.003
"cyams","cwhea","CAN",0.003
"cyams","cwhea","CHP",0.003
"cyams","cwhea","DEU",0.003
"cyams","cwhea","DNK",0.003
"cyams","cwhea","FNP",0.003
"cyams","cwhea","FRP",0.003
"cyams","cwhea","IRL",0.003
"cyams","cwhea","ISL",0.003
"cyams","cwhea","ITP",0.003
"cyams","cwhea","NLD",0.003
"cyams","cwhea","NOR",0.003
"cyams","cwhea","PRT",0.003
"cyams","cwhea","RUS",0.003
"cyams","cwhea","SPP",0.003
"cyams","cwhea","SWE",0.003
"cyams","cwhea","UKP",0.003
"cyams","cwhea","UKR",0.003
"cyams","ccass","ARG",0.003
"cyams","ccass","CHM",0.003
"cyams","ccass","COL",0.003
"cyams","ccass","FJI",0.003
"cyams","ccass","IDN",0.003
"cyams","ccass","JAM",0.003
"cyams","ccass","KEN",0.003
"cyams","ccass","MWI",0.003
"cyams","ccass","NGA",0.003
"cyams","ccass","OIO",0.003
"cyams","ccass","OPO",0.003
"cyams","ccass","PHL",0.003
"cyams","ccass","THA",0.003
"cyams","csugr","ARG",0.003
"cyams","csugr","AUS",0.003
"cyams","csugr","AUT",0.003
"cyams","csugr","BGR",0.003
"cyams","csugr","BLR",0.003
"cyams","csugr","BLT",0.003
"cyams","csugr","BOL",0.003
"cyams","csugr","BRA",0.003
"cyams","csugr","CHM",0.003
"cyams","csugr","COL",0.003
"cyams","csugr","CRB",0.003
"cyams","csugr","CRI",0.003
"cyams","csugr","CZE",0.003
"cyams","csugr","DEU",0.003
"cyams","csugr","DNK",0.003
"cyams","csugr","ECU",0.003
"cyams","csugr","EGY",0.003
"cyams","csugr","FJI",0.003
"cyams","csugr","FNP",0.003
"cyams","csugr","FRP",0.003
"cyams","csugr","GTM",0.003
"cyams","csugr","HND",0.003
"cyams","csugr","HTI",0.003
"cyams","csugr","HUN",0.003
"cyams","csugr","IDN",0.003
"cyams","csugr","IND",0.003
"cyams","csugr","IRN",0.003
"cyams","csugr","ITP",0.003
"cyams","csugr","KEN",0.003
"cyams","csugr","KOR",0.003
"cyams","csugr","MDA",0.003
"cyams","csugr","MEX",0.003
"cyams","csugr","NGA",0.003
"cyams","csugr","NIC",0.003
"cyams","csugr","NLD",0.003
"cyams","csugr","NZL",0.003
"cyams","csugr","OIO",0.003
"cyams","csugr","OPO",0.003
"cyams","csugr","PAK",0.003
"cyams","csugr","PAN",0.003
"cyams","csugr","POL",0.003
"cyams","csugr","PRY",0.003
"cyams","csugr","RAP",0.003
"cyams","csugr","ROU",0.003
"cyams","csugr","RUS",0.003
"cyams","csugr","SAU",0.003
"cyams","csugr","SLV",0.003
"cyams","csugr","SPP",0.003
"cyams","csugr","SVK",0.003
"cyams","csugr","SWE",0.003
"cyams","csugr","THA",0.003
"cyams","csugr","TUR",0.003
"cyams","csugr","UKR",0.003
"cyams","csugr","USA",0.003
"cyams","csugr","ZAF",0.003
"cyams","csugr","ZWE",0.003
"corat","cmaiz","ARG",0.0045
"corat","cmaiz","BGR",0.0045
"corat","cmaiz","BLZ",0.0045
"corat","cmaiz","BOL",0.0045
"corat","cmaiz","CAN",0.0045
"corat","cmaiz","CHM",0.0045
"corat","cmaiz","COL",0.0045
"corat","cmaiz","CRB",0.0045
"corat","cmaiz","CRI",0.0045
"corat","cmaiz","CUB",0.0045
"corat","cmaiz","CZE",0.0045
"corat","cmaiz","DOM",0.0045
"corat","cmaiz","ECU",0.0045
"corat","cmaiz","EGY",0.0045
"corat","cmaiz","GTM",0.0045
"corat","cmaiz","HND",0.0045
"corat","cmaiz","HTI",0.0045
"corat","cmaiz","HUN",0.0045
"corat","cmaiz","IRN",0.0045
"corat","cmaiz","JAM",0.0045
"corat","cmaiz","JPN",0.0045
"corat","cmaiz","KOR",0.0045
"corat","cmaiz","MDA",0.0045
"corat","cmaiz","MEX",0.0045
"corat","cmaiz","NIC",0.0045
"corat","cmaiz","NZL",0.0045
"corat","cmaiz","OIO",0.0045
"corat","cmaiz","OPO",0.0045
"corat","cmaiz","PAK",0.0045
"corat","cmaiz","PAN",0.0045
"corat","cmaiz","POL",0.0045
"corat","cmaiz","PRY",0.0045
"corat","cmaiz","RAP",0.0045
"corat","cmaiz","ROU",0.0045
"corat","cmaiz","SAU",0.0045
"corat","cmaiz","SLV",0.0045
"corat","cmaiz","SVK",0.0045
"corat","cmaiz","TUR",0.0045
"corat","cmaiz","USA",0.0045
"corat","cmaiz","YEM",0.0045
"corat","cmaiz","ZAF",0.0045
"corat","csorg","AUS",0.003
"corat","cwhea","AUS",0.003
"corat","cwhea","AUT",0.003
"corat","cwhea","BLR",0.003
"corat","cwhea","BLT",0.003
"corat","cwhea","CAN",0.003
"corat","cwhea","CHP",0.003
"corat","cwhea","DEU",0.003
"corat","cwhea","DNK",0.003
"corat","cwhea","FNP",0.003
"corat","cwhea","FRP",0.003
"corat","cwhea","IRL",0.003
"corat","cwhea","ISL",0.003
"corat","cwhea","ITP",0.003
"corat","cwhea","NLD",0.003
"corat","cwhea","NOR",0.003
"corat","cwhea","PRT",0.003
"corat","cwhea","RUS",0.003
"corat","cwhea","SPP",0.003
"corat","cwhea","SWE",0.003
"corat","cwhea","UKP",0.003
"corat","cwhea","UKR",0.003
"corat","ccass","ARG",0.003
"corat","ccass","CHM",0.003
"corat","ccass","COL",0.003
"corat","ccass","FJI",0.003
"corat","ccass","IDN",0.003
"corat","ccass","JAM",0.003
"corat","ccass","KEN",0.003
"corat","ccass","MWI",0.003
"corat","ccass","NGA",0.003
"corat","ccass","OIO",0.003
"corat","ccass","OPO",0.003
"corat","ccass","PHL",0.003
"corat","ccass","THA",0.003
"corat","csugr","ARG",0.003
"corat","csugr","AUS",0.003
"corat","csugr","AUT",0.003
"corat","csugr","BGR",0.003
"corat","csugr","BLR",0.003
"corat","csugr","BLT",0.003
"corat","csugr","BOL",0.003
"corat","csugr","BRA",0.003
"corat","csugr","CHM",0.003
"corat","csugr","COL",0.003
"corat","csugr","CRB",0.003
"corat","csugr","CRI",0.003
"corat","csugr","CZE",0.003
"corat","csugr","DEU",0.003
"corat","csugr","DNK",0.003
"corat","csugr","ECU",0.003
"corat","csugr","EGY",0.003
"corat","csugr","FJI",0.003
"corat","csugr","FNP",0.003
"corat","csugr","FRP",0.003
"corat","csugr","GTM",0.003
"corat","csugr","HND",0.003
"corat","csugr","HTI",0.003
"corat","csugr","HUN",0.003
"corat","csugr","IDN",0.003
"corat","csugr","IND",0.003
"corat","csugr","IRN",0.003
"corat","csugr","ITP",0.003
"corat","csugr","KEN",0.003
"corat","csugr","KOR",0.003
"corat","csugr","MDA",0.003
"corat","csugr","MEX",0.003
"corat","csugr","NGA",0.003
"corat","csugr","NIC",0.003
"corat","csugr","NLD",0.003
"corat","csugr","NZL",0.003
"corat","csugr","OIO",0.003
"corat","csugr","OPO",0.003
"corat","csugr","PAK",0.003
"corat","csugr","PAN",0.003
"corat","csugr","POL",0.003
"corat","csugr","PRY",0.003
"corat","csugr","RAP",0.003
"corat","csugr","ROU",0.003
"corat","csugr","RUS",0.003
"corat","csugr","SAU",0.003
"corat","csugr","SLV",0.003
"corat","csugr","SPP",0.003
"corat","csugr","SVK",0.003
"corat","csugr","SWE",0.003
"corat","csugr","THA",0.003
"corat","csugr","TUR",0.003
"corat","csugr","UKR",0.003
"corat","csugr","USA",0.003
"corat","csugr","ZAF",0.003
"corat","csugr","ZWE",0.003
"cplnt","cmaiz","ARG",0.0045
"cplnt","cmaiz","BGR",0.00393394834812049
"cplnt","cmaiz","BLZ",0.003774504258126
"cplnt","cmaiz","BOL",0.00378686898417411
"cplnt","cmaiz","CAN",0.0045
"cplnt","cmaiz","CHM",0.0045
"cplnt","cmaiz","COL",0.00216589658549665
"cplnt","cmaiz","CRB",0.00173008354967485
"cplnt","cmaiz","CRI",0.003774504258126
"cplnt","cmaiz","CUB",0.003774504258126
"cplnt","cmaiz","CZE",0.00393394834812049
"cplnt","cmaiz","DOM",0.003774504258126
"cplnt","cmaiz","ECU",0.00378233782555398
"cplnt","cmaiz","EGY",0.0045
"cplnt","cmaiz","GTM",0.003774504258126
"cplnt","cmaiz","HND",0.003774504258126
"cplnt","cmaiz","HTI",0.003774504258126
"cplnt","cmaiz","HUN",0.00393394834812049
"cplnt","cmaiz","IRN",0.0045
"cplnt","cmaiz","JAM",0.00173008354967485
"cplnt","cmaiz","JPN",0.00445644682970153
"cplnt","cmaiz","KOR",0.0045
"cplnt","cmaiz","MDA",0.00393394834812049
"cplnt","cmaiz","MEX",0.0045
"cplnt","cmaiz","NIC",0.003774504258126
"cplnt","cmaiz","NZL",0.0045
"cplnt","cmaiz","OIO",0.00173008354967485
"cplnt","cmaiz","OPO",0.00173008354967485
"cplnt","cmaiz","PAK",0.0045
"cplnt","cmaiz","PAN",0.003774504258126
"cplnt","cmaiz","POL",0.00395140441224119
"cplnt","cmaiz","PRY",0.00378686898417411
"cplnt","cmaiz","RAP",0.0045
"cplnt","cmaiz","ROU",0.00393394834812049
"cplnt","cmaiz","SAU",0.0045
"cplnt","cmaiz","SLV",0.003774504258126
"cplnt","cmaiz","SVK",0.00393394834812049
"cplnt","cmaiz","TUR",0.0045
"cplnt","cmaiz","USA",0.0045
"cplnt","cmaiz","YEM",0.0045
"cplnt","cmaiz","ZAF",0.0045
"cplnt","csorg","AUS",0.003
"cplnt","cwhea","AUS",0.003
"cplnt","cwhea","AUT",0.003
"cplnt","cwhea","BLR",0.00171413443475726
"cplnt","cwhea","BLT",0.00171413443475726
"cplnt","cwhea","CAN",0.003
"cplnt","cwhea","CHP",0.003
"cplnt","cwhea","DEU",0.003
"cplnt","cwhea","DNK",0.003
"cplnt","cwhea","FNP",0.003
"cplnt","cwhea","FRP",0.003
"cplnt","cwhea","IRL",0.003
"cplnt","cwhea","ISL",0.003
"cplnt","cwhea","ITP",0.003
"cplnt","cwhea","NLD",0.003
"cplnt","cwhea","NOR",0.003
"cplnt","cwhea","PRT",0.003
"cplnt","cwhea","RUS",0.00171598324508893
"cplnt","cwhea","SPP",0.003
"cplnt","cwhea","SWE",0.003
"cplnt","cwhea","UKP",0.003
"cplnt","cwhea","UKR",0.00171538930849367
"cplnt","ccass","ARG",0.003
"cplnt","ccass","CHM",0.003
"cplnt","ccass","COL",0.00144393105699777
"cplnt","ccass","FJI",0.00115338903311657
"cplnt","ccass","IDN",0.003
"cplnt","ccass","JAM",0.00115338903311657
"cplnt","ccass","KEN",0.003
"cplnt","ccass","MWI",0.003
"cplnt","ccass","NGA",0.003
"cplnt","ccass","OIO",0.00115338903311657
"cplnt","ccass","OPO",0.00115338903311657
"cplnt","ccass","PHL",0.003
"cplnt","ccass","THA",0.003
"cplnt","csugr","ARG",0.003
"cplnt","csugr","AUS",0.003
"cplnt","csugr","AUT",0.003
"cplnt","csugr","BGR",0.00262263223208033
"cplnt","csugr","BLR",0.00171413443475726
"cplnt","csugr","BLT",0.00171413443475726
"cplnt","csugr","BOL",0.00252457932278274
"cplnt","csugr","BRA",0.003
"cplnt","csugr","CHM",0.003
"cplnt","csugr","COL",0.00144393105699777
"cplnt","csugr","CRB",0.00115338903311657
"cplnt","csugr","CRI",0.002516336172084
"cplnt","csugr","CZE",0.00262263223208033
"cplnt","csugr","DEU",0.003
"cplnt","csugr","DNK",0.003
"cplnt","csugr","ECU",0.00252155855036932
"cplnt","csugr","EGY",0.003
"cplnt","csugr","FJI",0.00115338903311657
"cplnt","csugr","FNP",0.003
"cplnt","csugr","FRP",0.003
"cplnt","csugr","GTM",0.002516336172084
"cplnt","csugr","HND",0.002516336172084
"cplnt","csugr","HTI",0.002516336172084
"cplnt","csugr","HUN",0.00262263223208033
"cplnt","csugr","IDN",0.003
"cplnt","csugr","IND",0.003
"cplnt","csugr","IRN",0.003
"cplnt","csugr","ITP",0.003
"cplnt","csugr","KEN",0.003
"cplnt","csugr","KOR",0.003
"cplnt","csugr","MDA",0.00262263223208033
"cplnt","csugr","MEX",0.003
"cplnt","csugr","NGA",0.003
"cplnt","csugr","NIC",0.002516336172084
"cplnt","csugr","NLD",0.003
"cplnt","csugr","NZL",0.003
"cplnt","csugr","OIO",0.00115338903311657
"cplnt","csugr","OPO",0.00115338903311657
"cplnt","csugr","PAK",0.003
"cplnt","csugr","PAN",0.002516336172084
"cplnt","csugr","POL",0.0026342696081608
"cplnt","csugr","PRY",0.00252457932278274
"cplnt","csugr","RAP",0.003
"cplnt","csugr","ROU",0.00262263223208033
"cplnt","csugr","RUS",0.00171598324508893
"cplnt","csugr","SAU",0.003
"cplnt","csugr","SLV",0.002516336172084
"cplnt","csugr","SPP",0.003
"cplnt","csugr","SVK",0.00262263223208033
"cplnt","csugr","SWE",0.003
"cplnt","csugr","THA",0.003
"cplnt","csugr","TUR",0.003
"cplnt","csugr","UKR",0.00171538930849367
"cplnt","csugr","USA",0.003
"cplnt","csugr","ZAF",0.003
"cplnt","csugr","ZWE",0.003
"csugr","cmaiz","ARG",0.0045
"csugr","cmaiz","BGR",0.0045
"csugr","cmaiz","BLZ",0.0045
"csugr","cmaiz","BOL",0.0045
"csugr","cmaiz","CAN",0.0045
"csugr","cmaiz","CHM",0.0045
"csugr","cmaiz","COL",0.0045
"csugr","cmaiz","CRB",0.0045
"csugr","cmaiz","CRI",0.0045
"csugr","cmaiz","CUB",0.0045
"csugr","cmaiz","CZE",0.0045
"csugr","cmaiz","DOM",0.0045
"csugr","cmaiz","ECU",0.0045
"csugr","cmaiz","EGY",0.0045
"csugr","cmaiz","GTM",0.0045
"csugr","cmaiz","HND",0.0045
"csugr","cmaiz","HTI",0.0045
"csugr","cmaiz","HUN",0.0045
"csugr","cmaiz","IRN",0.0045
"csugr","cmaiz","JAM",0.0045
"csugr","cmaiz","JPN",0.0045
"csugr","cmaiz","KOR",0.0045
"csugr","cmaiz","MDA",0.0045
"csugr","cmaiz","MEX",0.0045
"csugr","cmaiz","NIC",0.0045
"csugr","cmaiz","NZL",0.0045
"csugr","cmaiz","OIO",0.0045
"csugr","cmaiz","OPO",0.0045
"csugr","cmaiz","PAK",0.0045
"csugr","cmaiz","PAN",0.0045
"csugr","cmaiz","POL",0.0045
"csugr","cmaiz","PRY",0.0045
"csugr","cmaiz","RAP",0.0045
"csugr","cmaiz","ROU",0.0045
"csugr","cmaiz","SAU",0.0045
"csugr","cmaiz","SLV",0.0045
"csugr","cmaiz","SVK",0.0045
"csugr","cmaiz","TUR",0.0045
"csugr","cmaiz","USA",0.0045
"csugr","cmaiz","YEM",0.0045
"csugr","cmaiz","ZAF",0.0045
"csugr","csorg","AUS",0.003
"csugr","cwhea","AUS",0.003
"csugr","cwhea","AUT",0.003
"csugr","cwhea","BLR",0.003
"csugr","cwhea","BLT",0.003
"csugr","cwhea","CAN",0.003
"csugr","cwhea","CHP",0.003
"csugr","cwhea","DEU",0.003
"csugr","cwhea","DNK",0.003
"csugr","cwhea","FNP",0.003
"csugr","cwhea","FRP",0.003
"csugr","cwhea","IRL",0.003
"csugr","cwhea","ISL",0.003
"csugr","cwhea","ITP",0.003
"csugr","cwhea","NLD",0.003
"csugr","cwhea","NOR",0.003
"csugr","cwhea","PRT",0.003
"csugr","cwhea","RUS",0.003
"csugr","cwhea","SPP",0.003
"csugr","cwhea","SWE",0.003
"csugr","cwhea","UKP",0.003
"csugr","cwhea","UKR",0.003
"csugr","ccass","ARG",0.003
"csugr","ccass","CHM",0.003
"csugr","ccass","COL",0.003
"csugr","ccass","FJI",0.003
"csugr","ccass","IDN",0.003
"csugr","ccass","JAM",0.003
"csugr","ccass","KEN",0.003
"csugr","ccass","MWI",0.003
"csugr","ccass","NGA",0.003
"csugr","ccass","OIO",0.003
"csugr","ccass","OPO",0.003
"csugr","ccass","PHL",0.003
"csugr","ccass","THA",0.003
"csugr","csugr","ARG",-0.0897357110432791
"csugr","csugr","AUS",-0.121388417436073
"csugr","csugr","AUT",-0.134222444651705
"csugr","csugr","BGR",-0.117388883130547
"csugr","csugr","BLR",-0.191382074442376
"csugr","csugr","BLT",-0.191382074442376
"csugr","csugr","BOL",-0.16519612931874
"csugr","csugr","BRA",-0.126350921465949
"csugr","csugr","CHM",-0.199816090845495
"csugr","csugr","COL",-0.202868453994863
"csugr","csugr","CRB",-0.13885565282731
"csugr","csugr","CRI",-0.16472981483083
"csugr","csugr","CZE",-0.117388883130547
"csugr","csugr","DEU",-0.134264056350367
"csugr","csugr","DNK",-0.134074519049461
"csugr","csugr","ECU",-0.165025466334184
"csugr","csugr","EGY",-0.207745868071778
"csugr","csugr","FJI",-0.13885565282731
"csugr","csugr","FNP",-0.134074519049461
"csugr","csugr","FRP",-0.134149343713592
"csugr","csugr","GTM",-0.16472981483083
"csugr","csugr","HND",-0.16472981483083
"csugr","csugr","HTI",-0.16472981483083
"csugr","csugr","HUN",-0.117388883130547
"csugr","csugr","IDN",-0.188751775554796
"csugr","csugr","IND",-0.175865338074709
"csugr","csugr","IRN",-0.185026993368363
"csugr","csugr","ITP",-0.13439442254097
"csugr","csugr","KEN",-0.11687599084852
"csugr","csugr","KOR",-0.225495047446015
"csugr","csugr","MDA",-0.117388883130547
"csugr","csugr","MEX",-0.180689521195318
"csugr","csugr","NGA",-0.316080287503893
"csugr","csugr","NIC",-0.16472981483083
"csugr","csugr","NLD",-0.134353291417823
"csugr","csugr","NZL",-0.104086332157522
"csugr","csugr","OIO",-0.13885565282731
"csugr","csugr","OPO",-0.13885565282731
"csugr","csugr","PAK",-0.200460722352153
"csugr","csugr","PAN",-0.16472981483083
"csugr","csugr","POL",-0.117475596368037
"csugr","csugr","PRY",-0.16519612931874
"csugr","csugr","RAP",-0.185593227636656
"csugr","csugr","ROU",-0.117388883130547
"csugr","csugr","RUS",-0.191113465009737
"csugr","csugr","SAU",-0.185593227636656
"csugr","csugr","SLV",-0.16472981483083
"csugr","csugr","SPP",-0.134027986694526
"csugr","csugr","SVK",-0.117388883130547
"csugr","csugr","SWE",-0.134074519049461
"csugr","csugr","THA",-0.173776560281937
"csugr","csugr","TUR",-0.180423376119121
"csugr","csugr","UKR",-0.191081974158262
"csugr","csugr","USA",-0.181216863788697
"csugr","csugr","ZAF",-0.104054719966361
"csugr","csugr","ZWE",-0.193767653106309
"cgrnd","crpol","AUT",0.003
"cgrnd","crpol","BGR",0.003
"cgrnd","crpol","BLR",0.003
"cgrnd","crpol","BLT",0.003
"cgrnd","crpol","CAN",0.003
"cgrnd","crpol","CHP",0.003
"cgrnd","crpol","CZE",0.003
"cgrnd","crpol","DEU",0.003
"cgrnd","crpol","DNK",0.003
"cgrnd","crpol","FNP",0.003
"cgrnd","crpol","FRP",0.003
"cgrnd","crpol","GRC",0.003
"cgrnd","crpol","HUN",0.003
"cgrnd","crpol","IRL",0.003
"cgrnd","crpol","ISL",0.003
"cgrnd","crpol","ITP",0.003
"cgrnd","crpol","MDA",0.003
"cgrnd","crpol","NOR",0.003
"cgrnd","crpol","OBN",0.003
"cgrnd","crpol","POL",0.003
"cgrnd","crpol","PRT",0.003
"cgrnd","crpol","ROU",0.003
"cgrnd","crpol","SPP",0.003
"cgrnd","crpol","SVK",0.003
"cgrnd","crpol","SVN",0.003
"cgrnd","crpol","SWE",0.003
"cgrnd","crpol","UKP",0.003
"cgrnd","csbol","AUT",0.003
"cgrnd","csbol","BGR",0.003
"cgrnd","csbol","BLR",0.003
"cgrnd","csbol","BRA",0.003
"cgrnd","csbol","CYP",0.003
"cgrnd","csbol","CZE",0.003
"cgrnd","csbol","DEU",0.003
"cgrnd","csbol","DNK",0.003
"cgrnd","csbol","FNP",0.003
"cgrnd","csbol","GRC",0.003
"cgrnd","csbol","HRV",0.003
"cgrnd","csbol","IRL",0.003
"cgrnd","csbol","ISL",0.003
"cgrnd","csbol","ITP",0.003
"cgrnd","csbol","NOR",0.003
"cgrnd","csbol","OBN",0.003
"cgrnd","csbol","POL",0.003
"cgrnd","csbol","PRT",0.003
"cgrnd","csbol","ROU",0.003
"cgrnd","csbol","SPP",0.003
"cgrnd","csbol","SVN",0.003
"cgrnd","csbol","SWE",0.003
"cgrnd","csbol","UKP",0.003
"cgrnd","csbol","USA",0.003
"cgrnd","csfol","ALB",0.003
"cgrnd","csfol","AUT",0.003
"cgrnd","csfol","BGR",0.003
"cgrnd","csfol","BLR",0.003
"cgrnd","csfol","BLT",0.003
"cgrnd","csfol","CHP",0.003
"cgrnd","csfol","CYP",0.003
"cgrnd","csfol","CZE",0.003
"cgrnd","csfol","DNK",0.003
"cgrnd","csfol","GRC",0.003
"cgrnd","csfol","HRV",0.003
"cgrnd","csfol","HUN",0.003
"cgrnd","csfol","ITP",0.003
"cgrnd","csfol","OBN",0.003
"cgrnd","csfol","PRT",0.003
"cgrnd","csfol","ROU",0.003
"cgrnd","csfol","SPP",0.003
"cgrnd","csfol","SVK",0.003
"cgrnd","csfol","SVN",0.003
"cgrnd","csfol","UKP",0.003
"cgrnd","cplol","CRB",0.003
"cgrnd","cplol","CRI",0.003
"cgrnd","cplol","DOM",0.003
"cgrnd","cplol","ECU",0.003
"cgrnd","cplol","FJI",0.003
"cgrnd","cplol","GTM",0.003
"cgrnd","cplol","HND",0.003
"cgrnd","cplol","HTI",0.003
"cgrnd","cplol","IDN",0.003
"cgrnd","cplol","JAM",0.003
"cgrnd","cplol","KOR",0.003
"cgrnd","cplol","MYS",0.003
"cgrnd","cplol","NIC",0.003
"cgrnd","cplol","OIO",0.003
"cgrnd","cplol","OPO",0.003
"cgrnd","cplol","PAK",0.003
"cgrnd","cplol","PAN",0.003
"cgrnd","cplol","SLB",0.003
"cgrnd","cplol","SLV",0.003
"cgrnd","ctool","CHM",0.003
"cgrnd","ctool","IND",0.003
"cgrnd","ctool","PAK",0.003
"cgdol","crpol","AUT",0.015
"cgdol","crpol","BGR",0.015
"cgdol","crpol","BLR",0.015
"cgdol","crpol","BLT",0.015
"cgdol","crpol","CAN",0.015
"cgdol","crpol","CHP",0.015
"cgdol","crpol","CZE",0.015
"cgdol","crpol","DEU",0.015
"cgdol","crpol","DNK",0.015
"cgdol","crpol","FNP",0.015
"cgdol","crpol","FRP",0.015
"cgdol","crpol","GRC",0.015
"cgdol","crpol","HUN",0.015
"cgdol","crpol","IRL",0.015
"cgdol","crpol","ISL",0.015
"cgdol","crpol","ITP",0.015
"cgdol","crpol","MDA",0.015
"cgdol","crpol","NOR",0.015
"cgdol","crpol","OBN",0.015
"cgdol","crpol","POL",0.015
"cgdol","crpol","PRT",0.015
"cgdol","crpol","ROU",0.015
"cgdol","crpol","SPP",0.015
"cgdol","crpol","SVK",0.015
"cgdol","crpol","SVN",0.015
"cgdol","crpol","SWE",0.015
"cgdol","crpol","UKP",0.015
"cgdol","csbol","AUT",0.015
"cgdol","csbol","BGR",0.015
"cgdol","csbol","BLR",0.015
"cgdol","csbol","BRA",0.015
"cgdol","csbol","CYP",0.015
"cgdol","csbol","CZE",0.015
"cgdol","csbol","DEU",0.015
"cgdol","csbol","DNK",0.015
"cgdol","csbol","FNP",0.015
"cgdol","csbol","GRC",0.015
"cgdol","csbol","HRV",0.015
"cgdol","csbol","IRL",0.015
"cgdol","csbol","ISL",0.015
"cgdol","csbol","ITP",0.015
"cgdol","csbol","NOR",0.015
"cgdol","csbol","OBN",0.015
"cgdol","csbol","POL",0.015
"cgdol","csbol","PRT",0.015
"cgdol","csbol","ROU",0.015
"cgdol","csbol","SPP",0.015
"cgdol","csbol","SVN",0.015
"cgdol","csbol","SWE",0.015
"cgdol","csbol","UKP",0.015
"cgdol","csbol","USA",0.015
"cgdol","csfol","ALB",0.015
"cgdol","csfol","AUT",0.015
"cgdol","csfol","BGR",0.015
"cgdol","csfol","BLR",0.015
"cgdol","csfol","BLT",0.015
"cgdol","csfol","CHP",0.015
"cgdol","csfol","CYP",0.015
"cgdol","csfol","CZE",0.015
"cgdol","csfol","DNK",0.015
"cgdol","csfol","GRC",0.015
"cgdol","csfol","HRV",0.015
"cgdol","csfol","HUN",0.015
"cgdol","csfol","ITP",0.015
"cgdol","csfol","OBN",0.015
"cgdol","csfol","PRT",0.015
"cgdol","csfol","ROU",0.015
"cgdol","csfol","SPP",0.015
"cgdol","csfol","SVK",0.015
"cgdol","csfol","SVN",0.015
"cgdol","csfol","UKP",0.015
"cgdol","cplol","CRB",0.015
"cgdol","cplol","CRI",0.015
"cgdol","cplol","DOM",0.015
"cgdol","cplol","ECU",0.015
"cgdol","cplol","FJI",0.015
"cgdol","cplol","GTM",0.015
"cgdol","cplol","HND",0.015
"cgdol","cplol","HTI",0.015
"cgdol","cplol","IDN",0.015
"cgdol","cplol","JAM",0.015
"cgdol","cplol","KOR",0.015
"cgdol","cplol","MYS",0.015
"cgdol","cplol","NIC",0.015
"cgdol","cplol","OIO",0.015
"cgdol","cplol","OPO",0.015
"cgdol","cplol","PAK",0.015
"cgdol","cplol","PAN",0.015
"cgdol","cplol","SLB",0.015
"cgdol","cplol","SLV",0.015
"cgdol","ctool","CHM",0.015
"cgdol","ctool","IND",0.015
"cgdol","ctool","PAK",0.015
"crpol","crpol","AUT",-0.397124607711002
"crpol","crpol","BGR",-0.397919966831951
"crpol","crpol","BLR",-0.477208813855953
"crpol","crpol","BLT",-0.477208813855953
"crpol","crpol","CAN",-0.368
"crpol","crpol","CHP",-0.397124607711002
"crpol","crpol","CZE",-0.397919966831951
"crpol","crpol","DEU",-0.399597322837959
"crpol","crpol","DNK",-0.397117348465534
"crpol","crpol","FNP",-0.397117348465534
"crpol","crpol","FRP",-0.399401546604531
"crpol","crpol","GRC",-0.4
"crpol","crpol","HUN",-0.397919966831951
"crpol","crpol","IRL",-0.398759050120611
"crpol","crpol","ISL",-0.397117348465534
"crpol","crpol","ITP",-0.399819814469922
"crpol","crpol","MDA",-0.397919966831951
"crpol","crpol","NOR",-0.397117348465534
"crpol","crpol","OBN",-0.4
"crpol","crpol","POL",-0.398419435079893
"crpol","crpol","PRT",-0.39919443062531
"crpol","crpol","ROU",-0.397919966831951
"crpol","crpol","SPP",-0.39919443062531
"crpol","crpol","SVK",-0.397919966831951
"crpol","crpol","SVN",-0.4
"crpol","crpol","SWE",-0.397117348465534
"crpol","crpol","UKP",-0.398759050120611
"crpol","csbol","AUT",0.015
"crpol","csbol","BGR",0.015
"crpol","csbol","BLR",0.015
"crpol","csbol","BRA",0.015
"crpol","csbol","CYP",0.015
"crpol","csbol","CZE",0.015
"crpol","csbol","DEU",0.015
"crpol","csbol","DNK",0.015
"crpol","csbol","FNP",0.015
"crpol","csbol","GRC",0.015
"crpol","csbol","HRV",0.015
"crpol","csbol","IRL",0.015
"crpol","csbol","ISL",0.015
"crpol","csbol","ITP",0.015
"crpol","csbol","NOR",0.015
"crpol","csbol","OBN",0.015
"crpol","csbol","POL",0.015
"crpol","csbol","PRT",0.015
"crpol","csbol","ROU",0.015
"crpol","csbol","SPP",0.015
"crpol","csbol","SVN",0.015
"crpol","csbol","SWE",0.015
"crpol","csbol","UKP",0.015
"crpol","csbol","USA",0.015
"crpol","csfol","ALB",0.015
"crpol","csfol","AUT",0.015
"crpol","csfol","BGR",0.015
"crpol","csfol","BLR",0.015
"crpol","csfol","BLT",0.015
"crpol","csfol","CHP",0.015
"crpol","csfol","CYP",0.015
"crpol","csfol","CZE",0.015
"crpol","csfol","DNK",0.015
"crpol","csfol","GRC",0.015
"crpol","csfol","HRV",0.015
"crpol","csfol","HUN",0.015
"crpol","csfol","ITP",0.015
"crpol","csfol","OBN",0.015
"crpol","csfol","PRT",0.015
"crpol","csfol","ROU",0.015
"crpol","csfol","SPP",0.015
"crpol","csfol","SVK",0.015
"crpol","csfol","SVN",0.015
"crpol","csfol","UKP",0.015
"crpol","cplol","CRB",0.015
"crpol","cplol","CRI",0.015
"crpol","cplol","DOM",0.015
"crpol","cplol","ECU",0.015
"crpol","cplol","FJI",0.015
"crpol","cplol","GTM",0.015
"crpol","cplol","HND",0.015
"crpol","cplol","HTI",0.015
"crpol","cplol","IDN",0.015
"crpol","cplol","JAM",0.015
"crpol","cplol","KOR",0.015
"crpol","cplol","MYS",0.015
"crpol","cplol","NIC",0.015
"crpol","cplol","OIO",0.015
"crpol","cplol","OPO",0.015
"crpol","cplol","PAK",0.015
"crpol","cplol","PAN",0.015
"crpol","cplol","SLB",0.015
"crpol","cplol","SLV",0.015
"crpol","ctool","CHM",0.015
"crpol","ctool","IND",0.015
"crpol","ctool","PAK",0.015
"csoyb","crpol","AUT",0.003
"csoyb","crpol","BGR",0.003
"csoyb","crpol","BLR",0.003
"csoyb","crpol","BLT",0.003
"csoyb","crpol","CAN",0.003
"csoyb","crpol","CHP",0.003
"csoyb","crpol","CZE",0.003
"csoyb","crpol","DEU",0.003
"csoyb","crpol","DNK",0.003
"csoyb","crpol","FNP",0.003
"csoyb","crpol","FRP",0.003
"csoyb","crpol","GRC",0.003
"csoyb","crpol","HUN",0.003
"csoyb","crpol","IRL",0.003
"csoyb","crpol","ISL",0.003
"csoyb","crpol","ITP",0.003
"csoyb","crpol","MDA",0.003
"csoyb","crpol","NOR",0.003
"csoyb","crpol","OBN",0.003
"csoyb","crpol","POL",0.003
"csoyb","crpol","PRT",0.003
"csoyb","crpol","ROU",0.003
"csoyb","crpol","SPP",0.003
"csoyb","crpol","SVK",0.003
"csoyb","crpol","SVN",0.003
"csoyb","crpol","SWE",0.003
"csoyb","crpol","UKP",0.003
"csoyb","csbol","AUT",0.003
"csoyb","csbol","BGR",0.003
"csoyb","csbol","BLR",0.003
"csoyb","csbol","BRA",0.003
"csoyb","csbol","CYP",0.003
"csoyb","csbol","CZE",0.003
"csoyb","csbol","DEU",0.003
"csoyb","csbol","DNK",0.003
"csoyb","csbol","FNP",0.003
"csoyb","csbol","GRC",0.003
"csoyb","csbol","HRV",0.003
"csoyb","csbol","IRL",0.003
"csoyb","csbol","ISL",0.003
"csoyb","csbol","ITP",0.003
"csoyb","csbol","NOR",0.003
"csoyb","csbol","OBN",0.003
"csoyb","csbol","POL",0.003
"csoyb","csbol","PRT",0.003
"csoyb","csbol","ROU",0.003
"csoyb","csbol","SPP",0.003
"csoyb","csbol","SVN",0.003
"csoyb","csbol","SWE",0.003
"csoyb","csbol","UKP",0.003
"csoyb","csbol","USA",0.003
"csoyb","csfol","ALB",0.003
"csoyb","csfol","AUT",0.003
"csoyb","csfol","BGR",0.003
"csoyb","csfol","BLR",0.003
"csoyb","csfol","BLT",0.003
"csoyb","csfol","CHP",0.003
"csoyb","csfol","CYP",0.003
"csoyb","csfol","CZE",0.003
"csoyb","csfol","DNK",0.003
"csoyb","csfol","GRC",0.003
"csoyb","csfol","HRV",0.003
"csoyb","csfol","HUN",0.003
"csoyb","csfol","ITP",0.003
"csoyb","csfol","OBN",0.003
"csoyb","csfol","PRT",0.003
"csoyb","csfol","ROU",0.003
"csoyb","csfol","SPP",0.003
"csoyb","csfol","SVK",0.003
"csoyb","csfol","SVN",0.003
"csoyb","csfol","UKP",0.003
"csoyb","cplol","CRB",0.003
"csoyb","cplol","CRI",0.003
"csoyb","cplol","DOM",0.003
"csoyb","cplol","ECU",0.003
"csoyb","cplol","FJI",0.003
"csoyb","cplol","GTM",0.003
"csoyb","cplol","HND",0.003
"csoyb","cplol","HTI",0.003
"csoyb","cplol","IDN",0.003
"csoyb","cplol","JAM",0.003
"csoyb","cplol","KOR",0.003
"csoyb","cplol","MYS",0.003
"csoyb","cplol","NIC",0.003
"csoyb","cplol","OIO",0.003
"csoyb","cplol","OPO",0.003
"csoyb","cplol","PAK",0.003
"csoyb","cplol","PAN",0.003
"csoyb","cplol","SLB",0.003
"csoyb","cplol","SLV",0.003
"csoyb","ctool","CHM",0.003
"csoyb","ctool","IND",0.003
"csoyb","ctool","PAK",0.003
"csbol","crpol","AUT",0.015
"csbol","crpol","BGR",0.015
"csbol","crpol","BLR",0.015
"csbol","crpol","BLT",0.015
"csbol","crpol","CAN",0.015
"csbol","crpol","CHP",0.015
"csbol","crpol","CZE",0.015
"csbol","crpol","DEU",0.015
"csbol","crpol","DNK",0.015
"csbol","crpol","FNP",0.015
"csbol","crpol","FRP",0.015
"csbol","crpol","GRC",0.015
"csbol","crpol","HUN",0.015
"csbol","crpol","IRL",0.015
"csbol","crpol","ISL",0.015
"csbol","crpol","ITP",0.015
"csbol","crpol","MDA",0.015
"csbol","crpol","NOR",0.015
"csbol","crpol","OBN",0.015
"csbol","crpol","POL",0.015
"csbol","crpol","PRT",0.015
"csbol","crpol","ROU",0.015
"csbol","crpol","SPP",0.015
"csbol","crpol","SVK",0.015
"csbol","crpol","SVN",0.015
"csbol","crpol","SWE",0.015
"csbol","crpol","UKP",0.015
"csbol","csbol","AUT",-0.248202879819376
"csbol","csbol","BGR",-0.24869997926997
"csbol","csbol","BLR",-0.298255508659971
"csbol","csbol","BRA",-0.373929020418816
"csbol","csbol","CYP",-0.334247606214262
"csbol","csbol","CZE",-0.24869997926997
"csbol","csbol","DEU",-0.249748326773725
"csbol","csbol","DNK",-0.248198342790959
"csbol","csbol","FNP",-0.248198342790959
"csbol","csbol","GRC",-0.25
"csbol","csbol","HRV",-0.25
"csbol","csbol","IRL",-0.249224406325382
"csbol","csbol","ISL",-0.248198342790959
"csbol","csbol","ITP",-0.249887384043702
"csbol","csbol","NOR",-0.248198342790959
"csbol","csbol","OBN",-0.25
"csbol","csbol","POL",-0.249012146924933
"csbol","csbol","PRT",-0.249496519140819
"csbol","csbol","ROU",-0.24869997926997
"csbol","csbol","SPP",-0.249496519140819
"csbol","csbol","SVN",-0.25
"csbol","csbol","SWE",-0.248198342790959
"csbol","csbol","UKP",-0.249224406325382
"csbol","csbol","USA",-0.224555719823914
"csbol","csfol","ALB",0.015
"csbol","csfol","AUT",0.015
"csbol","csfol","BGR",0.015
"csbol","csfol","BLR",0.015
"csbol","csfol","BLT",0.015
"csbol","csfol","CHP",0.015
"csbol","csfol","CYP",0.015
"csbol","csfol","CZE",0.015
"csbol","csfol","DNK",0.015
"csbol","csfol","GRC",0.015
"csbol","csfol","HRV",0.015
"csbol","csfol","HUN",0.015
"csbol","csfol","ITP",0.015
"csbol","csfol","OBN",0.015
"csbol","csfol","PRT",0.015
"csbol","csfol","ROU",0.015
"csbol","csfol","SPP",0.015
"csbol","csfol","SVK",0.015
"csbol","csfol","SVN",0.015
"csbol","csfol","UKP",0.015
"csbol","cplol","CRB",0.015
"csbol","cplol","CRI",0.015
"csbol","cplol","DOM",0.015
"csbol","cplol","ECU",0.015
"csbol","cplol","FJI",0.015
"csbol","cplol","GTM",0.015
"csbol","cplol","HND",0.015
"csbol","cplol","HTI",0.015
"csbol","cplol","IDN",0.015
"csbol","cplol","JAM",0.015
"csbol","cplol","KOR",0.015
"csbol","cplol","MYS",0.015
"csbol","cplol","NIC",0.015
"csbol","cplol","OIO",0.015
"csbol","cplol","OPO",0.015
"csbol","cplol","PAK",0.015
"csbol","cplol","PAN",0.015
"csbol","cplol","SLB",0.015
"csbol","cplol","SLV",0.015
"csbol","ctool","CHM",0.015
"csbol","ctool","IND",0.015
"csbol","ctool","PAK",0.015
"csfol","crpol","AUT",0.015
"csfol","crpol","BGR",0.015
"csfol","crpol","BLR",0.015
"csfol","crpol","BLT",0.015
"csfol","crpol","CAN",0.015
"csfol","crpol","CHP",0.015
"csfol","crpol","CZE",0.015
"csfol","crpol","DEU",0.015
"csfol","crpol","DNK",0.015
"csfol","crpol","FNP",0.015
"csfol","crpol","FRP",0.015
"csfol","crpol","GRC",0.015
"csfol","crpol","HUN",0.015
"csfol","crpol","IRL",0.015
"csfol","crpol","ISL",0.015
"csfol","crpol","ITP",0.015
"csfol","crpol","MDA",0.015
"csfol","crpol","NOR",0.015
"csfol","crpol","OBN",0.015
"csfol","crpol","POL",0.015
"csfol","crpol","PRT",0.015
"csfol","crpol","ROU",0.015
"csfol","crpol","SPP",0.015
"csfol","crpol","SVK",0.015
"csfol","crpol","SVN",0.015
"csfol","crpol","SWE",0.015
"csfol","crpol","UKP",0.015
"csfol","csbol","AUT",0.015
"csfol","csbol","BGR",0.015
"csfol","csbol","BLR",0.015
"csfol","csbol","BRA",0.015
"csfol","csbol","CYP",0.015
"csfol","csbol","CZE",0.015
"csfol","csbol","DEU",0.015
"csfol","csbol","DNK",0.015
"csfol","csbol","FNP",0.015
"csfol","csbol","GRC",0.015
"csfol","csbol","HRV",0.015
"csfol","csbol","IRL",0.015
"csfol","csbol","ISL",0.015
"csfol","csbol","ITP",0.015
"csfol","csbol","NOR",0.015
"csfol","csbol","OBN",0.015
"csfol","csbol","POL",0.015
"csfol","csbol","PRT",0.015
"csfol","csbol","ROU",0.015
"csfol","csbol","SPP",0.015
"csfol","csbol","SVN",0.015
"csfol","csbol","SWE",0.015
"csfol","csbol","UKP",0.015
"csfol","csbol","USA",0.015
"csfol","csfol","ALB",-0.25
"csfol","csfol","AUT",-0.248202879819376
"csfol","csfol","BGR",-0.24869997926997
"csfol","csfol","BLR",-0.298255508659971
"csfol","csfol","BLT",-0.298255508659971
"csfol","csfol","CHP",-0.248202879819376
"csfol","csfol","CYP",-0.334247606214262
"csfol","csfol","CZE",-0.24869997926997
"csfol","csfol","DNK",-0.248198342790959
"csfol","csfol","GRC",-0.25
"csfol","csfol","HRV",-0.25
"csfol","csfol","HUN",-0.24869997926997
"csfol","csfol","ITP",-0.249887384043702
"csfol","csfol","OBN",-0.25
"csfol","csfol","PRT",-0.249496519140819
"csfol","csfol","ROU",-0.24869997926997
"csfol","csfol","SPP",-0.249496519140819
"csfol","csfol","SVK",-0.24869997926997
"csfol","csfol","SVN",-0.25
"csfol","csfol","UKP",-0.249224406325382
"csfol","cplol","CRB",0.015
"csfol","cplol","CRI",0.015
"csfol","cplol","DOM",0.015
"csfol","cplol","ECU",0.015
"csfol","cplol","FJI",0.015
"csfol","cplol","GTM",0.015
"csfol","cplol","HND",0.015
"csfol","cplol","HTI",0.015
"csfol","cplol","IDN",0.015
"csfol","cplol","JAM",0.015
"csfol","cplol","KOR",0.015
"csfol","cplol","MYS",0.015
"csfol","cplol","NIC",0.015
"csfol","cplol","OIO",0.015
"csfol","cplol","OPO",0.015
"csfol","cplol","PAK",0.015
"csfol","cplol","PAN",0.015
"csfol","cplol","SLB",0.015
"csfol","cplol","SLV",0.015
"csfol","ctool","CHM",0.015
"csfol","ctool","IND",0.015
"csfol","ctool","PAK",0.015
"cplol","crpol","AUT",0.015
"cplol","crpol","BGR",0.015
"cplol","crpol","BLR",0.015
"cplol","crpol","BLT",0.015
"cplol","crpol","CAN",0.015
"cplol","crpol","CHP",0.015
"cplol","crpol","CZE",0.015
"cplol","crpol","DEU",0.015
"cplol","crpol","DNK",0.015
"cplol","crpol","FNP",0.015
"cplol","crpol","FRP",0.015
"cplol","crpol","GRC",0.015
"cplol","crpol","HUN",0.015
"cplol","crpol","IRL",0.015
"cplol","crpol","ISL",0.015
"cplol","crpol","ITP",0.015
"cplol","crpol","MDA",0.015
"cplol","crpol","NOR",0.015
"cplol","crpol","OBN",0.015
"cplol","crpol","POL",0.015
"cplol","crpol","PRT",0.015
"cplol","crpol","ROU",0.015
"cplol","crpol","SPP",0.015
"cplol","crpol","SVK",0.015
"cplol","crpol","SVN",0.015
"cplol","crpol","SWE",0.015
"cplol","crpol","UKP",0.015
"cplol","csbol","AUT",0.015
"cplol","csbol","BGR",0.015
"cplol","csbol","BLR",0.015
"cplol","csbol","BRA",0.015
"cplol","csbol","CYP",0.015
"cplol","csbol","CZE",0.015
"cplol","csbol","DEU",0.015
"cplol","csbol","DNK",0.015
"cplol","csbol","FNP",0.015
"cplol","csbol","GRC",0.015
"cplol","csbol","HRV",0.015
"cplol","csbol","IRL",0.015
"cplol","csbol","ISL",0.015
"cplol","csbol","ITP",0.015
"cplol","csbol","NOR",0.015
"cplol","csbol","OBN",0.015
"cplol","csbol","POL",0.015
"cplol","csbol","PRT",0.015
"cplol","csbol","ROU",0.015
"cplol","csbol","SPP",0.015
"cplol","csbol","SVN",0.015
"cplol","csbol","SWE",0.015
"cplol","csbol","UKP",0.015
"cplol","csbol","USA",0.015
"cplol","csfol","ALB",0.015
"cplol","csfol","AUT",0.015
"cplol","csfol","BGR",0.015
"cplol","csfol","BLR",0.015
"cplol","csfol","BLT",0.015
"cplol","csfol","CHP",0.015
"cplol","csfol","CYP",0.015
"cplol","csfol","CZE",0.015
"cplol","csfol","DNK",0.015
"cplol","csfol","GRC",0.015
"cplol","csfol","HRV",0.015
"cplol","csfol","HUN",0.015
"cplol","csfol","ITP",0.015
"cplol","csfol","OBN",0.015
"cplol","csfol","PRT",0.015
"cplol","csfol","ROU",0.015
"cplol","csfol","SPP",0.015
"cplol","csfol","SVK",0.015
"cplol","csfol","SVN",0.015
"cplol","csfol","UKP",0.015
"cplol","cplol","CRB",-0.239281471851499
"cplol","cplol","CRI",-0.198623966066733
"cplol","cplol","DOM",-0.198623966066733
"cplol","cplol","ECU",-0.198944255195366
"cplol","cplol","FJI",-0.239281471851499
"cplol","cplol","GTM",-0.198623966066733
"cplol","cplol","HND",-0.198623966066733
"cplol","cplol","HTI",-0.198623966066733
"cplol","cplol","IDN",-0.23449808500335
"cplol","cplol","JAM",-0.239281471851499
"cplol","cplol","KOR",-0.163990094892031
"cplol","cplol","MYS",-0.127118851631502
"cplol","cplol","NIC",-0.198623966066733
"cplol","cplol","OIO",-0.239281471851499
"cplol","cplol","OPO",-0.239281471851499
"cplol","cplol","PAK",-0.147266749518364
"cplol","cplol","PAN",-0.198623966066733
"cplol","cplol","SLB",-0.239281471851499
"cplol","cplol","SLV",-0.198623966066733
"cplol","ctool","CHM",0.015
"cplol","ctool","IND",0.015
"cplol","ctool","PAK",0.015
"cpkol","crpol","AUT",0.015
"cpkol","crpol","BGR",0.015
"cpkol","crpol","BLR",0.015
"cpkol","crpol","BLT",0.015
"cpkol","crpol","CAN",0.015
"cpkol","crpol","CHP",0.015
"cpkol","crpol","CZE",0.015
"cpkol","crpol","DEU",0.015
"cpkol","crpol","DNK",0.015
"cpkol","crpol","FNP",0.015
"cpkol","crpol","FRP",0.015
"cpkol","crpol","GRC",0.015
"cpkol","crpol","HUN",0.015
"cpkol","crpol","IRL",0.015
"cpkol","crpol","ISL",0.015
"cpkol","crpol","ITP",0.015
"cpkol","crpol","MDA",0.015
"cpkol","crpol","NOR",0.015
"cpkol","crpol","OBN",0.015
"cpkol","crpol","POL",0.015
"cpkol","crpol","PRT",0.015
"cpkol","crpol","ROU",0.015
"cpkol","crpol","SPP",0.015
"cpkol","crpol","SVK",0.015
"cpkol","crpol","SVN",0.015
"cpkol","crpol","SWE",0.015
"cpkol","crpol","UKP",0.015
"cpkol","csbol","AUT",0.015
"cpkol","csbol","BGR",0.015
"cpkol","csbol","BLR",0.015
"cpkol","csbol","BRA",0.015
"cpkol","csbol","CYP",0.015
"cpkol","csbol","CZE",0.015
"cpkol","csbol","DEU",0.015
"cpkol","csbol","DNK",0.015
"cpkol","csbol","FNP",0.015
"cpkol","csbol","GRC",0.015
"cpkol","csbol","HRV",0.015
"cpkol","csbol","IRL",0.015
"cpkol","csbol","ISL",0.015
"cpkol","csbol","ITP",0.015
"cpkol","csbol","NOR",0.015
"cpkol","csbol","OBN",0.015
"cpkol","csbol","POL",0.015
"cpkol","csbol","PRT",0.015
"cpkol","csbol","ROU",0.015
"cpkol","csbol","SPP",0.015
"cpkol","csbol","SVN",0.015
"cpkol","csbol","SWE",0.015
"cpkol","csbol","UKP",0.015
"cpkol","csbol","USA",0.015
"cpkol","csfol","ALB",0.015
"cpkol","csfol","AUT",0.015
"cpkol","csfol","BGR",0.015
"cpkol","csfol","BLR",0.015
"cpkol","csfol","BLT",0.015
"cpkol","csfol","CHP",0.015
"cpkol","csfol","CYP",0.015
"cpkol","csfol","CZE",0.015
"cpkol","csfol","DNK",0.015
"cpkol","csfol","GRC",0.015
"cpkol","csfol","HRV",0.015
"cpkol","csfol","HUN",0.015
"cpkol","csfol","ITP",0.015
"cpkol","csfol","OBN",0.015
"cpkol","csfol","PRT",0.015
"cpkol","csfol","ROU",0.015
"cpkol","csfol","SPP",0.015
"cpkol","csfol","SVK",0.015
"cpkol","csfol","SVN",0.015
"cpkol","csfol","UKP",0.015
"cpkol","cplol","CRB",0.015
"cpkol","cplol","CRI",0.015
"cpkol","cplol","DOM",0.015
"cpkol","cplol","ECU",0.015
"cpkol","cplol","FJI",0.015
"cpkol","cplol","GTM",0.015
"cpkol","cplol","HND",0.015
"cpkol","cplol","HTI",0.015
"cpkol","cplol","IDN",0.015
"cpkol","cplol","JAM",0.015
"cpkol","cplol","KOR",0.015
"cpkol","cplol","MYS",0.015
"cpkol","cplol","NIC",0.015
"cpkol","cplol","OIO",0.015
"cpkol","cplol","OPO",0.015
"cpkol","cplol","PAK",0.015
"cpkol","cplol","PAN",0.015
"cpkol","cplol","SLB",0.015
"cpkol","cplol","SLV",0.015
"cpkol","ctool","CHM",0.015
"cpkol","ctool","IND",0.015
"cpkol","ctool","PAK",0.015
"ctool","crpol","AUT",0.015
"ctool","crpol","BGR",0.015
"ctool","crpol","BLR",0.015
"ctool","crpol","BLT",0.015
"ctool","crpol","CAN",0.015
"ctool","crpol","CHP",0.015
"ctool","crpol","CZE",0.015
"ctool","crpol","DEU",0.015
"ctool","crpol","DNK",0.015
"ctool","crpol","FNP",0.015
"ctool","crpol","FRP",0.015
"ctool","crpol","GRC",0.015
"ctool","crpol","HUN",0.015
"ctool","crpol","IRL",0.015
"ctool","crpol","ISL",0.015
"ctool","crpol","ITP",0.015
"ctool","crpol","MDA",0.015
"ctool","crpol","NOR",0.015
"ctool","crpol","OBN",0.015
"ctool","crpol","POL",0.015
"ctool","crpol","PRT",0.015
"ctool","crpol","ROU",0.015
"ctool","crpol","SPP",0.015
"ctool","crpol","SVK",0.015
"ctool","crpol","SVN",0.015
"ctool","crpol","SWE",0.015
"ctool","crpol","UKP",0.015
"ctool","csbol","AUT",0.015
"ctool","csbol","BGR",0.015
"ctool","csbol","BLR",0.015
"ctool","csbol","BRA",0.015
"ctool","csbol","CYP",0.015
"ctool","csbol","CZE",0.015
"ctool","csbol","DEU",0.015
"ctool","csbol","DNK",0.015
"ctool","csbol","FNP",0.015
"ctool","csbol","GRC",0.015
"ctool","csbol","HRV",0.015
"ctool","csbol","IRL",0.015
"ctool","csbol","ISL",0.015
"ctool","csbol","ITP",0.015
"ctool","csbol","NOR",0.015
"ctool","csbol","OBN",0.015
"ctool","csbol","POL",0.015
"ctool","csbol","PRT",0.015
"ctool","csbol","ROU",0.015
"ctool","csbol","SPP",0.015
"ctool","csbol","SVN",0.015
"ctool","csbol","SWE",0.015
"ctool","csbol","UKP",0.015
"ctool","csbol","USA",0.015
"ctool","csfol","ALB",0.015
"ctool","csfol","AUT",0.015
"ctool","csfol","BGR",0.015
"ctool","csfol","BLR",0.015
"ctool","csfol","BLT",0.015
"ctool","csfol","CHP",0.015
"ctool","csfol","CYP",0.015
"ctool","csfol","CZE",0.015
"ctool","csfol","DNK",0.015
"ctool","csfol","GRC",0.015
"ctool","csfol","HRV",0.015
"ctool","csfol","HUN",0.015
"ctool","csfol","ITP",0.015
"ctool","csfol","OBN",0.015
"ctool","csfol","PRT",0.015
"ctool","csfol","ROU",0.015
"ctool","csfol","SPP",0.015
"ctool","csfol","SVK",0.015
"ctool","csfol","SVN",0.015
"ctool","csfol","UKP",0.015
"ctool","cplol","CRB",0.015
"ctool","cplol","CRI",0.015
"ctool","cplol","DOM",0.015
"ctool","cplol","ECU",0.015
"ctool","cplol","FJI",0.015
"ctool","cplol","GTM",0.015
"ctool","cplol","HND",0.015
"ctool","cplol","HTI",0.015
"ctool","cplol","IDN",0.015
"ctool","cplol","JAM",0.015
"ctool","cplol","KOR",0.015
"ctool","cplol","MYS",0.015
"ctool","cplol","NIC",0.015
"ctool","cplol","OIO",0.015
"ctool","cplol","OPO",0.015
"ctool","cplol","PAK",0.015
"ctool","cplol","PAN",0.015
"ctool","cplol","SLB",0.015
"ctool","cplol","SLV",0.015
"ctool","ctool","CHM",-0.413229874387891
"ctool","ctool","IND",-0.318524394553117
"ctool","ctool","PAK",-0.294533499036728
