"set_name","description","element"
"JJJ","Master set of activities (j) including Oilmeals to read QSSS","jbeef"
"JJJ","Master set of activities (j) including Oilmeals to read QSSS","jpork"
"JJJ","Master set of activities (j) including Oilmeals to read QSSS","jlamb"
"JJJ","Master set of activities (j) including Oilmeals to read QSSS","jpoul"
"JJJ","Master set of activities (j) including Oilmeals to read QSSS","jeggs"
"JJJ","Master set of activities (j) including Oilmeals to read QSSS","jmilk"
"JJJ","Master set of activities (j) including Oilmeals to read QSSS","jbarl"
"JJJ","Master set of activities (j) including Oilmeals to read QSSS","jmaiz"
"JJJ","Master set of activities (j) including Oilmeals to read QSSS","jmill"
"JJJ","Master set of activities (j) including Oilmeals to read QSSS","jrice"
"JJJ","Master set of activities (j) including Oilmeals to read QSSS","jrice2"
"JJJ","Master set of activities (j) including Oilmeals to read QSSS","jrice3"
"JJJ","Master set of activities (j) including Oilmeals to read QSSS","jsorg"
"JJJ","Master set of activities (j) including Oilmeals to read QSSS","jwhea"
"JJJ","Master set of activities (j) including Oilmeals to read QSSS","jocer"
"JJJ","Master set of activities (j) including Oilmeals to read QSSS","jcass"
"JJJ","Master set of activities (j) including Oilmeals to read QSSS","jpota"
"JJJ","Master set of activities (j) including Oilmeals to read QSSS","jswpt"
"JJJ","Master set of activities (j) including Oilmeals to read QSSS","jyams"
"JJJ","Master set of activities (j) including Oilmeals to read QSSS","jorat"
"JJJ","Master set of activities (j) including Oilmeals to read QSSS","jbean"
"JJJ","Master set of activities (j) including Oilmeals to read QSSS","jchkp"
"JJJ","Master set of activities (j) including Oilmeals to read QSSS","jcowp"
"JJJ","Master set of activities (j) including Oilmeals to read QSSS","jlent"
"JJJ","Master set of activities (j) including Oilmeals to read QSSS","jpigp"
"JJJ","Master set of activities (j) including Oilmeals to read QSSS","jopul"
"JJJ","Master set of activities (j) including Oilmeals to read QSSS","jbana"
"JJJ","Master set of activities (j) including Oilmeals to read QSSS","jplnt"
"JJJ","Master set of activities (j) including Oilmeals to read QSSS","jsubf"
"JJJ","Master set of activities (j) including Oilmeals to read QSSS","jtemf"
"JJJ","Master set of activities (j) including Oilmeals to read QSSS","jvege"
"JJJ","Master set of activities (j) including Oilmeals to read QSSS","jsugc"
"JJJ","Master set of activities (j) including Oilmeals to read QSSS","jsugb"
"JJJ","Master set of activities (j) including Oilmeals to read QSSS","jsugr"
"JJJ","Master set of activities (j) including Oilmeals to read QSSS","jsugrc"
"JJJ","Master set of activities (j) including Oilmeals to read QSSS","jsugrb"
"JJJ","Master set of activities (j) including Oilmeals to read QSSS","jgrnd"
"JJJ","Master set of activities (j) including Oilmeals to read QSSS","jgdnt"
"JJJ","Master set of activities (j) including Oilmeals to read QSSS","jgdol"
"JJJ","Master set of activities (j) including Oilmeals to read QSSS","jgdml"
"JJJ","Master set of activities (j) including Oilmeals to read QSSS","jrpsd"
"JJJ","Master set of activities (j) including Oilmeals to read QSSS","jrpnt"
"JJJ","Master set of activities (j) including Oilmeals to read QSSS","jrpol"
"JJJ","Master set of activities (j) including Oilmeals to read QSSS","jrpml"
"JJJ","Master set of activities (j) including Oilmeals to read QSSS","jsoyb"
"JJJ","Master set of activities (j) including Oilmeals to read QSSS","jsbnt"
"JJJ","Master set of activities (j) including Oilmeals to read QSSS","jsbol"
"JJJ","Master set of activities (j) including Oilmeals to read QSSS","jsbml"
"JJJ","Master set of activities (j) including Oilmeals to read QSSS","jsnfl"
"JJJ","Master set of activities (j) including Oilmeals to read QSSS","jsfnt"
"JJJ","Master set of activities (j) including Oilmeals to read QSSS","jsfol"
"JJJ","Master set of activities (j) including Oilmeals to read QSSS","jsfml"
"JJJ","Master set of activities (j) including Oilmeals to read QSSS","jpalm"
"JJJ","Master set of activities (j) including Oilmeals to read QSSS","jplol"
"JJJ","Master set of activities (j) including Oilmeals to read QSSS","jpkrl"
"JJJ","Master set of activities (j) including Oilmeals to read QSSS","jpkol"
"JJJ","Master set of activities (j) including Oilmeals to read QSSS","jpkml"
"JJJ","Master set of activities (j) including Oilmeals to read QSSS","jtols"
"JJJ","Master set of activities (j) including Oilmeals to read QSSS","jtont"
"JJJ","Master set of activities (j) including Oilmeals to read QSSS","jtool"
"JJJ","Master set of activities (j) including Oilmeals to read QSSS","jtoml"
"JJJ","Master set of activities (j) including Oilmeals to read QSSS","jgdoln"
"JJJ","Master set of activities (j) including Oilmeals to read QSSS","jrpoln"
"JJJ","Master set of activities (j) including Oilmeals to read QSSS","jsboln"
"JJJ","Master set of activities (j) including Oilmeals to read QSSS","jsfoln"
"JJJ","Master set of activities (j) including Oilmeals to read QSSS","jtooln"
"JJJ","Master set of activities (j) including Oilmeals to read QSSS","jgdolt"
"JJJ","Master set of activities (j) including Oilmeals to read QSSS","jrpolt"
"JJJ","Master set of activities (j) including Oilmeals to read QSSS","jsbolt"
"JJJ","Master set of activities (j) including Oilmeals to read QSSS","jsfolt"
"JJJ","Master set of activities (j) including Oilmeals to read QSSS","jtoolt"
"JJJ","Master set of activities (j) including Oilmeals to read QSSS","jcoco"
"JJJ","Master set of activities (j) including Oilmeals to read QSSS","jcafe"
"JJJ","Master set of activities (j) including Oilmeals to read QSSS","jcott"
"JJJ","Master set of activities (j) including Oilmeals to read QSSS","jteas"
"JJJ","Master set of activities (j) including Oilmeals to read QSSS","jothr"
"JJJ","Master set of activities (j) including Oilmeals to read QSSS","jfodr"
"JJJ","Master set of activities (j) including Oilmeals to read QSSS","jpstr"
"JJJ","Master set of activities (j) including Oilmeals to read QSSS","Shrimp"
"JJJ","Master set of activities (j) including Oilmeals to read QSSS","Crust"
"JJJ","Master set of activities (j) including Oilmeals to read QSSS","Mllscs"
"JJJ","Master set of activities (j) including Oilmeals to read QSSS","Salmon"
"JJJ","Master set of activities (j) including Oilmeals to read QSSS","ODmrsl"
"JJJ","Master set of activities (j) including Oilmeals to read QSSS","Tuna"
"JJJ","Master set of activities (j) including Oilmeals to read QSSS","Cobswf"
"JJJ","Master set of activities (j) including Oilmeals to read QSSS","Eelstg"
"JJJ","Master set of activities (j) including Oilmeals to read QSSS","Tilapia"
"JJJ","Master set of activities (j) including Oilmeals to read QSSS","Pangas"
"JJJ","Master set of activities (j) including Oilmeals to read QSSS","Carp"
"JJJ","Master set of activities (j) including Oilmeals to read QSSS","Mullet"
"JJJ","Master set of activities (j) including Oilmeals to read QSSS","OFrshD"
"JJJ","Master set of activities (j) including Oilmeals to read QSSS","OCarp"
"JJJ","Master set of activities (j) including Oilmeals to read QSSS","OPelag"
"JJJ","Master set of activities (j) including Oilmeals to read QSSS","OMarn"
"CTY","Set of all regions","AFG"
"CTY","Set of all regions","AGO"
"CTY","Set of all regions","ALB"
"CTY","Set of all regions","ARG"
"CTY","Set of all regions","ARM"
"CTY","Set of all regions","AUS"
"CTY","Set of all regions","AUT"
"CTY","Set of all regions","AZE"
"CTY","Set of all regions","BDI"
"CTY","Set of all regions","BEN"
"CTY","Set of all regions","BFA"
"CTY","Set of all regions","BGD"
"CTY","Set of all regions","BGR"
"CTY","Set of all regions","BLR"
"CTY","Set of all regions","BLT"
"CTY","Set of all regions","BLX"
"CTY","Set of all regions","BLZ"
"CTY","Set of all regions","BOL"
"CTY","Set of all regions","BRA"
"CTY","Set of all regions","BTN"
"CTY","Set of all regions","BWA"
"CTY","Set of all regions","CAF"
"CTY","Set of all regions","CAN"
"CTY","Set of all regions","CHL"
"CTY","Set of all regions","CHM"
"CTY","Set of all regions","CHP"
"CTY","Set of all regions","CIV"
"CTY","Set of all regions","CMR"
"CTY","Set of all regions","COD"
"CTY","Set of all regions","COG"
"CTY","Set of all regions","COL"
"CTY","Set of all regions","CRB"
"CTY","Set of all regions","CRI"
"CTY","Set of all regions","CUB"
"CTY","Set of all regions","CYP"
"CTY","Set of all regions","CZE"
"CTY","Set of all regions","DEU"
"CTY","Set of all regions","DJI"
"CTY","Set of all regions","DNK"
"CTY","Set of all regions","DOM"
"CTY","Set of all regions","DZA"
"CTY","Set of all regions","ECU"
"CTY","Set of all regions","EGY"
"CTY","Set of all regions","ERI"
"CTY","Set of all regions","ETH"
"CTY","Set of all regions","FJI"
"CTY","Set of all regions","FNP"
"CTY","Set of all regions","FRP"
"CTY","Set of all regions","GAB"
"CTY","Set of all regions","GEO"
"CTY","Set of all regions","GHA"
"CTY","Set of all regions","GIN"
"CTY","Set of all regions","GMB"
"CTY","Set of all regions","GNB"
"CTY","Set of all regions","GNQ"
"CTY","Set of all regions","GRC"
"CTY","Set of all regions","GRL"
"CTY","Set of all regions","GSA"
"CTY","Set of all regions","GTM"
"CTY","Set of all regions","HND"
"CTY","Set of all regions","HRV"
"CTY","Set of all regions","HTI"
"CTY","Set of all regions","HUN"
"CTY","Set of all regions","IDN"
"CTY","Set of all regions","IND"
"CTY","Set of all regions","IRL"
"CTY","Set of all regions","IRN"
"CTY","Set of all regions","IRQ"
"CTY","Set of all regions","ISL"
"CTY","Set of all regions","ISR"
"CTY","Set of all regions","ITP"
"CTY","Set of all regions","JAM"
"CTY","Set of all regions","JOR"
"CTY","Set of all regions","JPN"
"CTY","Set of all regions","KAZ"
"CTY","Set of all regions","KEN"
"CTY","Set of all regions","KGZ"
"CTY","Set of all regions","KHM"
"CTY","Set of all regions","KOR"
"CTY","Set of all regions","LAO"
"CTY","Set of all regions","LBN"
"CTY","Set of all regions","LBR"
"CTY","Set of all regions","LBY"
"CTY","Set of all regions","LKA"
"CTY","Set of all regions","LSO"
"CTY","Set of all regions","MDA"
"CTY","Set of all regions","MDG"
"CTY","Set of all regions","MEX"
"CTY","Set of all regions","MLI"
"CTY","Set of all regions","MMR"
"CTY","Set of all regions","MNG"
"CTY","Set of all regions","MOR"
"CTY","Set of all regions","MOZ"
"CTY","Set of all regions","MRT"
"CTY","Set of all regions","MWI"
"CTY","Set of all regions","MYS"
"CTY","Set of all regions","NAM"
"CTY","Set of all regions","NER"
"CTY","Set of all regions","NGA"
"CTY","Set of all regions","NIC"
"CTY","Set of all regions","NLD"
"CTY","Set of all regions","NOR"
"CTY","Set of all regions","NPL"
"CTY","Set of all regions","NZL"
"CTY","Set of all regions","OAO"
"CTY","Set of all regions","OBN"
"CTY","Set of all regions","OIO"
"CTY","Set of all regions","OPO"
"CTY","Set of all regions","OSA"
"CTY","Set of all regions","PAK"
"CTY","Set of all regions","PAN"
"CTY","Set of all regions","PER"
"CTY","Set of all regions","PHL"
"CTY","Set of all regions","PNG"
"CTY","Set of all regions","POL"
"CTY","Set of all regions","PRK"
"CTY","Set of all regions","PRT"
"CTY","Set of all regions","PRY"
"CTY","Set of all regions","PSE"
"CTY","Set of all regions","RAP"
"CTY","Set of all regions","ROU"
"CTY","Set of all regions","RUS"
"CTY","Set of all regions","RWA"
"CTY","Set of all regions","SAU"
"CTY","Set of all regions","SDN"
"CTY","Set of all regions","SEN"
"CTY","Set of all regions","SLB"
"CTY","Set of all regions","SLE"
"CTY","Set of all regions","SLV"
"CTY","Set of all regions","SOM"
"CTY","Set of all regions","SPP"
"CTY","Set of all regions","SSD"
"CTY","Set of all regions","SVK"
"CTY","Set of all regions","SVN"
"CTY","Set of all regions","SWE"
"CTY","Set of all regions","SWZ"
"CTY","Set of all regions","SYR"
"CTY","Set of all regions","TCD"
"CTY","Set of all regions","TGO"
"CTY","Set of all regions","THA"
"CTY","Set of all regions","TJK"
"CTY","Set of all regions","TKM"
"CTY","Set of all regions","TLS"
"CTY","Set of all regions","TUN"
"CTY","Set of all regions","TUR"
"CTY","Set of all regions","TZA"
"CTY","Set of all regions","UGA"
"CTY","Set of all regions","UKP"
"CTY","Set of all regions","UKR"
"CTY","Set of all regions","URY"
"CTY","Set of all regions","USA"
"CTY","Set of all regions","UZB"
"CTY","Set of all regions","VEN"
"CTY","Set of all regions","VNM"
"CTY","Set of all regions","VUT"
"CTY","Set of all regions","YEM"
"CTY","Set of all regions","ZAF"
"CTY","Set of all regions","ZMB"
"CTY","Set of all regions","ZWE"
"RIQ","Read in quantity set for reading entropy balance results","QS"
"RIQ","Read in quantity set for reading entropy balance results","QD"
"RIQ","Read in quantity set for reading entropy balance results","QF"
"RIQ","Read in quantity set for reading entropy balance results","QW"
"RIQ","Read in quantity set for reading entropy balance results","QOth"
"RIQ","Read in quantity set for reading entropy balance results","QL"
"RIQ","Read in quantity set for reading entropy balance results","QC"
"RIQ","Read in quantity set for reading entropy balance results","QSD"
"RIQ","Read in quantity set for reading entropy balance results","QM"
"RIQ","Read in quantity set for reading entropy balance results","QE"
"RIQ","Read in quantity set for reading entropy balance results","QN"
"RIQ","Read in quantity set for reading entropy balance results","QST"
"RIQ","Read in quantity set for reading entropy balance results","ARA"
"RIQ","Read in quantity set for reading entropy balance results","YLD"
"AC","Master set of all activities and commodities","jbeef"
"AC","Master set of all activities and commodities","jpork"
"AC","Master set of all activities and commodities","jlamb"
"AC","Master set of all activities and commodities","jpoul"
"AC","Master set of all activities and commodities","jeggs"
"AC","Master set of all activities and commodities","jmilk"
"AC","Master set of all activities and commodities","jbarl"
"AC","Master set of all activities and commodities","jmaiz"
"AC","Master set of all activities and commodities","jmill"
"AC","Master set of all activities and commodities","jrice"
"AC","Master set of all activities and commodities","jrice2"
"AC","Master set of all activities and commodities","jrice3"
"AC","Master set of all activities and commodities","jsorg"
"AC","Master set of all activities and commodities","jwhea"
"AC","Master set of all activities and commodities","jocer"
"AC","Master set of all activities and commodities","jcass"
"AC","Master set of all activities and commodities","jpota"
"AC","Master set of all activities and commodities","jswpt"
"AC","Master set of all activities and commodities","jyams"
"AC","Master set of all activities and commodities","jorat"
"AC","Master set of all activities and commodities","jbean"
"AC","Master set of all activities and commodities","jchkp"
"AC","Master set of all activities and commodities","jcowp"
"AC","Master set of all activities and commodities","jlent"
"AC","Master set of all activities and commodities","jpigp"
"AC","Master set of all activities and commodities","jopul"
"AC","Master set of all activities and commodities","jbana"
"AC","Master set of all activities and commodities","jplnt"
"AC","Master set of all activities and commodities","jsubf"
"AC","Master set of all activities and commodities","jtemf"
"AC","Master set of all activities and commodities","jvege"
"AC","Master set of all activities and commodities","jsugc"
"AC","Master set of all activities and commodities","jsugb"
"AC","Master set of all activities and commodities","jsugr"
"AC","Master set of all activities and commodities","jsugrc"
"AC","Master set of all activities and commodities","jsugrb"
"AC","Master set of all activities and commodities","jgrnd"
"AC","Master set of all activities and commodities","jgdnt"
"AC","Master set of all activities and commodities","jgdol"
"AC","Master set of all activities and commodities","jgdml"
"AC","Master set of all activities and commodities","jrpsd"
"AC","Master set of all activities and commodities","jrpnt"
"AC","Master set of all activities and commodities","jrpol"
"AC","Master set of all activities and commodities","jrpml"
"AC","Master set of all activities and commodities","jsoyb"
"AC","Master set of all activities and commodities","jsbnt"
"AC","Master set of all activities and commodities","jsbol"
"AC","Master set of all activities and commodities","jsbml"
"AC","Master set of all activities and commodities","jsnfl"
"AC","Master set of all activities and commodities","jsfnt"
"AC","Master set of all activities and commodities","jsfol"
"AC","Master set of all activities and commodities","jsfml"
"AC","Master set of all activities and commodities","jpalm"
"AC","Master set of all activities and commodities","jplol"
"AC","Master set of all activities and commodities","jpkrl"
"AC","Master set of all activities and commodities","jpkol"
"AC","Master set of all activities and commodities","jpkml"
"AC","Master set of all activities and commodities","jtols"
"AC","Master set of all activities and commodities","jtont"
"AC","Master set of all activities and commodities","jtool"
"AC","Master set of all activities and commodities","jtoml"
"AC","Master set of all activities and commodities","jgdoln"
"AC","Master set of all activities and commodities","jrpoln"
"AC","Master set of all activities and commodities","jsboln"
"AC","Master set of all activities and commodities","jsfoln"
"AC","Master set of all activities and commodities","jtooln"
"AC","Master set of all activities and commodities","jgdolt"
"AC","Master set of all activities and commodities","jrpolt"
"AC","Master set of all activities and commodities","jsbolt"
"AC","Master set of all activities and commodities","jsfolt"
"AC","Master set of all activities and commodities","jtoolt"
"AC","Master set of all activities and commodities","jcoco"
"AC","Master set of all activities and commodities","jcafe"
"AC","Master set of all activities and commodities","jcott"
"AC","Master set of all activities and commodities","jteas"
"AC","Master set of all activities and commodities","jothr"
"AC","Master set of all activities and commodities","jfodr"
"AC","Master set of all activities and commodities","jpstr"
"AC","Master set of all activities and commodities","cbeef"
"AC","Master set of all activities and commodities","cpork"
"AC","Master set of all activities and commodities","clamb"
"AC","Master set of all activities and commodities","cpoul"
"AC","Master set of all activities and commodities","ceggs"
"AC","Master set of all activities and commodities","cmilk"
"AC","Master set of all activities and commodities","cbarl"
"AC","Master set of all activities and commodities","cmaiz"
"AC","Master set of all activities and commodities","cmill"
"AC","Master set of all activities and commodities","crice"
"AC","Master set of all activities and commodities","csorg"
"AC","Master set of all activities and commodities","cwhea"
"AC","Master set of all activities and commodities","cocer"
"AC","Master set of all activities and commodities","ccass"
"AC","Master set of all activities and commodities","cpota"
"AC","Master set of all activities and commodities","cswpt"
"AC","Master set of all activities and commodities","cyams"
"AC","Master set of all activities and commodities","corat"
"AC","Master set of all activities and commodities","cbean"
"AC","Master set of all activities and commodities","cchkp"
"AC","Master set of all activities and commodities","ccowp"
"AC","Master set of all activities and commodities","clent"
"AC","Master set of all activities and commodities","cpigp"
"AC","Master set of all activities and commodities","copul"
"AC","Master set of all activities and commodities","cbana"
"AC","Master set of all activities and commodities","cplnt"
"AC","Master set of all activities and commodities","csubf"
"AC","Master set of all activities and commodities","ctemf"
"AC","Master set of all activities and commodities","cvege"
"AC","Master set of all activities and commodities","csugc"
"AC","Master set of all activities and commodities","csugb"
"AC","Master set of all activities and commodities","csugr"
"AC","Master set of all activities and commodities","cgrnd"
"AC","Master set of all activities and commodities","cgdnt"
"AC","Master set of all activities and commodities","cgdol"
"AC","Master set of all activities and commodities","cgdml"
"AC","Master set of all activities and commodities","crpsd"
"AC","Master set of all activities and commodities","crpnt"
"AC","Master set of all activities and commodities","crpol"
"AC","Master set of all activities and commodities","crpml"
"AC","Master set of all activities and commodities","csoyb"
"AC","Master set of all activities and commodities","csbnt"
"AC","Master set of all activities and commodities","csbol"
"AC","Master set of all activities and commodities","csbml"
"AC","Master set of all activities and commodities","csnfl"
"AC","Master set of all activities and commodities","csfnt"
"AC","Master set of all activities and commodities","csfol"
"AC","Master set of all activities and commodities","csfml"
"AC","Master set of all activities and commodities","cpalm"
"AC","Master set of all activities and commodities","cplol"
"AC","Master set of all activities and commodities","cpkrl"
"AC","Master set of all activities and commodities","cpkol"
"AC","Master set of all activities and commodities","cpkml"
"AC","Master set of all activities and commodities","ctols"
"AC","Master set of all activities and commodities","ctont"
"AC","Master set of all activities and commodities","ctool"
"AC","Master set of all activities and commodities","ctoml"
"AC","Master set of all activities and commodities","ccoco"
"AC","Master set of all activities and commodities","ccafe"
"AC","Master set of all activities and commodities","ccott"
"AC","Master set of all activities and commodities","cteas"
"AC","Master set of all activities and commodities","cothr"
"AC","Master set of all activities and commodities","cfodr"
"AC","Master set of all activities and commodities","cgrss"
"AC","Master set of all activities and commodities","Shrimp"
"AC","Master set of all activities and commodities","Crust"
"AC","Master set of all activities and commodities","Mllscs"
"AC","Master set of all activities and commodities","Salmon"
"AC","Master set of all activities and commodities","ODmrsl"
"AC","Master set of all activities and commodities","Tuna"
"AC","Master set of all activities and commodities","Cobswf"
"AC","Master set of all activities and commodities","Eelstg"
"AC","Master set of all activities and commodities","Tilapia"
"AC","Master set of all activities and commodities","Pangas"
"AC","Master set of all activities and commodities","Carp"
"AC","Master set of all activities and commodities","Mullet"
"AC","Master set of all activities and commodities","OFrshD"
"AC","Master set of all activities and commodities","OCarp"
"AC","Master set of all activities and commodities","OPelag"
"AC","Master set of all activities and commodities","OMarn"
"AC","Master set of all activities and commodities","c-shrimp"
"AC","Master set of all activities and commodities","c-Crust"
"AC","Master set of all activities and commodities","c-Mllsc"
"AC","Master set of all activities and commodities","c-Salmon"
"AC","Master set of all activities and commodities","c-FrshD"
"AC","Master set of all activities and commodities","c-Tuna"
"AC","Master set of all activities and commodities","c-OPelag"
"AC","Master set of all activities and commodities","c-ODmrsl"
"AC","Master set of all activities and commodities","c-OMarn"
"J","Set of activities without Oilmeals","jbeef"
"J","Set of activities without Oilmeals","jpork"
"J","Set of activities without Oilmeals","jlamb"
"J","Set of activities without Oilmeals","jpoul"
"J","Set of activities without Oilmeals","jeggs"
"J","Set of activities without Oilmeals","jmilk"
"J","Set of activities without Oilmeals","jbarl"
"J","Set of activities without Oilmeals","jmaiz"
"J","Set of activities without Oilmeals","jmill"
"J","Set of activities without Oilmeals","jrice"
"J","Set of activities without Oilmeals","jrice2"
"J","Set of activities without Oilmeals","jrice3"
"J","Set of activities without Oilmeals","jsorg"
"J","Set of activities without Oilmeals","jwhea"
"J","Set of activities without Oilmeals","jocer"
"J","Set of activities without Oilmeals","jcass"
"J","Set of activities without Oilmeals","jpota"
"J","Set of activities without Oilmeals","jswpt"
"J","Set of activities without Oilmeals","jyams"
"J","Set of activities without Oilmeals","jorat"
"J","Set of activities without Oilmeals","jbean"
"J","Set of activities without Oilmeals","jchkp"
"J","Set of activities without Oilmeals","jcowp"
"J","Set of activities without Oilmeals","jlent"
"J","Set of activities without Oilmeals","jpigp"
"J","Set of activities without Oilmeals","jopul"
"J","Set of activities without Oilmeals","jbana"
"J","Set of activities without Oilmeals","jplnt"
"J","Set of activities without Oilmeals","jsubf"
"J","Set of activities without Oilmeals","jtemf"
"J","Set of activities without Oilmeals","jvege"
"J","Set of activities without Oilmeals","jsugc"
"J","Set of activities without Oilmeals","jsugb"
"J","Set of activities without Oilmeals","jsugr"
"J","Set of activities without Oilmeals","jsugrc"
"J","Set of activities without Oilmeals","jsugrb"
"J","Set of activities without Oilmeals","jgrnd"
"J","Set of activities without Oilmeals","jgdnt"
"J","Set of activities without Oilmeals","jgdol"
"J","Set of activities without Oilmeals","jrpsd"
"J","Set of activities without Oilmeals","jrpnt"
"J","Set of activities without Oilmeals","jrpol"
"J","Set of activities without Oilmeals","jsoyb"
"J","Set of activities without Oilmeals","jsbnt"
"J","Set of activities without Oilmeals","jsbol"
"J","Set of activities without Oilmeals","jsnfl"
"J","Set of activities without Oilmeals","jsfnt"
"J","Set of activities without Oilmeals","jsfol"
"J","Set of activities without Oilmeals","jpalm"
"J","Set of activities without Oilmeals","jplol"
"J","Set of activities without Oilmeals","jpkol"
"J","Set of activities without Oilmeals","jtols"
"J","Set of activities without Oilmeals","jtont"
"J","Set of activities without Oilmeals","jtool"
"J","Set of activities without Oilmeals","jgdoln"
"J","Set of activities without Oilmeals","jrpoln"
"J","Set of activities without Oilmeals","jsboln"
"J","Set of activities without Oilmeals","jsfoln"
"J","Set of activities without Oilmeals","jtooln"
"J","Set of activities without Oilmeals","jgdolt"
"J","Set of activities without Oilmeals","jrpolt"
"J","Set of activities without Oilmeals","jsbolt"
"J","Set of activities without Oilmeals","jsfolt"
"J","Set of activities without Oilmeals","jtoolt"
"J","Set of activities without Oilmeals","jcoco"
"J","Set of activities without Oilmeals","jcafe"
"J","Set of activities without Oilmeals","jcott"
"J","Set of activities without Oilmeals","jteas"
"J","Set of activities without Oilmeals","jothr"
"J","Set of activities without Oilmeals","jfodr"
"J","Set of activities without Oilmeals","jpstr"
"J","Set of activities without Oilmeals","Shrimp"
"J","Set of activities without Oilmeals","Crust"
"J","Set of activities without Oilmeals","Mllscs"
"J","Set of activities without Oilmeals","Salmon"
"J","Set of activities without Oilmeals","ODmrsl"
"J","Set of activities without Oilmeals","Tuna"
"J","Set of activities without Oilmeals","Cobswf"
"J","Set of activities without Oilmeals","Eelstg"
"J","Set of activities without Oilmeals","Tilapia"
"J","Set of activities without Oilmeals","Pangas"
"J","Set of activities without Oilmeals","Carp"
"J","Set of activities without Oilmeals","Mullet"
"J","Set of activities without Oilmeals","OFrshD"
"J","Set of activities without Oilmeals","OCarp"
"J","Set of activities without Oilmeals","OPelag"
"J","Set of activities without Oilmeals","OMarn"
"FPU","Set of all food production units","ALB_ALB"
"FPU","Set of all food production units","ALK_USA"
"FPU","Set of all food production units","AMA_BOL"
"FPU","Set of all food production units","AMA_BRA"
"FPU","Set of all food production units","AMA_COL"
"FPU","Set of all food production units","AMA_ECU"
"FPU","Set of all food production units","AMA_PER"
"FPU","Set of all food production units","AMD_AFG"
"FPU","Set of all food production units","AMD_TJK"
"FPU","Set of all food production units","AMD_TKM"
"FPU","Set of all food production units","AMD_UZB"
"FPU","Set of all food production units","AMR_CHM"
"FPU","Set of all food production units","AMR_RUS"
"FPU","Set of all food production units","ARA_IRQ"
"FPU","Set of all food production units","ARK_USA"
"FPU","Set of all food production units","ARM_ARM"
"FPU","Set of all food production units","AZE_AZE"
"FPU","Set of all food production units","BAL_BLT"
"FPU","Set of all food production units","BAL_RUS"
"FPU","Set of all food production units","BLA_RUS"
"FPU","Set of all food production units","BLA_TUR"
"FPU","Set of all food production units","BLA_UKR"
"FPU","Set of all food production units","BLZ_BLZ"
"FPU","Set of all food production units","BOR_IDN"
"FPU","Set of all food production units","BOR_MYS"
"FPU","Set of all food production units","BRT_BGD"
"FPU","Set of all food production units","BRT_BTN"
"FPU","Set of all food production units","BRT_CHM"
"FPU","Set of all food production units","BRT_IND"
"FPU","Set of all food production units","CAF_AGO"
"FPU","Set of all food production units","CAF_CAF"
"FPU","Set of all food production units","CAF_CMR"
"FPU","Set of all food production units","CAF_COG"
"FPU","Set of all food production units","CAF_GAB"
"FPU","Set of all food production units","CAF_GNQ"
"FPU","Set of all food production units","CAF_NAM"
"FPU","Set of all food production units","CAL_USA"
"FPU","Set of all food production units","CAN_CAN"
"FPU","Set of all food production units","CAU_AUS"
"FPU","Set of all food production units","CAV_IND"
"FPU","Set of all food production units","CHC_CHL"
"FPU","Set of all food production units","CHJ_CHM"
"FPU","Set of all food production units","CHO_IND"
"FPU","Set of all food production units","CHU_KAZ"
"FPU","Set of all food production units","CHU_KGZ"
"FPU","Set of all food production units","COB_CAN"
"FPU","Set of all food production units","COB_USA"
"FPU","Set of all food production units","COL_USA"
"FPU","Set of all food production units","CON_AGO"
"FPU","Set of all food production units","CON_CAF"
"FPU","Set of all food production units","CON_COD"
"FPU","Set of all food production units","CON_COG"
"FPU","Set of all food production units","CRB_CRB"
"FPU","Set of all food production units","CRI_CRI"
"FPU","Set of all food production units","CUB_CUB"
"FPU","Set of all food production units","DAN_AUT"
"FPU","Set of all food production units","DAN_BGR"
"FPU","Set of all food production units","DAN_CZE"
"FPU","Set of all food production units","DAN_DEU"
"FPU","Set of all food production units","DAN_HRV"
"FPU","Set of all food production units","DAN_HUN"
"FPU","Set of all food production units","DAN_MDA"
"FPU","Set of all food production units","DAN_OBN"
"FPU","Set of all food production units","DAN_ROU"
"FPU","Set of all food production units","DAN_SVK"
"FPU","Set of all food production units","DAN_SVN"
"FPU","Set of all food production units","DAN_TUR"
"FPU","Set of all food production units","DAN_UKR"
"FPU","Set of all food production units","DNI_BLR"
"FPU","Set of all food production units","DNI_RUS"
"FPU","Set of all food production units","DNI_UKR"
"FPU","Set of all food production units","DOM_DOM"
"FPU","Set of all food production units","EAC_BDI"
"FPU","Set of all food production units","EAC_COD"
"FPU","Set of all food production units","EAC_RWA"
"FPU","Set of all food production units","EAC_TZA"
"FPU","Set of all food production units","EAU_AUS"
"FPU","Set of all food production units","EGH_IND"
"FPU","Set of all food production units","ELB_DEU"
"FPU","Set of all food production units","ELB_DNK"
"FPU","Set of all food production units","EME_CYP"
"FPU","Set of all food production units","EME_EGY"
"FPU","Set of all food production units","EME_ISR"
"FPU","Set of all food production units","EME_JOR"
"FPU","Set of all food production units","EME_LBN"
"FPU","Set of all food production units","EME_PSE"
"FPU","Set of all food production units","EME_SYR"
"FPU","Set of all food production units","EME_TUR"
"FPU","Set of all food production units","FJI_FJI"
"FPU","Set of all food production units","FNP_FNP"
"FPU","Set of all food production units","GAN_BGD"
"FPU","Set of all food production units","GAN_CHM"
"FPU","Set of all food production units","GAN_IND"
"FPU","Set of all food production units","GAN_NPL"
"FPU","Set of all food production units","GBA_USA"
"FPU","Set of all food production units","GEO_GEO"
"FPU","Set of all food production units","GLA_CAN"
"FPU","Set of all food production units","GLA_USA"
"FPU","Set of all food production units","GOD_IND"
"FPU","Set of all food production units","GRC_GRC"
"FPU","Set of all food production units","GRL_GRL"
"FPU","Set of all food production units","GSA_GSA"
"FPU","Set of all food production units","GTM_GTM"
"FPU","Set of all food production units","HAI_CHM"
"FPU","Set of all food production units","HND_HND"
"FPU","Set of all food production units","HOA_ETH"
"FPU","Set of all food production units","HOA_KEN"
"FPU","Set of all food production units","HOA_SOM"
"FPU","Set of all food production units","HTI_HTI"
"FPU","Set of all food production units","HUA_CHM"
"FPU","Set of all food production units","HUN_CHM"
"FPU","Set of all food production units","HWI_USA"
"FPU","Set of all food production units","IEC_IND"
"FPU","Set of all food production units","IND_CHM"
"FPU","Set of all food production units","IND_IND"
"FPU","Set of all food production units","IND_PAK"
"FPU","Set of all food production units","INE_IDN"
"FPU","Set of all food production units","INW_IDN"
"FPU","Set of all food production units","IRL_IRL"
"FPU","Set of all food production units","ISL_ISL"
"FPU","Set of all food production units","ITA_ITP"
"FPU","Set of all food production units","JAM_JAM"
"FPU","Set of all food production units","JAP_JPN"
"FPU","Set of all food production units","KAL_BWA"
"FPU","Set of all food production units","KAL_NAM"
"FPU","Set of all food production units","KAL_ZAF"
"FPU","Set of all food production units","KRI_IND"
"FPU","Set of all food production units","LAJ_CHM"
"FPU","Set of all food production units","LBA_KAZ"
"FPU","Set of all food production units","LBO_FRP"
"FPU","Set of all food production units","LCB_CAF"
"FPU","Set of all food production units","LCB_CMR"
"FPU","Set of all food production units","LCB_NER"
"FPU","Set of all food production units","LCB_NGA"
"FPU","Set of all food production units","LCB_TCD"
"FPU","Set of all food production units","LIM_BWA"
"FPU","Set of all food production units","LIM_MOZ"
"FPU","Set of all food production units","LIM_ZAF"
"FPU","Set of all food production units","LIM_ZWE"
"FPU","Set of all food production units","LMO_CHM"
"FPU","Set of all food production units","LMO_MNG"
"FPU","Set of all food production units","LTZ_KAZ"
"FPU","Set of all food production units","LUN_IND"
"FPU","Set of all food production units","MAD_MDG"
"FPU","Set of all food production units","MAT_IND"
"FPU","Set of all food production units","MAU_AUS"
"FPU","Set of all food production units","MCK_CAN"
"FPU","Set of all food production units","MEK_KHM"
"FPU","Set of all food production units","MEK_LAO"
"FPU","Set of all food production units","MEK_MMR"
"FPU","Set of all food production units","MEK_THA"
"FPU","Set of all food production units","MEK_VNM"
"FPU","Set of all food production units","MHN_IND"
"FPU","Set of all food production units","MIM_MEX"
"FPU","Set of all food production units","MIS_USA"
"FPU","Set of all food production units","MOU_USA"
"FPU","Set of all food production units","NAC_DZA"
"FPU","Set of all food production units","NAC_EGY"
"FPU","Set of all food production units","NAC_LBY"
"FPU","Set of all food production units","NAC_TUN"
"FPU","Set of all food production units","NEB_BRA"
"FPU","Set of all food production units","NER_RUS"
"FPU","Set of all food production units","NIC_NIC"
"FPU","Set of all food production units","NIG_BEN"
"FPU","Set of all food production units","NIG_BFA"
"FPU","Set of all food production units","NIG_CIV"
"FPU","Set of all food production units","NIG_CMR"
"FPU","Set of all food production units","NIG_GIN"
"FPU","Set of all food production units","NIG_MLI"
"FPU","Set of all food production units","NIG_NER"
"FPU","Set of all food production units","NIG_NGA"
"FPU","Set of all food production units","NIG_TCD"
"FPU","Set of all food production units","NKP_PRK"
"FPU","Set of all food production units","NLL_DJI"
"FPU","Set of all food production units","NLL_EGY"
"FPU","Set of all food production units","NLL_ERI"
"FPU","Set of all food production units","NLL_ETH"
"FPU","Set of all food production units","NLL_SDN"
"FPU","Set of all food production units","NLL_SSD"
"FPU","Set of all food production units","NLL_UGA"
"FPU","Set of all food production units","NOR_NOR"
"FPU","Set of all food production units","NWA_MOR"
"FPU","Set of all food production units","NWA_MRT"
"FPU","Set of all food production units","NWS_COL"
"FPU","Set of all food production units","NWS_ECU"
"FPU","Set of all food production units","NZE_NZL"
"FPU","Set of all food production units","OAO_OAO"
"FPU","Set of all food production units","OBB_CHM"
"FPU","Set of all food production units","OBB_KAZ"
"FPU","Set of all food production units","OBB_RUS"
"FPU","Set of all food production units","ODE_DEU"
"FPU","Set of all food production units","ODE_POL"
"FPU","Set of all food production units","ODE_RUS"
"FPU","Set of all food production units","OHI_USA"
"FPU","Set of all food production units","OIO_OIO"
"FPU","Set of all food production units","OPO_OPO"
"FPU","Set of all food production units","ORA_LSO"
"FPU","Set of all food production units","ORA_NAM"
"FPU","Set of all food production units","ORA_ZAF"
"FPU","Set of all food production units","ORI_COL"
"FPU","Set of all food production units","ORI_VEN"
"FPU","Set of all food production units","PAN_PAN"
"FPU","Set of all food production units","PAO_PNG"
"FPU","Set of all food production units","PAR_ARG"
"FPU","Set of all food production units","PAR_BOL"
"FPU","Set of all food production units","PAR_BRA"
"FPU","Set of all food production units","PAR_PRY"
"FPU","Set of all food production units","PEC_PER"
"FPU","Set of all food production units","PHI_PHL"
"FPU","Set of all food production units","PRT_PRT"
"FPU","Set of all food production units","RAP_RAP"
"FPU","Set of all food production units","RHI_BLX"
"FPU","Set of all food production units","RHI_CHP"
"FPU","Set of all food production units","RHI_DEU"
"FPU","Set of all food production units","RHI_FRP"
"FPU","Set of all food production units","RHI_NLD"
"FPU","Set of all food production units","RHO_FRP"
"FPU","Set of all food production units","RIC_ARG"
"FPU","Set of all food production units","RIG_MEX"
"FPU","Set of all food production units","RIG_USA"
"FPU","Set of all food production units","RRS_RUS"
"FPU","Set of all food production units","RVE_VEN"
"FPU","Set of all food production units","RVN_VNM"
"FPU","Set of all food production units","RWI_CAN"
"FPU","Set of all food production units","RWI_USA"
"FPU","Set of all food production units","SAC_SWZ"
"FPU","Set of all food production units","SAC_ZAF"
"FPU","Set of all food production units","SAF_MOZ"
"FPU","Set of all food production units","SAF_TZA"
"FPU","Set of all food production units","SAF_ZWE"
"FPU","Set of all food production units","SAH_DZA"
"FPU","Set of all food production units","SAH_EGY"
"FPU","Set of all food production units","SAH_LBY"
"FPU","Set of all food production units","SAH_MLI"
"FPU","Set of all food production units","SAH_MOR"
"FPU","Set of all food production units","SAH_MRT"
"FPU","Set of all food production units","SAH_NER"
"FPU","Set of all food production units","SAH_SDN"
"FPU","Set of all food production units","SAH_TCD"
"FPU","Set of all food production units","SAL_ARG"
"FPU","Set of all food production units","SAN_BRA"
"FPU","Set of all food production units","SAU_SAU"
"FPU","Set of all food production units","SAY_IND"
"FPU","Set of all food production units","SEI_FRP"
"FPU","Set of all food production units","SEN_GIN"
"FPU","Set of all food production units","SEN_MLI"
"FPU","Set of all food production units","SEN_MRT"
"FPU","Set of all food production units","SEN_SEN"
"FPU","Set of all food production units","SEU_USA"
"FPU","Set of all food production units","SKP_KOR"
"FPU","Set of all food production units","SLB_SLB"
"FPU","Set of all food production units","SLV_SLV"
"FPU","Set of all food production units","SON_CHM"
"FPU","Set of all food production units","SPP_SPP"
"FPU","Set of all food production units","SRL_LKA"
"FPU","Set of all food production units","SWE_SWE"
"FPU","Set of all food production units","SYD_KAZ"
"FPU","Set of all food production units","SYD_KGZ"
"FPU","Set of all food production units","SYD_TJK"
"FPU","Set of all food production units","SYD_UZB"
"FPU","Set of all food production units","TIE_ARG"
"FPU","Set of all food production units","TIG_IRN"
"FPU","Set of all food production units","TIG_IRQ"
"FPU","Set of all food production units","TIG_SYR"
"FPU","Set of all food production units","TIG_TUR"
"FPU","Set of all food production units","TLS_TLS"
"FPU","Set of all food production units","TMM_BGD"
"FPU","Set of all food production units","TMM_MMR"
"FPU","Set of all food production units","TMM_MYS"
"FPU","Set of all food production units","TMM_OSA"
"FPU","Set of all food production units","TMM_THA"
"FPU","Set of all food production units","TOC_BRA"
"FPU","Set of all food production units","TWN_CHM"
"FPU","Set of all food production units","UKP_UKP"
"FPU","Set of all food production units","UME_MEX"
"FPU","Set of all food production units","UMO_MNG"
"FPU","Set of all food production units","UMO_RUS"
"FPU","Set of all food production units","URA_KAZ"
"FPU","Set of all food production units","URA_RUS"
"FPU","Set of all food production units","URA_TKM"
"FPU","Set of all food production units","URU_BRA"
"FPU","Set of all food production units","URU_URY"
"FPU","Set of all food production units","USN_USA"
"FPU","Set of all food production units","VOG_RUS"
"FPU","Set of all food production units","VOT_BEN"
"FPU","Set of all food production units","VOT_BFA"
"FPU","Set of all food production units","VOT_CIV"
"FPU","Set of all food production units","VOT_GHA"
"FPU","Set of all food production units","VOT_MLI"
"FPU","Set of all food production units","VOT_TGO"
"FPU","Set of all food production units","VUT_VUT"
"FPU","Set of all food production units","WAC_CIV"
"FPU","Set of all food production units","WAC_GIN"
"FPU","Set of all food production units","WAC_GMB"
"FPU","Set of all food production units","WAC_GNB"
"FPU","Set of all food production units","WAC_LBR"
"FPU","Set of all food production units","WAC_SEN"
"FPU","Set of all food production units","WAC_SLE"
"FPU","Set of all food production units","WAI_AFG"
"FPU","Set of all food production units","WAI_IRN"
"FPU","Set of all food production units","WAI_PAK"
"FPU","Set of all food production units","WAI_TKM"
"FPU","Set of all food production units","WAU_AUS"
"FPU","Set of all food production units","WGM_USA"
"FPU","Set of all food production units","YEM_YEM"
"FPU","Set of all food production units","YEN_RUS"
"FPU","Set of all food production units","YHE_CHM"
"FPU","Set of all food production units","YRD_CHM"
"FPU","Set of all food production units","YRD_VNM"
"FPU","Set of all food production units","YUC_MEX"
"FPU","Set of all food production units","ZAM_AGO"
"FPU","Set of all food production units","ZAM_BWA"
"FPU","Set of all food production units","ZAM_COD"
"FPU","Set of all food production units","ZAM_MOZ"
"FPU","Set of all food production units","ZAM_MWI"
"FPU","Set of all food production units","ZAM_NAM"
"FPU","Set of all food production units","ZAM_TZA"
"FPU","Set of all food production units","ZAM_ZMB"
"FPU","Set of all food production units","ZAM_ZWE"
"FPU","Set of all food production units","ZHJ_CHM"
"LND","Set of land production types","air"
"LND","Set of land production types","arf"
"LND","Set of land production types","gir"
"LND","Set of land production types","grf"
"RIQFPU","Read in quantity set for fpu production","QS"
"RIQFPU","Read in quantity set for fpu production","ARA"
"RIQFPU","Read in quantity set for fpu production","YLD"
"LVSYS","Set of livestock production systems","Urban"
"LVSYS","Set of livestock production systems","LGA"
"LVSYS","Set of livestock production systems","LGH"
"LVSYS","Set of livestock production systems","LGT"
"LVSYS","Set of livestock production systems","Mixed_arid"
"LVSYS","Set of livestock production systems","Mixed_humid"
"LVSYS","Set of livestock production systems","Mixed_temperate"
"LVSYS","Set of livestock production systems","Other"
"gcm","General Circulation Models","ar6_gfdl_esm4"
"gcm","General Circulation Models","ar6_ipsl_cm6a_lr"
"gcm","General Circulation Models","ar6_mpi_esm1_2_hr"
"gcm","General Circulation Models","ar6_mri_esm2_0"
"gcm","General Circulation Models","ar6_nocc"
"gcm","General Circulation Models","ar6_ukesm1_0"
"gcm","General Circulation Models","NoCC"
"gcm","General Circulation Models","gfdl_esm2m"
"gcm","General Circulation Models","hadgem2_es"
"gcm","General Circulation Models","ipsl_cm5a_lr"
"gcm","General Circulation Models","miroc_esm_chem"
"gcm","General Circulation Models","noresm1_m"
"rcp","Representative Concentration Pathways","ar6_nocc"
"rcp","Representative Concentration Pathways","NoCC"
"rcp","Representative Concentration Pathways","ar6_rcp2p6"
"rcp","Representative Concentration Pathways","ar6_rcp7p0"
"rcp","Representative Concentration Pathways","ar6_rcp8p5"
"rcp","Representative Concentration Pathways","rcp2p6"
"rcp","Representative Concentration Pathways","rcp4p5"
"rcp","Representative Concentration Pathways","rcp6p0"
"CropModel","Set of crop models","dssat_co2_379"
"CropModel","Set of crop models","dssat_co2_469"
"CropModel","Set of crop models","dssat_co2_541"
"CropModel","Set of crop models","dssat_co2_563"
"Technology","Set of production technologies","base"
"Technology","Set of production technologies","dtol"
"Technology","Set of production technologies","htol"
"Technology","Set of production technologies","dtht"
"Technology","Set of production technologies","hnap"
"Technology","Set of production technologies","hyld"
"Technology","Set of production technologies","dhty"
"Technology","Set of production technologies","c4ri"
"Technology","Set of production technologies","drip"
"Technology","Set of production technologies","drto"
"Technology","Set of production technologies","heto"
"Technology","Set of production technologies","isfm"
"Technology","Set of production technologies","noti"
"Technology","Set of production technologies","nuef"
"Technology","Set of production technologies","prag"
"Technology","Set of production technologies","sprk"
"Technology","Set of production technologies","waha"
"Technology","Set of production technologies","base2"
"Technology","Set of production technologies","bago"
"Technology","Set of production technologies","bace"
"Technology","Set of production technologies","tcba"
"Technology","Set of production technologies","awdr"
"Technology","Set of production technologies","urdp"
"Technology","Set of production technologies","best"
"C","Master set of all commodities","cbeef"
"C","Master set of all commodities","cpork"
"C","Master set of all commodities","clamb"
"C","Master set of all commodities","cpoul"
"C","Master set of all commodities","ceggs"
"C","Master set of all commodities","cmilk"
"C","Master set of all commodities","cbarl"
"C","Master set of all commodities","cmaiz"
"C","Master set of all commodities","cmill"
"C","Master set of all commodities","crice"
"C","Master set of all commodities","csorg"
"C","Master set of all commodities","cwhea"
"C","Master set of all commodities","cocer"
"C","Master set of all commodities","ccass"
"C","Master set of all commodities","cpota"
"C","Master set of all commodities","cswpt"
"C","Master set of all commodities","cyams"
"C","Master set of all commodities","corat"
"C","Master set of all commodities","cbean"
"C","Master set of all commodities","cchkp"
"C","Master set of all commodities","ccowp"
"C","Master set of all commodities","clent"
"C","Master set of all commodities","cpigp"
"C","Master set of all commodities","copul"
"C","Master set of all commodities","cbana"
"C","Master set of all commodities","cplnt"
"C","Master set of all commodities","csubf"
"C","Master set of all commodities","ctemf"
"C","Master set of all commodities","cvege"
"C","Master set of all commodities","csugc"
"C","Master set of all commodities","csugb"
"C","Master set of all commodities","csugr"
"C","Master set of all commodities","cgrnd"
"C","Master set of all commodities","cgdnt"
"C","Master set of all commodities","cgdol"
"C","Master set of all commodities","cgdml"
"C","Master set of all commodities","crpsd"
"C","Master set of all commodities","crpnt"
"C","Master set of all commodities","crpol"
"C","Master set of all commodities","crpml"
"C","Master set of all commodities","csoyb"
"C","Master set of all commodities","csbnt"
"C","Master set of all commodities","csbol"
"C","Master set of all commodities","csbml"
"C","Master set of all commodities","csnfl"
"C","Master set of all commodities","csfnt"
"C","Master set of all commodities","csfol"
"C","Master set of all commodities","csfml"
"C","Master set of all commodities","cpalm"
"C","Master set of all commodities","cplol"
"C","Master set of all commodities","cpkrl"
"C","Master set of all commodities","cpkol"
"C","Master set of all commodities","cpkml"
"C","Master set of all commodities","ctols"
"C","Master set of all commodities","ctont"
"C","Master set of all commodities","ctool"
"C","Master set of all commodities","ctoml"
"C","Master set of all commodities","ccoco"
"C","Master set of all commodities","ccafe"
"C","Master set of all commodities","ccott"
"C","Master set of all commodities","cteas"
"C","Master set of all commodities","cothr"
"C","Master set of all commodities","cfodr"
"C","Master set of all commodities","cgrss"
"C","Master set of all commodities","c-shrimp"
"C","Master set of all commodities","c-Crust"
"C","Master set of all commodities","c-Mllsc"
"C","Master set of all commodities","c-Salmon"
"C","Master set of all commodities","c-FrshD"
"C","Master set of all commodities","c-Tuna"
"C","Master set of all commodities","c-OPelag"
"C","Master set of all commodities","c-ODmrsl"
"C","Master set of all commodities","c-OMarn"
"CC","Master set of all commodities","cbeef"
"CC","Master set of all commodities","cpork"
"CC","Master set of all commodities","clamb"
"CC","Master set of all commodities","cpoul"
"CC","Master set of all commodities","ceggs"
"CC","Master set of all commodities","cmilk"
"CC","Master set of all commodities","cbarl"
"CC","Master set of all commodities","cmaiz"
"CC","Master set of all commodities","cmill"
"CC","Master set of all commodities","crice"
"CC","Master set of all commodities","csorg"
"CC","Master set of all commodities","cwhea"
"CC","Master set of all commodities","cocer"
"CC","Master set of all commodities","ccass"
"CC","Master set of all commodities","cpota"
"CC","Master set of all commodities","cswpt"
"CC","Master set of all commodities","cyams"
"CC","Master set of all commodities","corat"
"CC","Master set of all commodities","cbean"
"CC","Master set of all commodities","cchkp"
"CC","Master set of all commodities","ccowp"
"CC","Master set of all commodities","clent"
"CC","Master set of all commodities","cpigp"
"CC","Master set of all commodities","copul"
"CC","Master set of all commodities","cbana"
"CC","Master set of all commodities","cplnt"
"CC","Master set of all commodities","csubf"
"CC","Master set of all commodities","ctemf"
"CC","Master set of all commodities","cvege"
"CC","Master set of all commodities","csugc"
"CC","Master set of all commodities","csugb"
"CC","Master set of all commodities","csugr"
"CC","Master set of all commodities","cgrnd"
"CC","Master set of all commodities","cgdnt"
"CC","Master set of all commodities","cgdol"
"CC","Master set of all commodities","cgdml"
"CC","Master set of all commodities","crpsd"
"CC","Master set of all commodities","crpnt"
"CC","Master set of all commodities","crpol"
"CC","Master set of all commodities","crpml"
"CC","Master set of all commodities","csoyb"
"CC","Master set of all commodities","csbnt"
"CC","Master set of all commodities","csbol"
"CC","Master set of all commodities","csbml"
"CC","Master set of all commodities","csnfl"
"CC","Master set of all commodities","csfnt"
"CC","Master set of all commodities","csfol"
"CC","Master set of all commodities","csfml"
"CC","Master set of all commodities","cpalm"
"CC","Master set of all commodities","cplol"
"CC","Master set of all commodities","cpkrl"
"CC","Master set of all commodities","cpkol"
"CC","Master set of all commodities","cpkml"
"CC","Master set of all commodities","ctols"
"CC","Master set of all commodities","ctont"
"CC","Master set of all commodities","ctool"
"CC","Master set of all commodities","ctoml"
"CC","Master set of all commodities","ccoco"
"CC","Master set of all commodities","ccafe"
"CC","Master set of all commodities","ccott"
"CC","Master set of all commodities","cteas"
"CC","Master set of all commodities","cothr"
"CC","Master set of all commodities","cfodr"
"CC","Master set of all commodities","cgrss"
"CC","Master set of all commodities","c-shrimp"
"CC","Master set of all commodities","c-Crust"
"CC","Master set of all commodities","c-Mllsc"
"CC","Master set of all commodities","c-Salmon"
"CC","Master set of all commodities","c-FrshD"
"CC","Master set of all commodities","c-Tuna"
"CC","Master set of all commodities","c-OPelag"
"CC","Master set of all commodities","c-ODmrsl"
"CC","Master set of all commodities","c-OMarn"
"H","Set of household types","Urban"
"H","Set of household types","rural"
"YRS","Set of years defined by the start-end years","2000"
"YRS","Set of years defined by the start-end years","2001"
"YRS","Set of years defined by the start-end years","2002"
"YRS","Set of years defined by the start-end years","2003"
"YRS","Set of years defined by the start-end years","2004"
"YRS","Set of years defined by the start-end years","2005"
"YRS","Set of years defined by the start-end years","2006"
"YRS","Set of years defined by the start-end years","2007"
"YRS","Set of years defined by the start-end years","2008"
"YRS","Set of years defined by the start-end years","2009"
"YRS","Set of years defined by the start-end years","2010"
"YRS","Set of years defined by the start-end years","2011"
"YRS","Set of years defined by the start-end years","2012"
"YRS","Set of years defined by the start-end years","2013"
"YRS","Set of years defined by the start-end years","2014"
"YRS","Set of years defined by the start-end years","2015"
"YRS","Set of years defined by the start-end years","2016"
"YRS","Set of years defined by the start-end years","2017"
"YRS","Set of years defined by the start-end years","2018"
"YRS","Set of years defined by the start-end years","2019"
"YRS","Set of years defined by the start-end years","2020"
"YRS","Set of years defined by the start-end years","2021"
"YRS","Set of years defined by the start-end years","2022"
"YRS","Set of years defined by the start-end years","2023"
"YRS","Set of years defined by the start-end years","2024"
"YRS","Set of years defined by the start-end years","2025"
"YRS","Set of years defined by the start-end years","2026"
"YRS","Set of years defined by the start-end years","2027"
"YRS","Set of years defined by the start-end years","2028"
"YRS","Set of years defined by the start-end years","2029"
"YRS","Set of years defined by the start-end years","2030"
"YRS","Set of years defined by the start-end years","2031"
"YRS","Set of years defined by the start-end years","2032"
"YRS","Set of years defined by the start-end years","2033"
"YRS","Set of years defined by the start-end years","2034"
"YRS","Set of years defined by the start-end years","2035"
"YRS","Set of years defined by the start-end years","2036"
"YRS","Set of years defined by the start-end years","2037"
"YRS","Set of years defined by the start-end years","2038"
"YRS","Set of years defined by the start-end years","2039"
"YRS","Set of years defined by the start-end years","2040"
"YRS","Set of years defined by the start-end years","2041"
"YRS","Set of years defined by the start-end years","2042"
"YRS","Set of years defined by the start-end years","2043"
"YRS","Set of years defined by the start-end years","2044"
"YRS","Set of years defined by the start-end years","2045"
"YRS","Set of years defined by the start-end years","2046"
"YRS","Set of years defined by the start-end years","2047"
"YRS","Set of years defined by the start-end years","2048"
"YRS","Set of years defined by the start-end years","2049"
"YRS","Set of years defined by the start-end years","2050"
"YRS","Set of years defined by the start-end years","2051"
"YRS","Set of years defined by the start-end years","2052"
"YRS","Set of years defined by the start-end years","2053"
"YRS","Set of years defined by the start-end years","2054"
"YRS","Set of years defined by the start-end years","2055"
"YRS","Set of years defined by the start-end years","2056"
"YRS","Set of years defined by the start-end years","2057"
"YRS","Set of years defined by the start-end years","2058"
"YRS","Set of years defined by the start-end years","2059"
"YRS","Set of years defined by the start-end years","2060"
"YRS","Set of years defined by the start-end years","2061"
"YRS","Set of years defined by the start-end years","2062"
"YRS","Set of years defined by the start-end years","2063"
"YRS","Set of years defined by the start-end years","2064"
"YRS","Set of years defined by the start-end years","2065"
"YRS","Set of years defined by the start-end years","2066"
"YRS","Set of years defined by the start-end years","2067"
"YRS","Set of years defined by the start-end years","2068"
"YRS","Set of years defined by the start-end years","2069"
"YRS","Set of years defined by the start-end years","2070"
"YRS","Set of years defined by the start-end years","2071"
"YRS","Set of years defined by the start-end years","2072"
"YRS","Set of years defined by the start-end years","2073"
"YRS","Set of years defined by the start-end years","2074"
"YRS","Set of years defined by the start-end years","2075"
"YRS","Set of years defined by the start-end years","2076"
"YRS","Set of years defined by the start-end years","2077"
"YRS","Set of years defined by the start-end years","2078"
"YRS","Set of years defined by the start-end years","2079"
"YRS","Set of years defined by the start-end years","2080"
"YRS","Set of years defined by the start-end years","2081"
"YRS","Set of years defined by the start-end years","2082"
"YRS","Set of years defined by the start-end years","2083"
"YRS","Set of years defined by the start-end years","2084"
"YRS","Set of years defined by the start-end years","2085"
"YRS","Set of years defined by the start-end years","2086"
"YRS","Set of years defined by the start-end years","2087"
"YRS","Set of years defined by the start-end years","2088"
"YRS","Set of years defined by the start-end years","2089"
"YRS","Set of years defined by the start-end years","2090"
"YRS","Set of years defined by the start-end years","2091"
"YRS","Set of years defined by the start-end years","2092"
"YRS","Set of years defined by the start-end years","2093"
"YRS","Set of years defined by the start-end years","2094"
"YRS","Set of years defined by the start-end years","2095"
"YRS","Set of years defined by the start-end years","2096"
"YRS","Set of years defined by the start-end years","2097"
"YRS","Set of years defined by the start-end years","2098"
"YRS","Set of years defined by the start-end years","2099"
"YRS","Set of years defined by the start-end years","2100"
"JJ","Set of activities without Oilmeals","jbeef"
"JJ","Set of activities without Oilmeals","jpork"
"JJ","Set of activities without Oilmeals","jlamb"
"JJ","Set of activities without Oilmeals","jpoul"
"JJ","Set of activities without Oilmeals","jeggs"
"JJ","Set of activities without Oilmeals","jmilk"
"JJ","Set of activities without Oilmeals","jbarl"
"JJ","Set of activities without Oilmeals","jmaiz"
"JJ","Set of activities without Oilmeals","jmill"
"JJ","Set of activities without Oilmeals","jrice"
"JJ","Set of activities without Oilmeals","jrice2"
"JJ","Set of activities without Oilmeals","jrice3"
"JJ","Set of activities without Oilmeals","jsorg"
"JJ","Set of activities without Oilmeals","jwhea"
"JJ","Set of activities without Oilmeals","jocer"
"JJ","Set of activities without Oilmeals","jcass"
"JJ","Set of activities without Oilmeals","jpota"
"JJ","Set of activities without Oilmeals","jswpt"
"JJ","Set of activities without Oilmeals","jyams"
"JJ","Set of activities without Oilmeals","jorat"
"JJ","Set of activities without Oilmeals","jbean"
"JJ","Set of activities without Oilmeals","jchkp"
"JJ","Set of activities without Oilmeals","jcowp"
"JJ","Set of activities without Oilmeals","jlent"
"JJ","Set of activities without Oilmeals","jpigp"
"JJ","Set of activities without Oilmeals","jopul"
"JJ","Set of activities without Oilmeals","jbana"
"JJ","Set of activities without Oilmeals","jplnt"
"JJ","Set of activities without Oilmeals","jsubf"
"JJ","Set of activities without Oilmeals","jtemf"
"JJ","Set of activities without Oilmeals","jvege"
"JJ","Set of activities without Oilmeals","jsugc"
"JJ","Set of activities without Oilmeals","jsugb"
"JJ","Set of activities without Oilmeals","jsugr"
"JJ","Set of activities without Oilmeals","jsugrc"
"JJ","Set of activities without Oilmeals","jsugrb"
"JJ","Set of activities without Oilmeals","jgrnd"
"JJ","Set of activities without Oilmeals","jgdnt"
"JJ","Set of activities without Oilmeals","jgdol"
"JJ","Set of activities without Oilmeals","jrpsd"
"JJ","Set of activities without Oilmeals","jrpnt"
"JJ","Set of activities without Oilmeals","jrpol"
"JJ","Set of activities without Oilmeals","jsoyb"
"JJ","Set of activities without Oilmeals","jsbnt"
"JJ","Set of activities without Oilmeals","jsbol"
"JJ","Set of activities without Oilmeals","jsnfl"
"JJ","Set of activities without Oilmeals","jsfnt"
"JJ","Set of activities without Oilmeals","jsfol"
"JJ","Set of activities without Oilmeals","jpalm"
"JJ","Set of activities without Oilmeals","jplol"
"JJ","Set of activities without Oilmeals","jpkol"
"JJ","Set of activities without Oilmeals","jtols"
"JJ","Set of activities without Oilmeals","jtont"
"JJ","Set of activities without Oilmeals","jtool"
"JJ","Set of activities without Oilmeals","jgdoln"
"JJ","Set of activities without Oilmeals","jrpoln"
"JJ","Set of activities without Oilmeals","jsboln"
"JJ","Set of activities without Oilmeals","jsfoln"
"JJ","Set of activities without Oilmeals","jtooln"
"JJ","Set of activities without Oilmeals","jgdolt"
"JJ","Set of activities without Oilmeals","jrpolt"
"JJ","Set of activities without Oilmeals","jsbolt"
"JJ","Set of activities without Oilmeals","jsfolt"
"JJ","Set of activities without Oilmeals","jtoolt"
"JJ","Set of activities without Oilmeals","jcoco"
"JJ","Set of activities without Oilmeals","jcafe"
"JJ","Set of activities without Oilmeals","jcott"
"JJ","Set of activities without Oilmeals","jteas"
"JJ","Set of activities without Oilmeals","jothr"
"JJ","Set of activities without Oilmeals","jfodr"
"JJ","Set of activities without Oilmeals","jpstr"
"JJ","Set of activities without Oilmeals","Shrimp"
"JJ","Set of activities without Oilmeals","Crust"
"JJ","Set of activities without Oilmeals","Mllscs"
"JJ","Set of activities without Oilmeals","Salmon"
"JJ","Set of activities without Oilmeals","ODmrsl"
"JJ","Set of activities without Oilmeals","Tuna"
"JJ","Set of activities without Oilmeals","Cobswf"
"JJ","Set of activities without Oilmeals","Eelstg"
"JJ","Set of activities without Oilmeals","Tilapia"
"JJ","Set of activities without Oilmeals","Pangas"
"JJ","Set of activities without Oilmeals","Carp"
"JJ","Set of activities without Oilmeals","Mullet"
"JJ","Set of activities without Oilmeals","OFrshD"
"JJ","Set of activities without Oilmeals","OCarp"
"JJ","Set of activities without Oilmeals","OPelag"
"JJ","Set of activities without Oilmeals","OMarn"
"FCTR","Set of factors of production","air"
"FCTR","Set of factors of production","arf"
"FCTR","Set of factors of production","gir"
"FCTR","Set of factors of production","grf"
"FCTR","Set of factors of production","flbr"
"FCTR","Set of factors of production","fert"
"FCTR","Set of factors of production","Urban"
"FCTR","Set of factors of production","LGA"
"FCTR","Set of factors of production","LGH"
"FCTR","Set of factors of production","LGT"
"FCTR","Set of factors of production","Mixed_arid"
"FCTR","Set of factors of production","Mixed_humid"
"FCTR","Set of factors of production","Mixed_temperate"
"FCTR","Set of factors of production","Other"
"SSP","Subset of population projections","SSP1"
"SSP","Subset of population projections","SSP2"
"SSP","Subset of population projections","SSP3"
"SSP","Subset of population projections","SSP4"
"SSP","Subset of population projections","SSP5"
"YRPER","Subset for 5 year periods used for output aggregation","2000-2005"
"YRPER","Subset for 5 year periods used for output aggregation","2005-2010"
"YRPER","Subset for 5 year periods used for output aggregation","2010-2015"
"YRPER","Subset for 5 year periods used for output aggregation","2015-2020"
"YRPER","Subset for 5 year periods used for output aggregation","2020-2025"
"YRPER","Subset for 5 year periods used for output aggregation","2025-2030"
"YRPER","Subset for 5 year periods used for output aggregation","2030-2035"
"YRPER","Subset for 5 year periods used for output aggregation","2035-2040"
"YRPER","Subset for 5 year periods used for output aggregation","2040-2045"
"YRPER","Subset for 5 year periods used for output aggregation","2045-2050"
"MOD","Read in set of models used for generating SSP projections","OECD"
"MOD","Read in set of models used for generating SSP projections","IIASA"
"PROJ","Read in set of SSP projections","SSP1"
"PROJ","Read in set of SSP projections","SSP2"
"PROJ","Read in set of SSP projections","SSP3"
"PROJ","Read in set of SSP projections","SSP4"
"PROJ","Read in set of SSP projections","SSP5"
"SCENARIO","","OECD_ssp1"
"SCENARIO","","OECD_ssp2"
"SCENARIO","","OECD_ssp3"
"SCENARIO","","OECD_ssp4"
"SCENARIO","","OECD_ssp5"
"SCENARIO","","IIASA_ssp1"
"SCENARIO","","IIASA_ssp2"
"SCENARIO","","IIASA_ssp3"
"SCENARIO","","IIASA_ssp4"
"SCENARIO","","IIASA_ssp5"
"SCENARIO","","I2base"
"SCENARIO","","I2pess"
"SCENARIO","","I2opt"
"SCENARIO","","I2SSP2"
"SCENARIO","","I2SSP3"
